0.476E-14           0.790E+01           0.101E+11           26.00               56.00               0.000               0.0
0.491E-14           0.815E+01           0.101E+12           26.00               56.00               0.000               0.0    
0.699E-14           0.116E+02           0.121E+13           26.00               56.00               0.000               0.0    
0.990E-14           0.164E+02           0.140E+14           26.00               56.00               0.000               0.0    
0.272E-13           0.451E+02           0.170E+15           26.00               56.00               0.000               0.0    
0.127E-12           0.212E+03           0.582E+16           26.00               56.00               0.000               0.0    
0.693E-12           0.115E+04           0.190E+18           26.00               56.00               0.000               0.0    
0.630E-11           0.104E+05           0.974E+19           26.00               56.00               0.000               0.0    
0.158E-10           0.262E+05           0.497E+20           26.00               56.00               0.000               0.0    
0.397E-10           0.659E+05           0.243E+21           26.00               56.00               0.000               0.0    
0.998E-10           0.165E+06           0.115E+22           26.00               56.00               0.000               0.0    
0.251E-09           0.416E+06           0.527E+22           26.00               56.00               0.000               0.0    
0.629E-09           0.104E+07           0.232E+23           26.00               56.00               0.000               0.0    
0.158E-08           0.262E+07           0.975E+23           26.00               56.00               0.000               0.0    
0.397E-08           0.659E+07           0.391E+24           26.00               56.00               0.000               0.0    
0.500E-08           0.829E+07           0.526E+24           28.00               62.00               0.000               0.0    
0.998E-08           0.166E+08           0.144E+25           28.00               62.00               0.000               0.0    
0.199E-07           0.330E+08           0.383E+25           28.00               62.00               0.000               0.0    
0.397E-07           0.659E+08           0.101E+26           28.00               62.00               0.000               0.0    
0.792E-07           0.132E+09           0.260E+26           28.00               62.00               0.000               0.0
1e-07               165537701.4         3.351891939e+25     26.477097           61.73707            0.0                 0.0
1.017383303e-07     168415943.9         3.43061682e+25      26.49055856         61.78155627         0.0                 0.0
1.035068785e-07     171344206.0         3.511412606e+25     26.4923447          61.79668            0.0                 0.0
1.0530617e-07       174323419.1         3.594126128e+25     26.49386878         61.81117729         0.0                 0.0
1.07136739e-07      177354539.0         3.678572488e+25     26.50738902         61.85590952         0.0                 0.0
1.089991294e-07     180438286.9         3.765232255e+25     26.50332088         61.85628            0.0                 0.0
1.108938943e-07     183575671.0         3.853719885e+25     26.51063128         61.88536367         0.0                 0.0
1.128215965e-07     186767539.4         3.944288079e+25     26.51850443         61.91589            0.0                 0.0
1.147828085e-07     190014735.1         4.037236572e+25     26.51426249         61.91589            0.0                 0.0
1.167781129e-07     193318648.0         4.131895987e+25     26.52737852         61.95962979         0.0                 0.0
1.188081022e-07     196680091.0         4.228837353e+25     26.52852342         61.97549            0.0                 0.0
1.208733794e-07     200099948.3         4.328069808e+25     26.52875925         61.98926127         0.0                 0.0
1.22974558e-07      203579089.4         4.42957054e+25      26.5422314          62.03398588         0.0                 0.0
1.25112262e-07      207118839.8         4.533737923e+25     26.53844081         62.0351             0.0                 0.0
1.272871264e-07     210720071.1         4.640107972e+25     26.5454255          62.06344432         0.0                 0.0
1.294997971e-07     214383919.7         4.748832708e+25     26.55885917         62.10810284         0.0                 0.0
1.317509313e-07     218111573.9         4.860109974e+25     26.57230056         62.15281494         0.0                 0.0
1.340411977e-07     221904063.2         4.973960282e+25     26.56728005         62.1543             0.0                 0.0
1.363712764e-07     225762522.0         5.090435742e+25     26.57357315         62.18228235         0.0                 0.0
1.387418597e-07     229688030.7         5.209702475e+25     26.58162006         62.21391            0.0                 0.0
1.411536514e-07     233681655.2         5.33196636e+25      26.57664556         62.21391            0.0                 0.0
1.436073681e-07     237744916.2         5.456492414e+25     26.58854805         62.25654348         0.0                 0.0
1.461037385e-07     241878821.5         5.584365708e+25     26.59073007         62.27351            0.0                 0.0
1.486435041e-07     246084600.8         5.715265324e+25     26.59106854         62.28618712         0.0                 0.0
1.512274192e-07     250363518.8         5.848548603e+25     26.60303601         62.33089359         0.0                 0.0
1.538562512e-07     254716747.5         5.985720506e+25     26.59959202         62.33312            0.0                 0.0
1.565307811e-07     259145707.3         6.125574656e+25     26.60521635         62.36036394         0.0                 0.0
1.592518031e-07     263651703.5         6.268451239e+25     26.61754464         62.40503216         0.0                 0.0
1.620201254e-07     268236043.6         6.414977711e+25     26.63090745         62.44973235         0.0                 0.0
1.648365704e-07     272900120.1         6.564900463e+25     26.62633729         62.45233            0.0                 0.0
1.677019744e-07     277645268.1         6.718281364e+25     26.63210237         62.47920719         0.0                 0.0
1.706171887e-07     282472940.0         6.875255964e+25     26.64034482         62.51193            0.0                 0.0
1.73583079e-07      287384652.4         7.035982981e+25     26.63463153         62.51193            0.0                 0.0
1.766005263e-07     292381812.5         7.200182975e+25     26.64663796         62.55346506         0.0                 0.0
1.796704267e-07     297465789.4         7.367918306e+25     26.65907748         62.59805118         0.0                 0.0
1.827936922e-07     302638125.3         7.539551365e+25     26.66639363         62.63114            0.0                 0.0
1.859712503e-07     307900434.0         7.71567847e+25      26.66067438         62.63114            0.0                 0.0
1.892040449e-07     313254237.9         7.895614287e+25     26.67249729         62.67230579         0.0                 0.0
1.924930362e-07     318701175.9         8.079860009e+25     26.67463641         62.69075            0.0                 0.0
1.95839201e-07      324242859.3         8.268316265e+25     26.67332321         62.7019661          0.0                 0.0
1.992435332e-07     329880909.1         8.46056673e+25      26.6851657          62.74664061         0.0                 0.0
2.027070439e-07     335616969.1         8.65739698e+25      26.69760253         62.79114058         0.0                 0.0
2.062307619e-07     341452802.5         8.859336182e+25     26.69998787         62.80995            0.0                 0.0
2.098157337e-07     347390144.3         9.066088662e+25     26.69905784         62.82080407         0.0                 0.0
2.134630242e-07     353430745.3         9.276739618e+25     26.71086997         62.865479           0.0                 0.0
2.171737166e-07     359576251.3         9.492108399e+25     26.72262751         62.90998168         0.0                 0.0
2.209489131e-07     365828734.9         9.713023706e+25     26.72442335         62.92916            0.0                 0.0
2.247897351e-07     372189999.7         9.939295528e+25     26.72278891         62.93964962         0.0                 0.0
2.286973231e-07     378661737.1         1.0170081e+26       26.73456705         62.98431783         0.0                 0.0
2.32672838e-07      385246173.7         1.040604539e+26     26.7462926          63.0288232          0.0                 0.0
2.367174605e-07     391945083.3         1.06480743e+26      26.74821262         63.04837            0.0                 0.0
2.408323918e-07     398760457.2         1.089598486e+26     26.74642035         63.05849516         0.0                 0.0
2.450188543e-07     405694380.2         1.114882711e+26     26.75816846         63.10315746         0.0                 0.0
2.492780913e-07     412748910.1         1.140734625e+26     26.76985838         63.14766529         0.0                 0.0
2.536113679e-07     419926012.5         1.16724962e+26      26.7718996          63.16758            0.0                 0.0
2.580199711e-07     427227876.1         1.194410399e+26     26.76994847         63.17734081         0.0                 0.0
2.625052105e-07     434656870.6         1.222109748e+26     26.78166274         63.22199693         0.0                 0.0
2.670684181e-07     442215012.0         1.250431408e+26     26.79332118         63.26650651         0.0                 0.0
2.717109494e-07     449904650.3         1.279478644e+26     26.79548871         63.28679            0.0                 0.0
2.764341831e-07     457728044.0         1.309235247e+26     26.79338188         63.29618654         0.0                 0.0
2.812395223e-07     465687389.8         1.339579337e+26     26.80505629         63.34083633         0.0                 0.0
2.861283942e-07     473785201.4         1.370563162e+26     26.8160526          63.38534798         0.0                 0.0
2.911022508e-07     482023829.0         1.402332526e+26     26.81761931         63.406              0.0                 0.0
2.961625694e-07     490405724.0         1.43488889e+26      26.81477409         63.41503276         0.0                 0.0
3.013108531e-07     498933414.7         1.468125652e+26     26.82641377         63.45967573         0.0                 0.0
3.06548631e-07      507609470.2         1.502111893e+26     26.83800673         63.50419017         0.0                 0.0
3.118774587e-07     516436305.7         1.536833438e+26     26.84884769         63.54879034         0.0                 0.0
3.172989191e-07     525416562.9         1.5723616e+26       26.8559209          63.58481            0.0                 0.0
3.228146224e-07     534553076.1         1.608907944e+26     26.85012207         63.58481            0.0                 0.0
3.284262068e-07     543848636.1         1.64610414e+26      26.8586059          63.62302818         0.0                 0.0
3.341353391e-07     553305765.8         1.68413875e+26      26.86945566         63.6676341          0.0                 0.0
3.399437149e-07     562927277.3         1.72307183e+26      26.88045077         63.71232414         0.0                 0.0
3.458530595e-07     572716213.8         1.762939676e+26     26.89201011         63.75695475         0.0                 0.0
3.518651281e-07     582675356.7         1.80373793e+26      26.88757294         63.76363            0.0                 0.0
3.579817062e-07     592807682.7         1.845477133e+26     26.88993472         63.7864779          0.0                 0.0
3.642046107e-07     603116223.7         1.888149917e+26     26.90122798         63.83117023         0.0                 0.0
3.705356899e-07     613604104.1         1.931676598e+26     26.91129904         63.87579494         0.0                 0.0
3.76976824e-07      624274351.0         1.976244904e+26     26.92194223         63.92031554         0.0                 0.0
3.835299264e-07     635130218.1         2.021955796e+26     26.92397993         63.94244            0.0                 0.0
3.901969434e-07     646174897.1         2.068782049e+26     26.92022347         63.95001676         0.0                 0.0
3.969798551e-07     657411439.1         2.116449347e+26     26.93025476         63.99463439         0.0                 0.0
4.038806762e-07     668843530.3         2.165191777e+26     26.9402456          64.03915724         0.0                 0.0
4.109014564e-07     680474514.1         2.215147256e+26     26.95097103         64.08376971         0.0                 0.0
4.180442809e-07     692307802.7         2.26632248e+26      26.96221136         64.12847135         0.0                 0.0
4.253112714e-07     704346768.4         2.318517295e+26     26.97219046         64.17307569         0.0                 0.0
4.327045861e-07     716595160.8         2.372067649e+26     26.96790634         64.18086            0.0                 0.0
4.40226421e-07      729056596.9         2.426797269e+26     26.96901178         64.20261033         0.0                 0.0
4.478790103e-07     741734764.5         2.482687469e+26     26.97898566         64.24730874         0.0                 0.0
4.556646269e-07     754633383.1         2.539837537e+26     26.98892215         64.29191407         0.0                 0.0
4.635855832e-07     767756476.9         2.598432927e+26     27.00002839         64.33644153         0.0                 0.0
4.716442319e-07     781107740.1         2.658336396e+26     27.01071044         64.3810581          0.0                 0.0
4.798429665e-07     794691096.8         2.719533361e+26     27.02063599         64.42576388         0.0                 0.0
4.881842222e-07     808510699.5         2.782106703e+26     27.03052545         64.47035552         0.0                 0.0
4.966704765e-07     822570772.2         2.846305595e+26     27.02648386         64.47888            0.0                 0.0
5.053042499e-07     836875309.4         2.911926297e+26     27.02724797         64.4999022          0.0                 0.0
5.140881068e-07     851428542.4         2.978933227e+26     27.03713815         64.54461013         0.0                 0.0
5.230246561e-07     866235041.8         3.047444753e+26     27.04698129         64.58919526         0.0                 0.0
5.321165522e-07     881299016.9         3.117330887e+26     27.05562666         64.63373152         0.0                 0.0
5.413664955e-07     896624994.4         3.188897092e+26     27.06466639         64.67835279         0.0                 0.0
5.507772334e-07     912217551.5         3.262248384e+26     27.07450479         64.72305746         0.0                 0.0
5.603515609e-07     928081345.9         3.337245047e+26     27.08429947         64.76764401         0.0                 0.0
5.700923219e-07     944221060.4         3.41394333e+26      27.09407265         64.81217796         0.0                 0.0
5.800024095e-07     960641370.7         3.492422607e+26     27.10385614         64.8568006          0.0                 0.0
5.900847672e-07     977347164.6         3.572693686e+26     27.11346994         64.90151284         0.0                 0.0
6.003423895e-07     994343802.2         3.654529468e+26     27.12173458         64.94608551         0.0                 0.0
6.107783232e-07     1.011635897e+09     3.738696741e+26     27.11772795         64.95572            0.0                 0.0
6.213956679e-07     1.029228744e+09     3.824801577e+26     27.11797131         64.97564159         0.0                 0.0
6.321975771e-07     1.047127638e+09     3.912683136e+26     27.12755004         65.02035051         0.0                 0.0
6.431872592e-07     1.06533791e+09      4.002269632e+26     27.1357731          65.06492419         0.0                 0.0
6.543679782e-07     1.083864791e+09     4.094119129e+26     27.1451246          65.1094625          0.0                 0.0
6.657430551e-07     1.102713905e+09     4.188033152e+26     27.1541656          65.15408931         0.0                 0.0
6.773158684e-07     1.121890896e+09     4.283983141e+26     27.16253261         65.19880592         0.0                 0.0
6.890898554e-07     1.14140138e+09      4.382350138e+26     27.17218402         65.24336584         0.0                 0.0
7.010685132e-07     1.161251249e+09     4.482710735e+26     27.18067865         65.28791034         0.0                 0.0
7.132553996e-07     1.181446402e+09     4.585461056e+26     27.18946976         65.33254032         0.0                 0.0
7.256541344e-07     1.201992837e+09     4.690751173e+26     27.19897025         65.3772532          0.0                 0.0
7.382684001e-07     1.222896614e+09     4.798072569e+26     27.20708114         65.4218145          0.0                 0.0
7.511019434e-07     1.244163887e+09     4.907833655e+26     27.21517321         65.46635709         0.0                 0.0
7.641585761e-07     1.265801173e+09     5.020210268e+26     27.22358602         65.51098804         0.0                 0.0
7.774421762e-07     1.287814967e+09     5.135295615e+26     27.23243881         65.55570928         0.0                 0.0
7.909566892e-07     1.310211445e+09     5.252933652e+26     27.24123467         65.60025663         0.0                 0.0
8.04706129e-07      1.332997473e+09     5.373108766e+26     27.24945642         65.6447996          0.0                 0.0
8.186945795e-07     1.356179819e+09     5.496014969e+26     27.25749678         65.68943259         0.0                 0.0
8.329261955e-07     1.37976538e+09      5.621764127e+26     27.26554167         65.73415583         0.0                 0.0
8.47405204e-07      1.4037613e+09       5.750294019e+26     27.27353441         65.77869696         0.0                 0.0
8.621359055e-07     1.428174522e+09     5.881753393e+26     27.28151677         65.82324761         0.0                 0.0
8.771226752e-07     1.453012433e+09     6.016251602e+26     27.28950144         65.86788412         0.0                 0.0
8.923699644e-07     1.478282463e+09     6.153859715e+26     27.29748669         65.91260328         0.0                 0.0
9.07882302e-07      1.503991812e+09     6.294506538e+26     27.30542522         65.95714543         0.0                 0.0
9.236642952e-07     1.530148432e+09     6.438363814e+26     27.31334952         66.00169463         0.0                 0.0
9.397206315e-07     1.556760034e+09     6.585546038e+26     27.32127677         66.04633175         0.0                 0.0
9.5605608e-07       1.583834492e+09     6.736130542e+26     27.32920838         66.09105938         0.0                 0.0
9.726754926e-07     1.61137998e+09      6.890034568e+26     27.33709051         66.13558781         0.0                 0.0
9.895838055e-07     1.639404509e+09     7.047456155e+26     27.34496062         66.18014263         0.0                 0.0
1.006786041e-06     1.66791654e+09      7.208258811e+26     27.35941262         66.24214991         0.0                 0.0
1.024287308e-06     1.696924592e+09     7.372370107e+26     27.38320757         66.32911619         0.0                 0.0
1.042092804e-06     1.726436629e+09     7.540205507e+26     27.38950329         66.3736374          0.0                 0.0
1.060207819e-06     1.756462965e+09     7.712277404e+26     27.39687749         66.41818972         0.0                 0.0
1.078637733e-06     1.787011546e+09     7.888483107e+26     27.4046824          66.46283179         0.0                 0.0
1.09738802e-06      1.818090842e+09     8.068729899e+26     27.41241631         66.50756362         0.0                 0.0
1.116464248e-06     1.84971223e+09      8.25236524e+26      27.41864857         66.5520798          0.0                 0.0
1.135872085e-06     1.881882074e+09     8.44062454e+26      27.42594982         66.59663787         0.0                 0.0
1.155617293e-06     1.914610913e+09     8.633174477e+26     27.43312856         66.64128223         0.0                 0.0
1.175705739e-06     1.947909294e+09     8.829794812e+26     27.43941199         66.68600946         0.0                 0.0
1.196143388e-06     1.981789461e+09     9.031353193e+26     27.44710355         66.73052777         0.0                 0.0
1.216936311e-06     2.016256359e+09     9.236461572e+26     27.46549127         66.80631621         0.0                 0.0
1.238090684e-06     2.051322638e+09     9.44638992e+26      27.48289847         66.87933788         0.0                 0.0
1.259612789e-06     2.087000605e+09     9.662134916e+26     27.49052546         66.92406809         0.0                 0.0
1.28150902e-06      2.123298059e+09     9.881893462e+26     27.49662056         66.96857736         0.0                 0.0
1.30378588e-06      2.160226977e+09     1.010668714e+27     27.50270935         67.01313741         0.0                 0.0
1.326449985e-06     2.197798417e+09     1.033665644e+27     27.50879451         67.05778249         0.0                 0.0
1.349508067e-06     2.236023651e+09     1.057193688e+27     27.51490962         67.10251407         0.0                 0.0
1.372966975e-06     2.274915365e+09     1.08131202e+27      27.5224682          67.14701887         0.0                 0.0
1.396833676e-06     2.314481321e+09     1.10585954e+27      27.54041802         67.22207668         0.0                 0.0
1.421115259e-06     2.354735145e+09     1.130948602e+27     27.55735827         67.29583719         0.0                 0.0
1.445818936e-06     2.395690542e+09     1.156682683e+27     27.56336182         67.34057091         0.0                 0.0
1.470952045e-06     2.437359133e+09     1.182976984e+27     27.56931887         67.38506969         0.0                 0.0
1.49652205e-06      2.479751623e+09     1.209874101e+27     27.57526573         67.42963444         0.0                 0.0
1.522536546e-06     2.52288116e+09      1.237351076e+27     27.58688469         67.48945873         0.0                 0.0
1.54900326e-06      2.566761117e+09     1.265383907e+27     27.60944667         67.57862777         0.0                 0.0
1.575930053e-06     2.611405941e+09     1.294141295e+27     27.61532674         67.62312012         0.0                 0.0
1.603324923e-06     2.65682622e+09      1.3235589e+27       27.62119686         67.66768709         0.0                 0.0
1.631196006e-06     2.703036001e+09     1.353636394e+27     27.62680629         67.71234059         0.0                 0.0
1.659551581e-06     2.7500496e+09       1.384371399e+27     27.63189764         67.75708411         0.0                 0.0
1.688400069e-06     2.797881266e+09     1.415642789e+27     27.65349983         67.84598595         0.0                 0.0
1.717750039e-06     2.84654554e+09      1.44775189e+27      27.66469617         67.90573442         0.0                 0.0
1.747610208e-06     2.896056662e+09     1.480662598e+27     27.6704877          67.95039312         0.0                 0.0
1.777989446e-06     2.946429078e+09     1.514329429e+27     27.6762689          67.99512366         0.0                 0.0
1.808896775e-06     2.997676981e+09     1.548586518e+27     27.69838961         68.0836661          0.0                 0.0
1.840341376e-06     3.049817137e+09     1.583645464e+27     27.70888351         68.14378781         0.0                 0.0
1.872332588e-06     3.102864105e+09     1.619517396e+27     27.71304085         68.18844841         0.0                 0.0
1.904879913e-06     3.156832453e+09     1.656207905e+27     27.71718599         68.23317153         0.0                 0.0
1.937993018e-06     3.211740699e+09     1.693665686e+27     27.73902033         68.32134702         0.0                 0.0
1.971681738e-06     3.267605396e+09     1.732000784e+27     27.74956647         68.38184081         0.0                 0.0
2.005956079e-06     3.324441897e+09     1.771265427e+27     27.75411767         68.4265039          0.0                 0.0
2.040826221e-06     3.382265413e+09     1.811518214e+27     27.75973804         68.47122075         0.0                 0.0
2.076302522e-06     3.44109558e+09      1.852350285e+27     27.77982512         68.55903024         0.0                 0.0
2.112395518e-06     3.500949569e+09     1.89421632e+27      27.78984996         68.61988939         0.0                 0.0
2.149115929e-06     3.56184469e+09      1.937094089e+27     27.79923631         68.6779             0.0                 0.0
2.186474663e-06     3.623798352e+09     1.980923324e+27     27.82129972         68.7673284          0.0                 0.0
2.224482814e-06     3.686831909e+09     2.025739531e+27     27.8258424          68.81336468         0.0                 0.0
2.263151673e-06     3.750960245e+09     2.071583243e+27     27.82975127         68.85794238         0.0                 0.0
2.302492725e-06     3.816203992e+09     2.118420028e+27     27.83843512         68.91558997         0.0                 0.0
2.342517654e-06     3.8825851e+09       2.166179809e+27     27.85879449         69.0050068          0.0                 0.0
2.383238348e-06     3.950118692e+09     2.215170354e+27     27.86333275         69.05141566         0.0                 0.0
2.424666902e-06     4.018828123e+09     2.265161404e+27     27.87729429         69.12355596         0.0                 0.0
2.466815622e-06     4.088733636e+09     2.316273926e+27     27.89289344         69.20026967         0.0                 0.0
2.509697025e-06     4.159855444e+09     2.368700816e+27     27.89667782         69.24496826         0.0                 0.0
2.553323849e-06     4.23221219e+09      2.422056732e+27     27.91591924         69.3316767          0.0                 0.0
2.597709052e-06     4.305829428e+09     2.47670171e+27      27.92554934         69.39364897         0.0                 0.0
2.642865815e-06     4.380728021e+09     2.532584585e+27     27.93296115         69.45057214         0.0                 0.0
2.688807553e-06     4.456928031e+09     2.589557452e+27     27.95224232         69.53996308         0.0                 0.0
2.735547909e-06     4.534455377e+09     2.648088653e+27     27.9568143          69.58711786         0.0                 0.0
2.783100768e-06     4.613331382e+09     2.70782987e+27      27.97026027         69.65852909         0.0                 0.0
2.831480252e-06     4.693579123e+09     2.768846986e+27     27.98544568         69.73598045         0.0                 0.0
2.880700731e-06     4.775221936e+09     2.831274533e+27     27.98744377         69.78066568         0.0                 0.0
2.930776825e-06     4.858287577e+09     2.895017201e+27     28.00603631         69.86664176         0.0                 0.0
2.981723406e-06     4.942797539e+09     2.960238234e+27     28.0152488          69.92936035         0.0                 0.0
3.033555608e-06     5.028777372e+09     3.02695344e+27      28.02178597         69.98556205         0.0                 0.0
3.086288824e-06     5.116253913e+09     3.095132319e+27     28.04156721         70.07492132         0.0                 0.0
3.139938718e-06     5.205250291e+09     3.164846947e+27     28.0447907          70.12282057         0.0                 0.0
3.194521225e-06     5.295796376e+09     3.235980418e+27     28.05612364         70.19350256         0.0                 0.0
3.250052555e-06     5.387918711e+09     3.308668714e+27     28.07459163         70.28285488         0.0                 0.0
3.306549204e-06     5.481643174e+09     3.383175964e+27     28.09422612         70.37220884         0.0                 0.0
3.364027951e-06     5.576998263e+09     3.459363243e+27     28.09747828         70.42047499         0.0                 0.0
3.422505868e-06     5.674012255e+09     3.537103131e+27     28.1085394          70.49078949         0.0                 0.0
3.482000325e-06     5.772714207e+09     3.616470571e+27     28.12645111         70.58014599         0.0                 0.0
3.542528992e-06     5.873133882e+09     3.697612789e+27     28.14431481         70.66948695         0.0                 0.0
3.604109847e-06     5.975300916e+09     3.780838441e+27     28.14745091         70.71812638         0.0                 0.0
3.66676118e-06      6.079245725e+09     3.865789822e+27     28.15824001         70.78807712         0.0                 0.0
3.730501601e-06     6.184998938e+09     3.952516245e+27     28.17599162         70.87743829         0.0                 0.0
3.795350041e-06     6.292591246e+09     4.041177238e+27     28.19369003         70.96676582         0.0                 0.0
3.861325761e-06     6.402056585e+09     4.132116309e+27     28.19684708         71.01578505         0.0                 0.0
3.928448357e-06     6.513426209e+09     4.224765567e+27     28.20645595         71.08537472         0.0                 0.0
3.996737765e-06     6.626733302e+09     4.319272851e+27     28.22278614         71.17473907         0.0                 0.0
4.066214269e-06     6.742012075e+09     4.416140029e+27     28.24031804         71.26405433         0.0                 0.0
4.136898504e-06     6.859297012e+09     4.515494474e+27     28.24348838         71.3134396          0.0                 0.0
4.208811464e-06     6.978622666e+09     4.616727673e+27     28.25283231         71.38266184         0.0                 0.0
4.281974509e-06     7.100024559e+09     4.719981575e+27     28.26898045         71.47203124         0.0                 0.0
4.35640937e-06      7.223538916e+09     4.825811245e+27     28.28634507         71.5613339          0.0                 0.0
4.432138154e-06     7.349201721e+09     4.9339541e+27       28.30360373         71.65035932         0.0                 0.0
4.509183355e-06     7.477051871e+09     5.044340649e+27     28.31996534         71.7395592          0.0                 0.0
4.587567856e-06     7.607127303e+09     5.157150026e+27     28.33222992         71.81959053         0.0                 0.0
4.667314938e-06     7.739465588e+09     5.272847727e+27     28.33180898         71.86423194         0.0                 0.0
4.748448288e-06     7.874105679e+09     5.390998089e+27     28.3466848          71.94764264         0.0                 0.0
4.830992004e-06     8.011088628e+09     5.511591059e+27     28.36289038         72.03684687         0.0                 0.0
4.914970602e-06     8.150455571e+09     5.634716037e+27     28.37832124         72.12622465         0.0                 0.0
5.000409025e-06     8.292248504e+09     5.760561912e+27     28.39368209         72.21550197         0.0                 0.0
5.087332651e-06     8.436506096e+09     5.889155437e+27     28.40894483         72.30453594         0.0                 0.0
5.175767296e-06     8.58327496e+09      6.020653948e+27     28.42419673         72.39374422         0.0                 0.0
5.265739227e-06     8.732599084e+09     6.155235637e+27     28.43637778         72.47451226         0.0                 0.0
5.357275168e-06     8.884521418e+09     6.293264692e+27     28.43569263         72.51914092         0.0                 0.0
5.450402306e-06     9.039086262e+09     6.433807902e+27     28.44852401         72.60181924         0.0                 0.0
5.545148301e-06     9.196341041e+09     6.577440735e+27     28.46360077         72.69103216         0.0                 0.0
5.641541294e-06     9.356332704e+09     6.724319061e+27     28.47866077         72.78041851         0.0                 0.0
5.739609916e-06     9.519108211e+09     6.874433874e+27     28.49364442         72.8696705          0.0                 0.0
5.839383295e-06     9.684715411e+09     7.027832516e+27     28.50853834         72.95871288         0.0                 0.0
5.940891064e-06     9.853205127e+09     7.184413957e+27     28.52256793         73.04792978         0.0                 0.0
6.044163374e-06     1.002462758e+10     7.344352738e+27     28.53605959         73.13732024         0.0                 0.0
6.149230898e-06     1.019903257e+10     7.508272598e+27     28.55084348         73.22655959         0.0                 0.0
6.256124842e-06     1.037647284e+10     7.675288519e+27     28.56414019         73.31560695         0.0                 0.0
6.364876956e-06     1.055700021e+10     7.846273488e+27     28.5779915          73.40482833         0.0                 0.0
6.475519541e-06     1.074066861e+10     8.021314202e+27     28.59237372         73.49422151         0.0                 0.0
6.588085459e-06     1.092753465e+10     8.19967152e+27      28.60527907         73.58344073         0.0                 0.0
6.702608145e-06     1.111765087e+10     8.382465331e+27     28.61949625         73.67249053         0.0                 0.0
6.819121614e-06     1.131107536e+10     8.569166116e+27     28.63314817         73.76171588         0.0                 0.0
6.937660472e-06     1.150786629e+10     8.759735602e+27     28.64593042         73.8511146          0.0                 0.0
7.058259926e-06     1.170808305e+10     8.954468104e+27     28.65862214         73.94032862         0.0                 0.0
7.180955797e-06     1.191178256e+10     9.153461351e+27     28.67123778         74.0293842          0.0                 0.0
7.305784528e-06     1.211902778e+10     9.356930804e+27     28.68382952         74.11861416         0.0                 0.0
7.432783195e-06     1.232988049e+10     9.564978013e+27     28.69639662         74.20801743         0.0                 0.0
7.561989518e-06     1.254440035e+10     9.777560903e+27     28.70888072         74.29721838         0.0                 0.0
7.693441873e-06     1.276265543e+10     9.994666031e+27     28.73530366         74.42259461         0.0                 0.0
7.827179305e-06     1.298470837e+10     1.021650397e+28     28.75625691         74.53511265         0.0                 0.0
7.963241534e-06     1.321062488e+10     1.044319931e+28     28.76774317         74.62451989         0.0                 0.0
8.101668975e-06     1.34404742e+10      1.067483292e+28     28.77913919         74.71370846         0.0                 0.0
8.242502742e-06     1.367432189e+10     1.091188099e+28     28.79115021         74.80277248         0.0                 0.0
8.385784665e-06     1.391223982e+10     1.115434044e+28     28.80330255         74.89201084         0.0                 0.0
8.531557302e-06     1.415429926e+10     1.140213136e+28     28.81519848         74.98142248         0.0                 0.0
8.679863948e-06     1.440057059e+10     1.165452062e+28     28.82552166         75.07059827         0.0                 0.0
8.830748653e-06     1.465112802e+10     1.191227616e+28     28.84941628         75.19524734         0.0                 0.0
8.984256233e-06     1.490604603e+10     1.21758529e+28      28.8688382          75.30850956         0.0                 0.0
9.140432282e-06     1.516540042e+10     1.244556534e+28     28.87922795         75.39792517         0.0                 0.0
9.299323186e-06     1.542926849e+10     1.272197767e+28     28.89102463         75.48708837         0.0                 0.0
9.460976139e-06     1.569772818e+10     1.30036633e+28      28.90139079         75.57616106         0.0                 0.0
9.625439155e-06     1.597086087e+10     1.329087043e+28     28.9183068          75.68564016         0.0                 0.0
9.792761081e-06     1.624874811e+10     1.358401276e+28     28.94185688         75.81442787         0.0                 0.0
9.962991614e-06     1.653147055e+10     1.38850964e+28      28.95255107         75.90357851         0.0                 0.0
1.013618132e-05     1.681911251e+10     1.419192281e+28     28.96181866         75.99265551         0.0                 0.0
1.031238163e-05     1.711175928e+10     1.450550856e+28     28.97862575         76.10177539         0.0                 0.0
1.049164488e-05     1.740949931e+10     1.482631781e+28     29.00344499         76.23093877         0.0                 0.0
1.067402433e-05     1.771243301e+10     1.515427198e+28     29.01302308         76.32007962         0.0                 0.0
1.085957413e-05     1.802062653e+10     1.548847315e+28     29.02118447         76.40915544         0.0                 0.0
1.104834939e-05     1.833418915e+10     1.583028498e+28     29.03707542         76.51791166         0.0                 0.0
1.12404062e-05      1.865321787e+10     1.618019136e+28     29.06154579         76.64744546         0.0                 0.0
1.143580159e-05     1.897777214e+10     1.653667032e+28     29.06912731         76.73656806         0.0                 0.0
1.163459359e-05     1.930799132e+10     1.690076005e+28     29.08954153         76.85976141         0.0                 0.0
1.183684126e-05     1.96439661e+10      1.72733198e+28      29.10702517         76.97451355         0.0                 0.0
1.204260466e-05     1.998579078e+10     1.765459273e+28     29.11675604         77.0681973          0.0                 0.0
1.22519449e-05      2.033354643e+10     1.804245063e+28     29.14000286         77.2018596          0.0                 0.0
1.246492417e-05     2.068736801e+10     1.84406973e+28      29.15243286         77.30175001         0.0                 0.0
1.268160573e-05     2.104734428e+10     1.884705458e+28     29.16696942         77.40978731         0.0                 0.0
1.290205392e-05     2.141357484e+10     1.926067164e+28     29.18787594         77.54005826         0.0                 0.0
1.312633424e-05     2.178618252e+10     1.968482026e+28     29.19490623         77.629159           0.0                 0.0
1.335451328e-05     2.21652892e+10      2.011803027e+28     29.2144037          77.75162759         0.0                 0.0
1.358665883e-05     2.255099627e+10     2.056092393e+28     29.23116894         77.86712235         0.0                 0.0
1.382283984e-05     2.294341087e+10     2.101370145e+28     29.23921438         77.96008591         0.0                 0.0
1.406312646e-05     2.334263649e+10     2.147426419e+28     29.26088307         78.09371049         0.0                 0.0
1.430759005e-05     2.37488256e+10      2.194646327e+28     29.27142856         78.19434805         0.0                 0.0
1.455630322e-05     2.416209389e+10     2.242885003e+28     29.28408442         78.3016636          0.0                 0.0
1.480933985e-05     2.458255996e+10     2.292065755e+28     29.3055989          78.43583681         0.0                 0.0
1.506677509e-05     2.501032845e+10     2.342286492e+28     29.32690028         78.5694449          0.0                 0.0
1.532868541e-05     2.544554249e+10     2.393635782e+28     29.33594919         78.67045398         0.0                 0.0
1.559514859e-05     2.588833786e+10     2.44611867e+28      29.34707778         78.77740373         0.0                 0.0
1.586624379e-05     2.633884927e+10     2.499756225e+28     29.36729495         78.90878086         0.0                 0.0
1.614205151e-05     2.679719266e+10     2.554759086e+28     29.37347498         78.99784291         0.0                 0.0
1.642265368e-05     2.726351966e+10     2.610637947e+28     29.38896608         79.11922688         0.0                 0.0
1.670813365e-05     2.773796057e+10     2.667706709e+28     29.40868389         79.25314815         0.0                 0.0
1.69985762e-05      2.82206516e+10      2.726170606e+28     29.42945864         79.38732407         0.0                 0.0
1.72940676e-05      2.871175666e+10     2.785870429e+28     29.45001687         79.52089541         0.0                 0.0
1.759469562e-05     2.921141423e+10     2.846829861e+28     29.45805073         79.62265514         0.0                 0.0
1.790054955e-05     2.971976582e+10     2.909099774e+28     29.46734091         79.72888715         0.0                 0.0
1.821172022e-05     3.023695746e+10     2.972711279e+28     29.48678837         79.86307567         0.0                 0.0
1.852830008e-05     3.076315131e+10     3.037545102e+28     29.50515383         79.99662836         0.0                 0.0
1.885038313e-05     3.129851087e+10     3.103795545e+28     29.52343259         80.13029715         0.0                 0.0
1.917806505e-05     3.184319285e+10     3.171552361e+28     29.5419963          80.26422917         0.0                 0.0
1.951144317e-05     3.239735734e+10     3.240886319e+28     29.56045933         80.39672043         0.0                 0.0
1.98506165e-05      3.296117151e+10     3.311733336e+28     29.56297379         80.48574624         0.0                 0.0
2.019568578e-05     3.353479212e+10     3.384001173e+28     29.57622114         80.60603621         0.0                 0.0
2.054675351e-05     3.411839767e+10     3.457804455e+28     29.59405874         80.73997224         0.0                 0.0
2.090392395e-05     3.471216754e+10     3.533230433e+28     29.6118069          80.87416863         0.0                 0.0
2.12673032e-05      3.531625985e+10     3.610091918e+28     29.62844144         81.00768993         0.0                 0.0
2.163699917e-05     3.593087585e+10     3.688634453e+28     29.64499606         81.14137359         0.0                 0.0
2.201312169e-05     3.655619688e+10     3.768959239e+28     29.66181954         81.27531884         0.0                 0.0
2.239578245e-05     3.719240724e+10     3.851146927e+28     29.67914441         81.40952946         0.0                 0.0
2.278509513e-05     3.783967858e+10     3.934733916e+28     29.69442217         81.54302324         0.0                 0.0
2.318117534e-05     3.849822553e+10     4.02037468e+28      29.71089165         81.6767118          0.0                 0.0
2.358414074e-05     3.91682392e+10      4.107887913e+28     29.72724292         81.81066401         0.0                 0.0
2.3994111e-05       3.984991426e+10     4.197099834e+28     29.7423137          81.94487999         0.0                 0.0
2.441120791e-05     4.054345792e+10     4.288165312e+28     29.75715499         82.07835608         0.0                 0.0
2.483555533e-05     4.124908673e+10     4.381217101e+28     29.7719173          82.21205195         0.0                 0.0
2.526727931e-05     4.196699797e+10     4.476308228e+28     29.78661169         82.34601035         0.0                 0.0
2.570650809e-05     4.269739218e+10     4.573488323e+28     29.80124211         82.480231           0.0                 0.0
2.615337211e-05     4.344051103e+10     4.672685158e+28     29.81564249         82.61368863         0.0                 0.0
2.66080041e-05      4.419655956e+10     4.774053503e+28     29.82997298         82.74739495         0.0                 0.0
2.70705391e-05      4.49657717e+10      4.877483591e+28     29.84891278         82.89611463         0.0                 0.0
2.754111449e-05     4.574838592e+10     4.982847431e+28     29.87728812         83.07506298         0.0                 0.0
2.801987003e-05     4.654460819e+10     5.090883488e+28     29.89125821         83.20862853         0.0                 0.0
2.850694792e-05     4.735470446e+10     5.201000725e+28     29.90386911         83.34233852         0.0                 0.0
2.900249283e-05     4.817890833e+10     5.313516909e+28     29.91636855         83.47630916         0.0                 0.0
2.950665195e-05     4.901745597e+10     5.428795021e+28     29.93008307         83.61051243         0.0                 0.0
3.001957503e-05     4.987060637e+10     5.546002666e+28     29.94168693         83.74396384         0.0                 0.0
3.05414144e-05      5.07386093e+10      5.665705576e+28     29.96353268         83.90665141         0.0                 0.0
3.107232506e-05     5.162172122e+10     5.788014211e+28     29.98588372         84.07126376         0.0                 0.0
3.16124647e-05      5.25202022e+10      5.913040291e+28     29.99719106         84.20543762         0.0                 0.0
3.216199376e-05     5.343432696e+10     6.040637302e+28     30.00828732         84.33889617         0.0                 0.0
3.272107544e-05     5.436438422e+10     6.170963865e+28     30.02946029         84.50122321         0.0                 0.0
3.328987581e-05     5.531063444e+10     6.304047955e+28     30.05110085         84.66621127         0.0                 0.0
3.386856381e-05     5.627333634e+10     6.439894884e+28     30.0609511          84.80037391         0.0                 0.0
3.445731132e-05     5.725280551e+10     6.578546984e+28     30.0705939          84.93383917         0.0                 0.0
3.50562932e-05      5.82493419e+10      6.720148114e+28     30.09012692         85.09580528         0.0                 0.0
3.566568737e-05     5.926323038e+10     6.86481874e+28      30.11067169         85.26116427         0.0                 0.0
3.628567483e-05     6.029475483e+10     7.012688362e+28     30.12001347         85.39530097         0.0                 0.0
3.691643971e-05     6.134425582e+10     7.163322446e+28     30.12822232         85.52878088         0.0                 0.0
3.755816937e-05     6.24120292e+10      7.317139374e+28     30.14609812         85.69038472         0.0                 0.0
3.821105441e-05     6.349839485e+10     7.474459045e+28     30.16579886         85.85611298         0.0                 0.0
3.887528875e-05     6.460367928e+10     7.63569877e+28      30.1756142          85.99023946         0.0                 0.0
3.955106967e-05     6.572818098e+10     7.798914248e+28     30.19638365         86.1662471          0.0                 0.0
4.02385979e-05      6.68722723e+10      7.966080422e+28     30.20916334         86.31706622         0.0                 0.0
4.093807764e-05     6.80362929e+10      8.137139042e+28     30.22099298         86.46363331         0.0                 0.0
4.164971665e-05     6.922058372e+10     8.311781543e+28     30.24392358         86.64243738         0.0                 0.0
4.23737263e-05      7.04254922e+10      8.490150119e+28     30.25185853         86.77826064         0.0                 0.0
4.311032162e-05     7.165138629e+10     8.671854235e+28     30.26711362         86.93914588         0.0                 0.0
4.385972141e-05     7.289862548e+10     8.857125906e+28     30.28757425         87.11782611         0.0                 0.0
4.462214824e-05     7.41675692e+10      9.046331501e+28     30.30787928         87.29660402         0.0                 0.0
4.539782857e-05     7.545861315e+10     9.240327136e+28     30.31526988         87.43280404         0.0                 0.0
4.618699278e-05     7.677215027e+10     9.438005317e+28     30.3298044          87.59332901         0.0                 0.0
4.698987527e-05     7.810856086e+10     9.639560299e+28     30.34961588         87.77201815         0.0                 0.0
4.780671451e-05     7.946822005e+10     9.845404511e+28     30.36926576         87.95077061         0.0                 0.0
4.863775312e-05     8.085157518e+10     1.005562664e+29     30.37434615         88.08734827         0.0                 0.0
4.948323792e-05     8.225901396e+10     1.027029413e+29     30.38734241         88.24751291         0.0                 0.0
5.034342004e-05     8.369095511e+10     1.048928264e+29     30.40598373         88.42621007         0.0                 0.0
5.121855497e-05     8.514782623e+10     1.071222759e+29     30.42294789         88.60493724         0.0                 0.0
5.210890263e-05     8.663007452e+10     1.094074324e+29     30.42742133         88.74189164         0.0                 0.0
5.301472748e-05     8.81381382e+10      1.117418196e+29     30.43966395         88.90169577         0.0                 0.0
5.393629855e-05     8.967246261e+10     1.141233653e+29     30.45765552         89.08040175         0.0                 0.0
5.487388957e-05     9.123349513e+10     1.165477002e+29     30.47394649         89.25910402         0.0                 0.0
5.582777903e-05     9.282171579e+10     1.190217949e+29     30.48995677         89.43712315         0.0                 0.0
5.679825023e-05     9.443759883e+10     1.21548806e+29      30.50583615         89.61549085         0.0                 0.0
5.778559142e-05     9.608161974e+10     1.241297813e+29     30.52158602         89.79420484         0.0                 0.0
5.879009587e-05     9.775425246e+10     1.267648429e+29     30.53715667         89.972881           0.0                 0.0
5.981206192e-05     9.945602404e+10     1.294560616e+29     30.5387925          90.11059036         0.0                 0.0
6.085179312e-05     1.011874362e+11     1.322039696e+29     30.54744157         90.26967445         0.0                 0.0
6.190959828e-05     1.029490047e+11     1.350097967e+29     30.56250941         90.44839733         0.0                 0.0
6.298579159e-05     1.047412537e+11     1.378746222e+29     30.57738263         90.62704978         0.0                 0.0
6.40806927e-05      1.065646954e+11     1.40787094e+29      30.59013629         90.80507856         0.0                 0.0
6.51946268e-05      1.084198923e+11     1.437673823e+29     30.60370246         90.98345964         0.0                 0.0
6.632792475e-05     1.103074013e+11     1.468138917e+29     30.61758205         91.16219068         0.0                 0.0
6.748092317e-05     1.122277859e+11     1.499135407e+29     30.62964802         91.34081642         0.0                 0.0
6.865396451e-05     1.14181599e+11      1.530770398e+29     30.64145358         91.51886047         0.0                 0.0
6.984739718e-05     1.161694446e+11     1.563077978e+29     30.65311656         91.6972534          0.0                 0.0
7.106157565e-05     1.181919178e+11     1.596071808e+29     30.66463551         91.87599299         0.0                 0.0
7.229686055e-05     1.202496171e+11     1.629752603e+29     30.67594996         92.05459399         0.0                 0.0
7.355361879e-05     1.223431409e+11     1.664124172e+29     30.68700737         92.23264089         0.0                 0.0
7.483222364e-05     1.244731235e+11     1.699222349e+29     30.69792184         92.41103884         0.0                 0.0
7.613305486e-05     1.266402055e+11     1.735025915e+29     30.71132549         92.59907376         0.0                 0.0
7.745649882e-05     1.288450428e+11     1.771430235e+29     30.73454746         92.82229796         0.0                 0.0
7.880294862e-05     1.31088262e+11      1.808743134e+29     30.74643626         93.00602773         0.0                 0.0
8.017280415e-05     1.333705525e+11     1.846781224e+29     30.75543219         93.1844341          0.0                 0.0
8.15664723e-05      1.356925936e+11     1.885542903e+29     30.76328624         93.36319032         0.0                 0.0
8.298436701e-05     1.380550594e+11     1.925100035e+29     30.77091668         93.54174052         0.0                 0.0
8.442690941e-05     1.40458682e+11      1.965624069e+29     30.78014865         93.71981086         0.0                 0.0
8.589452796e-05     1.429041685e+11     2.006823294e+29     30.79495178         93.92169965         0.0                 0.0
8.738765857e-05     1.453922485e+11     2.048741983e+29     30.8121135          94.13659393         0.0                 0.0
8.890674473e-05     1.479236696e+11     2.091699364e+29     30.81892671         94.31511967         0.0                 0.0
9.045223761e-05     1.504991661e+11     2.135527708e+29     30.82550677         94.49319814         0.0                 0.0
9.202459627e-05     1.531195184e+11     2.180281347e+29     30.83192447         94.67162486         0.0                 0.0
9.362428772e-05     1.557855112e+11     2.22593738e+29      30.84043853         94.85859173         0.0                 0.0
9.525178708e-05     1.584979402e+11     2.272335247e+29     30.85878265         95.08171284         0.0                 0.0
9.690757776e-05     1.612575981e+11     2.319884e+29        30.86642475         95.266585           0.0                 0.0
9.859215156e-05     1.640653311e+11     2.368354362e+29     30.87091223         95.44502045         0.0                 0.0
0.0001003060088     1.669219774e+11     2.417724286e+29     30.87668113         95.631632           0.0                 0.0
0.0001020496586     1.698283687e+11     2.468081043e+29     30.89407795         95.85472155         0.0                 0.0
0.0001038236187     1.727853322e+11     2.519487786e+29     30.89914308         96.03996948         0.0                 0.0
0.0001056284161     1.75793895e+11      2.571977376e+29     30.90172294         96.21841461         0.0                 0.0
0.0001074645869     1.788549221e+11     2.625559124e+29     30.90651541         96.40467601         0.0                 0.0
0.0001093326764     1.819690279e+11     2.680189618e+29     30.92295914         96.62773303         0.0                 0.0
0.0001112332394     1.851375296e+11     2.735970845e+29     30.92728119         96.81336331         0.0                 0.0
0.0001131668405     1.883611546e+11     2.792776242e+29     30.93492609         97.01382032         0.0                 0.0
0.000115134054      1.916408462e+11     2.850656519e+29     30.94657446         97.23020768         0.0                 0.0
0.0001171354642     1.949777757e+11     2.909961232e+29     30.94785864         97.40863133         0.0                 0.0
0.0001191716654     1.983729151e+11     2.970220153e+29     30.95869061         97.62337776         0.0                 0.0
0.0001212432626     2.018271498e+11     3.031694164e+29     30.96459955         97.82481039         0.0                 0.0
0.000123350871      2.053414936e+11     3.094458158e+29     30.96514847         98.01035271         0.0                 0.0
0.0001254951166     2.089171065e+11     3.158452492e+29     30.97738944         98.23335246         0.0                 0.0
0.0001276766362     2.125549542e+11     3.223762705e+29     30.97792162         98.41973499         0.0                 0.0
0.0001298960779     2.162561932e+11     3.290418704e+29     30.98232305         98.61947605         0.0                 0.0
0.0001321541008     2.200219294e+11     3.358448114e+29     30.99187595         98.83661903         0.0                 0.0
0.0001344513755     2.238531767e+11     3.427883712e+29     30.98914744         99.01499337         0.0                 0.0
0.0001367885845     2.277511878e+11     3.498406226e+29     30.99556759         99.22902428         0.0                 0.0
0.000139166422      2.317170793e+11     3.570493412e+29     30.9985927          99.43120865         0.0                 0.0
0.000141585594      2.357520416e+11     3.64423279e+29      30.99676855         99.61603428         0.0                 0.0
0.0001440468193     2.398574198e+11     3.719098649e+29     31.00470982         99.83897482         0.0                 0.0
0.0001465508288     2.440342278e+11     3.795458883e+29     31.01234796         100.0616312         0.0                 0.0
0.0001490983663     2.482838098e+11     3.873416331e+29     31.01341543         100.2641745         0.0                 0.0
0.0001516901884     2.526074334e+11     3.953006352e+29     31.00854526         100.4486482         0.0                 0.0
0.0001543270649     2.570061739e+11     4.034130803e+29     31.0154456          100.6716039         0.0                 0.0
0.0001570097791     2.614817884e+11     4.116920226e+29     31.01122759         100.8591292         0.0                 0.0
0.0001597391276     2.660353687e+11     4.201215121e+29     31.00904172         101.0577881         0.0                 0.0
0.0001625159213     2.706681802e+11     4.287035507e+29     31.01315954         101.2813199         0.0                 0.0
0.0001653409848     2.753816464e+11     4.374924599e+29     31.01895893         101.5041722         0.0                 0.0
0.0001682151573     2.801772076e+11     4.46427131e+29      31.01208071         101.6921154         0.0                 0.0
0.0001711392923     2.850563239e+11     4.555485765e+29     31.00828171         101.8904565         0.0                 0.0
0.0001741142585     2.900204742e+11     4.648690923e+29     31.01258491         102.1140008         0.0                 0.0
0.0001771409394     2.950712305e+11     4.743406395e+29     31.01498439         102.3368258         0.0                 0.0
0.000180220234      3.002098251e+11     4.840080364e+29     31.00669131         102.5250883         0.0                 0.0
0.000183353057      3.054378953e+11     4.938714563e+29     31.00096243         102.7230305         0.0                 0.0
0.0001865403387     3.107570418e+11     5.039318e+29        31.00261595         102.9465928         0.0                 0.0
0.000189783026      3.161688447e+11     5.141871557e+29     31.00393549         103.1694556         0.0                 0.0
0.0001930820818     3.216749645e+11     5.246346774e+29     30.99384873         103.3581153         0.0                 0.0
0.0001964384862     3.272770766e+11     5.352861451e+29     30.98578905         103.5557021         0.0                 0.0
0.0001998532359     3.329768472e+11     5.461482624e+29     30.98514278         103.7792693         0.0                 0.0
0.0002033273453     3.38775788e+11      5.572240556e+29     30.98414187         104.0020261         0.0                 0.0
0.0002068618461     3.446757058e+11     5.685264399e+29     30.97285258         104.1910471         0.0                 0.0
0.0002104577883     3.506784681e+11     5.800428606e+29     30.96313982         104.388308          0.0                 0.0
0.0002141162398     3.567858907e+11     5.91768818e+29      30.96019773         104.611951          0.0                 0.0
0.0002178382873     3.629994974e+11     6.037243739e+29     30.95688002         104.8346759         0.0                 0.0
0.0002216250363     3.6932145e+11       6.159213867e+29     30.94346996         105.0240763         0.0                 0.0
0.0002254776114     3.757535731e+11     6.283500214e+29     30.9313839          105.2209488         0.0                 0.0
0.0002293971571     3.822977456e+11     6.410072441e+29     30.92611834         105.444538          0.0                 0.0
0.0002333848374     3.889559016e+11     6.539207331e+29     30.921086           105.6673089         0.0                 0.0
0.0002374418367     3.957300329e+11     6.670990051e+29     30.90612986         105.8571062         0.0                 0.0
0.0002415693602     4.026222173e+11     6.805189074e+29     30.89201464         106.0536216         0.0                 0.0
0.0002457686335     4.096345335e+11     6.941710863e+29     30.8844141          106.2772175         0.0                 0.0
0.0002500409042     4.167689793e+11     7.081217976e+29     30.87759963         106.4998834         0.0                 0.0
0.000254387441      4.240276189e+11     7.223277528e+29     30.86018483         106.6900373         0.0                 0.0
0.000258809535      4.314127307e+11     7.368043573e+29     30.84379017         106.8862243         0.0                 0.0
0.0002633084996     4.389265798e+11     7.515622918e+29     30.83415979         107.1071614         0.0                 0.0
0.000267885671      4.465713373e+11     7.666143802e+29     30.81217231         107.2852667         0.0                 0.0
0.0002725424088     4.543492172e+11     7.819238083e+29     30.79827055         107.4956832         0.0                 0.0
0.0002772800961     4.62262659e+11      7.975233647e+29     30.7872843          107.7188681         0.0                 0.0
0.00028210014       4.703140775e+11     8.134361982e+29     30.77535261         107.9401085         0.0                 0.0
0.0002870039723     4.785054702e+11     8.296763652e+29     30.75169135         108.118188          0.0                 0.0
0.0002919930493     4.868397737e+11     8.462002335e+29     30.73593505         108.3283007         0.0                 0.0
0.0002970688529     4.953192922e+11     8.63047118e+29      30.71861348         108.5346548         0.0                 0.0
0.0003022328908     5.03946328e+11      8.801866533e+29     30.69401555         108.7155695         0.0                 0.0
0.0003074866968     5.127217152e+11     8.963994673e+29     30.67999206         108.9381409         0.0                 0.0
0.0003128318312     5.216513671e+11     9.138078671e+29     30.65683408         109.1294291         0.0                 0.0
0.0003182698817     5.307372732e+11     9.319143349e+29     30.62924724         109.3079927         0.0                 0.0
0.0003238024635     5.399816256e+11     9.503458952e+29     30.60109695         109.4885565         0.0                 0.0
0.0003294312199     5.493869041e+11     9.6916054e+29       30.58591572         109.7111707         0.0                 0.0
0.0003351578226     5.589560596e+11     9.883132994e+29     30.56089851         109.9028598         0.0                 0.0
0.0003409839726     5.686919245e+11     1.00782826e+30      30.5314612          110.0814321         0.0                 0.0
0.0003469114004     5.785973798e+11     1.027722619e+30     30.50206109         110.2616386         0.0                 0.0
0.0003529418664     5.886755236e+11     1.04791631e+30      30.48316068         110.4841457         0.0                 0.0
0.0003590771618     5.989291851e+11     1.068552067e+30     30.45637008         110.6761906         0.0                 0.0
0.0003653191089     6.093614092e+11     1.089513696e+30     30.42542303         110.854799          0.0                 0.0
0.0003716695617     6.1997529e+11       1.110374857e+30     30.39378897         111.0307971         0.000261035667      0.0
0.0003781304063     6.307742608e+11     1.116190012e+30     30.38142974         111.0643175         0.01281305803       0.0
0.0003847035618     6.417613586e+11     1.125505545e+30     30.36683475         111.13724           0.02262737611       0.0
0.0003913909804     6.529397265e+11     1.136315321e+30     30.35179773         111.2259378         0.03135708886       0.0
0.0003981946484     6.643125598e+11     1.146726257e+30     30.33793361         111.3094355         0.04046348964       0.0
0.0004051165866     6.758834184e+11     1.156391356e+30     30.32563355         111.3834837         0.05016907702       0.0
0.000412158851      6.876555248e+11     1.166177038e+30     30.31326814         111.4576555         0.05979680856       0.0
0.0004193235332     6.996325208e+11     1.175897411e+30     30.30046991         111.530607          0.0694636911        0.0
0.0004266127613     7.118181027e+11     1.185365439e+30     30.28688535         111.6010147         0.07927857085       0.0
0.0004340287002     7.242155572e+11     1.195128221e+30     30.27336302         111.6711714         0.08887785867       0.0
0.0004415735526     7.368286582e+11     1.204486575e+30     30.26116014         111.7365337         0.09878964811       0.0
0.0004492495595     7.496612078e+11     1.213731833e+30     30.24853737         111.800601          0.1087481448        0.0
0.0004570590008     7.627170704e+11     1.223188032e+30     30.23369848         111.8669519         0.1184776716        0.0
0.0004650041959     7.760001364e+11     1.232841791e+30     30.22205254         111.9295799         0.1281707709        0.0
0.0004730875047     7.895141548e+11     1.242197162e+30     30.2097181          111.9899105         0.1380100708        0.0
0.0004813113282     8.03263318e+11      1.251434113e+30     30.19808772         112.0482816         0.1479254643        0.0
0.0004896781089     8.172519116e+11     1.260771714e+30     30.1887316          112.1050172         0.1578370379        0.0
0.0004981903318     8.314835665e+11     1.270557683e+30     30.17605228         112.1640213         0.1673329617        0.0
0.0005068505254     8.459628841e+11     1.280080763e+30     30.16271972         112.2210866         0.1769412739        0.0
0.0005156612616     8.606941556e+11     1.289576228e+30     30.15022772         112.2768031         0.1865704199        0.0
0.0005246251576     8.756817227e+11     1.299359341e+30     30.14032445         112.3318796         0.1961011766        0.0
0.0005337448757     8.909299792e+11     1.308923783e+30     30.12956862         112.3833739         0.2056848766        0.0
0.0005430231247     9.064434332e+11     1.318976981e+30     30.1170811          112.4384923         0.2149215854        0.0
0.0005524626602     9.222267989e+11     1.329151585e+30     30.10432849         112.4937529         0.2240668604        0.0
0.000562066286      9.382848876e+11     1.338940859e+30     30.09318414         112.5445455         0.2334468113        0.0
0.0005718368546     9.546221271e+11     1.348927965e+30     30.08187435         112.5943528         0.2426745489        0.0
0.000581777268      9.712435905e+11     1.359050258e+30     30.07052258         112.644236          0.2518086073        0.0
0.0005918904785     9.881542573e+11     1.369500113e+30     30.059414           112.6952826         0.2607634277        0.0
0.0006021794901     1.005359176e+12     1.380572369e+30     30.04894187         112.7489185         0.2694104313        0.0
0.0006126473587     1.022863138e+12     1.391133908e+30     30.03724711         112.7976179         0.2782385595        0.0
0.0006232971934     1.040671682e+12     1.401841548e+30     30.0232645          112.8476323         0.2869105973        0.0
0.0006341321574     1.058790125e+12     1.412692985e+30     30.00888745         112.8977902         0.2954864106        0.0
0.0006451554688     1.077223844e+12     1.423657784e+30     29.99689651         112.946018          0.3040621358        0.0
0.0006563704019     1.095977907e+12     1.43485718e+30      29.98481352         112.9935895         0.312492483         0.0
0.0006677802875     1.115058278e+12     1.446173099e+30     29.97262194         113.0410035         0.3208531524        0.0
0.0006793885146     1.134470626e+12     1.45757438e+30      29.96131701         113.0876311         0.3291859571        0.0
0.000691198531      1.154220651e+12     1.469034528e+30     29.95247075         113.1324023         0.3375418137        0.0
0.0007032138445     1.174314225e+12     1.480357881e+30     29.93947254         113.1759808         0.345809655         0.0
0.0007154380239     1.19475732e+12      1.492120851e+30     29.92663166         113.2212239         0.3538793546        0.0
0.0007278746999     1.215556063e+12     1.504249583e+30     29.91398093         113.2674309         0.361791487         0.0
0.0007405275664     1.236716692e+12     1.516571587e+30     29.9011685          113.3131708         0.3696104819        0.0
0.0007534003815     1.258245095e+12     1.529228508e+30     29.88842333         113.3588506         0.3772697534        0.0
0.0007664969686     1.280148173e+12     1.541983268e+30     29.87550104         113.4040917         0.3848811327        0.0
0.0007798212177     1.302432379e+12     1.554863781e+30     29.86244225         113.4490603         0.3924351493        0.0
0.0007933770863     1.32510412e+12      1.567970817e+30     29.84935428         113.4940438         0.3998922978        0.0
0.0008071686006     1.348170104e+12     1.580819365e+30     29.83893806         113.534259          0.407490184         0.0
0.000821199857      1.371637284e+12     1.59402751e+30      29.82674237         113.576106          0.4149035967        0.0
0.000835475023      1.39551274e+12      1.60762397e+30      29.81320636         113.6195443         0.4221382103        0.0
0.0008499983385     1.419803724e+12     1.621580875e+30     29.79978888         113.6635471         0.4292401987        0.0
0.0008647741172     1.44451696e+12      1.635840223e+30     29.78625787         113.7068238         0.4362183796        0.0
0.0008798067478     1.469660188e+12     1.649935032e+30     29.7721629          113.7481768         0.4432429054        0.0
0.0008951006951     1.495240846e+12     1.66404111e+30      29.75872125         113.7883325         0.4502763727        0.0
0.0009106605017     1.521266337e+12     1.678646133e+30     29.74849265         113.8288811         0.4572059989        0.0
0.0009264907892     1.547744487e+12     1.693845098e+30     29.73500253         113.8711842         0.4638542678        0.0
0.0009425962594     1.574683231e+12     1.709235736e+30     29.72107286         113.9134518         0.4704370197        0.0
0.0009589816958     1.602090635e+12     1.724603688e+30     29.70768514         113.9542333         0.4770446881        0.0
0.0009756519653     1.629974918e+12     1.739576471e+30     29.69633986         113.9907295         0.4838171433        0.0
0.000992612019      1.658343864e+12     1.755663392e+30     29.68242839         114.0315516         0.4901763836        0.0
0.001009866895      1.687206468e+12     1.772025198e+30     29.66811788         114.0726285         0.4964529948        0.0
0.001027421717      1.716571159e+12     1.788395095e+30     29.65434807         114.1123276         0.50274747          0.0
0.0010452817        1.746446093e+12     1.804386317e+30     29.64272065         114.1479187         0.5091959759        0.0
0.001063452148      1.776842225e+12     1.82149619e+30      29.62845547         114.187539          0.5152589418        0.0
0.001081938459      1.807766294e+12     1.838914617e+30     29.61378475         114.227509          0.5212375879        0.0
0.001100746124      1.839227575e+12     1.856373908e+30     29.59966704         114.2662541         0.5272272924        0.0
0.001119880727      1.871236421e+12     1.873475245e+30     29.58776898         114.3010171         0.5333607345        0.0
0.001139347953      1.903800938e+12     1.891694194e+30     29.57319919         114.3395785         0.5391338348        0.0
0.001159153584      1.936932545e+12     1.910258632e+30     29.55820733         114.378546          0.5448219373        0.0
0.001179303502      1.970641605e+12     1.92888124e+30      29.54374626         114.4163282         0.5505198945        0.0
0.001199803692      2.004938773e+12     1.947093659e+30     29.53149529         114.4499633         0.5563686214        0.0
0.001220660243      2.039828485e+12     1.966460731e+30     29.51659617         114.4873701         0.5618729581        0.0
0.00124187935       2.075326387e+12     1.9857317e+30       29.50287858         114.5227487         0.5674372247        0.0
0.001263467315      2.111442958e+12     2.005028024e+30     29.48980216         114.5567364         0.5730197814        0.0
0.00128543055       2.148186054e+12     2.025338389e+30     29.47416089         114.5936601         0.5783197553        0.0
0.001307775579      2.185569542e+12     2.046055899e+30     29.45853578         114.6304145         0.5835287829        0.0
0.001330509039      2.223603069e+12     2.066600948e+30     29.44450944         114.664957          0.5888213269        0.0
0.00135363768       2.262297821e+12     2.08718664e+30      29.431222           114.6982264         0.5941316041        0.0
0.001377168374      2.301665745e+12     2.108845201e+30     29.41526028         114.7340979         0.5991664807        0.0
0.00140110811       2.341717394e+12     2.130071757e+30     29.40188615         114.7658123         0.6043415698        0.0
0.001425463996      2.382466438e+12     2.151925053e+30     29.3872244          114.7990646         0.6093756899        0.0
0.001450243269      2.423925135e+12     2.17436293e+30      29.37162019         114.8335206         0.614287839         0.0
0.001475453287      2.46610503e+12      2.196502918e+30     29.3585734          114.8645951         0.6193097153        0.0
0.001501101539      2.5090176e+12       2.219504305e+30     29.34235074         114.8971242         0.6241101674        0.0
0.001527195642      2.552676776e+12     2.242749008e+30     29.32756589         114.9293975         0.6288998185        0.0
0.001553743347      2.597095754e+12     2.266100258e+30     29.31453401         114.9607803         0.6337108726        0.0
0.001580752538      2.64228758e+12      2.289543978e+30     29.30104139         114.990278          0.638503941         0.0
0.001608231238      2.688264788e+12     2.314233531e+30     29.28483237         115.0229321         0.643023763         0.0
0.001636187609      2.735041503e+12     2.338906155e+30     29.26965768         115.0540289         0.6475810933        0.0
0.001664629955      2.782631916e+12     2.363578156e+30     29.25539505         115.0836747         0.6521692139        0.0
0.001693566721      2.831050896e+12     2.389487269e+30     29.23843361         115.1162367         0.6565027898        0.0
0.001723006505      2.880310785e+12     2.414998338e+30     29.22408103         115.1451            0.6609514959        0.0
0.001752958049      2.930428187e+12     2.440680787e+30     29.21016797         115.1732045         0.6653923193        0.0
0.00178343025       2.981418164e+12     2.466857465e+30     29.19562934         115.2017858         0.6697553491        0.0
0.001814432159      3.033294392e+12     2.49426234e+30      29.17826851         115.2329958         0.6738803049        0.0
0.001845972983      3.08607249e+12      2.521301731e+30     29.16357352         115.2607997         0.678109225         0.0
0.001878062091      3.139768733e+12     2.548498029e+30     29.14932459         115.2877487         0.6823343785        0.0
0.001910709013      3.194399036e+12     2.576035022e+30     29.13498141         115.314533          0.6865185921        0.0
0.001943923447      3.249978731e+12     2.604088555e+30     29.12068059         115.3413237         0.6906250842        0.0
0.001977715257      3.306526935e+12     2.633270098e+30     29.103442           115.3700938         0.6945282372        0.0
0.002012094481      3.364058153e+12     2.662553733e+30     29.08715874         115.3977675         0.6984462361        0.0
0.002047071329      3.42258907e+12      2.691730961e+30     29.07256336         115.4236905         0.7024170091        0.0
0.00208265619       3.482138569e+12     2.721290219e+30     29.05784695         115.448981          0.7063318302        0.0
0.002118859634      3.542723851e+12     2.751321719e+30     29.04310569         115.4741113         0.7101826527        0.0
0.002155692413      3.604362858e+12     2.78169014e+30      29.02825144         115.4989779         0.7139988964        0.0
0.002193165468      3.667074058e+12     2.812384055e+30     29.0132685          115.5235143         0.7177821719        0.0
0.002231289928      3.730877077e+12     2.843524451e+30     28.99820845         115.5476045         0.7215037788        0.0
0.002270077117      3.795787365e+12     2.875162118e+30     28.98316638         115.5716619         0.7251621107        0.0
0.002309538555      3.861827634e+12     2.907139496e+30     28.96801836         115.5954866         0.7287875693        0.0
0.002349685964      3.929018196e+12     2.939439028e+30     28.95273659         115.6189781         0.7323823369        0.0
0.002390531267      3.997376006e+12     2.972215165e+30     28.93738183         115.6420173         0.7359142543        0.0
0.002432086597      4.066922349e+12     3.005433703e+30     28.92199771         115.6648515         0.7393932964        0.0
0.002474364295      4.137678612e+12     3.038991618e+30     28.90649374         115.6874097         0.7428410666        0.0
0.002517376919      4.209665849e+12     3.072881811e+30     28.89085599         115.7096403         0.746258229         0.0
0.002561137245      4.28290404e+12      3.107232462e+30     28.87517976         115.7314793         0.7496159645        0.0
0.00260565827       4.357416964e+12     3.141231009e+30     28.86229415         115.7511185         0.7530403456        0.0
0.002650953217      4.433225637e+12     3.17580362e+30      28.84845938         115.7711885         0.7563964978        0.0
0.002697035541      4.510352262e+12     3.211285577e+30     28.8325482          115.7924478         0.759638244         0.0
0.002743918927      4.588820952e+12     3.247253548e+30     28.81660258         115.8133118         0.7628204948        0.0
0.002791617301      4.66865503e+12      3.283558787e+30     28.80051648         115.833577          0.7659648121        0.0
0.00284014483       4.749877233e+12     3.31976663e+30      28.78597483         115.8527226         0.7691380421        0.0
0.002889515929      4.832511372e+12     3.355868719e+30     28.77302564         115.8708143         0.7723388802        0.0
0.00293974526       4.916583194e+12     3.393276133e+30     28.75668206         115.8901802         0.7753667869        0.0
0.002990847743      5.002117017e+12     3.430281929e+30     28.74314539         115.9076893         0.7784533479        0.0
0.003042838555      5.089139077e+12     3.467365944e+30     28.73039279         115.9246205         0.7815385294        0.0
0.00309573314       5.177675218e+12     3.5048647e+30       28.71719718         115.9416434         0.7845788502        0.0
0.003149547207      5.26774866e+12      3.543703567e+30     28.70054452         115.9598847         0.7874500826        0.0
0.003204296741      5.359388928e+12     3.582136735e+30     28.68671854         115.9764647         0.7903746478        0.0
0.003259998002      5.452624158e+12     3.620580367e+30     28.67368347         115.9923398         0.7933016834        0.0
0.003316667535      5.547482084e+12     3.659360458e+30     28.66018871         116.0080973         0.7961909262        0.0
0.003374322172      5.643986976e+12     3.69957601e+30      28.64326554         116.0252896         0.7989105856        0.0
0.003432979037      5.742170547e+12     3.739325343e+30     28.62917272         116.0410113         0.8016822165        0.0
0.003492655552      5.842062953e+12     3.779018192e+30     28.61587295         116.0559113         0.8044588124        0.0
0.003553369442      5.943694034e+12     3.818892729e+30     28.60241049         116.0703163         0.8072118061        0.0
0.00361513874       6.047090152e+12     3.859209238e+30     28.58900162         116.0846661         0.8099050751        0.0
0.003677981792      6.152285242e+12     3.8997356e+30       28.57545156         116.0984578         0.8125672315        0.0
0.003741917264      6.259309489e+12     3.940483147e+30     28.56182495         116.1120867         0.8152019287        0.0
0.003806964146      6.368194257e+12     3.981391248e+30     28.54845503         116.1255874         0.8178148888        0.0
0.003873141758      6.478974828e+12     4.021546779e+30     28.53858784         116.1371704         0.8204779553        0.0
0.003940469755      6.591680004e+12     4.062821241e+30     28.52588579         116.1499696         0.823021652         0.0
0.004008968135      6.70634507e+12      4.104572161e+30     28.51210016         116.1630141         0.825510786         0.0
0.004078657243      6.823004865e+12     4.146090827e+30     28.4992438          116.1752614         0.8280093678        0.0
0.004149557777      6.941694584e+12     4.188179952e+30     28.48520039         116.1874016         0.8304343089        0.0
0.004221690798      7.062447081e+12     4.228846848e+30     28.47633217         116.1974884         0.8329627489        0.0
0.004295077728      7.18529946e+12      4.271323783e+30     28.46221021         116.2093304         0.8353169558        0.0
0.004369740366      7.310288295e+12     4.312735227e+30     28.45212327         116.2197732         0.8377406415        0.0
0.004445700887      7.437449088e+12     4.355035661e+30     28.43920538         116.2305981         0.8400667981        0.0
0.004522981853      7.566823778e+12     4.397461674e+30     28.42623205         116.2411782         0.8423604697        0.0
0.004601606217      7.698446973e+12     4.43921636e+30      28.41558357         116.2507266         0.8446822413        0.0
0.004681597333      7.832360082e+12     4.480986436e+30     28.40545112         116.2603097         0.8469781446        0.0
0.004762978958      7.968600213e+12     4.523628683e+30     28.39228796         116.2701237         0.8491790557        0.0
0.004845775264      8.107211004e+12     4.565055708e+30     28.38252882         116.2780927         0.851439781         0.0
0.004930010844      8.248230984e+12     4.606769687e+30     28.37340321         116.2872504         0.8536562586        0.0
0.005015710717      8.391704627e+12     4.648589456e+30     28.36318451         116.295748          0.8558313973        0.0
0.005102900336      8.537672087e+12     4.691349439e+30     28.35642616         116.3319215         0.8579087651        0.0
0.005191605599      8.686177241e+12     4.732421991e+30     28.34174472         116.3122859         0.8600726513        0.0
0.005281852853      8.837266143e+12     4.773481198e+30     28.33369545         116.3198563         0.8622026458        0.0
0.005373668902      8.990980746e+12     4.815885176e+30     28.32083247         116.3278622         0.864209185         0.0
0.005467081017      9.147368498e+12     4.857024006e+30     28.31194905         116.335157          0.8662649436        0.0
0.005562116943      9.306476867e+12     4.897851014e+30     28.30371925         116.3420249         0.8683047445        0.0
0.005658804907      9.468350795e+12     4.938551548e+30     28.29574398         116.3499085         0.8703152681        0.0
0.005757173628      9.633040726e+12     4.979054916e+30     28.28708787         116.3550507         0.8722998292        0.0
0.005857252322      9.800592179e+12     5.019755946e+30     28.27791286         116.3615853         0.8742357161        0.0
0.005959070714      9.971057865e+12     5.060434773e+30     28.26809444         116.3679653         0.8761350909        0.0
0.006062659046      1.014448746e+13     5.100997168e+30     28.25826639         116.3742642         0.8780048873        0.0
0.006168048085      1.032093345e+13     5.139690613e+30     28.25339288         116.3793548         0.8799404702        0.0
0.006275269135      1.050044716e+13     5.179748565e+30     28.24391982         116.3853974         0.8817614787        0.0
0.00638435404       1.068308165e+13     5.218841682e+30     28.23630311         116.3905043         0.8835950511        0.0
0.006495335201      1.086889242e+13     5.257864807e+30     28.22750187         116.3950396         0.885390529         0.0
0.006608245581      1.105793393e+13     5.29705533e+30      28.21931334         116.4011344         0.88714529          0.0
0.006723118717      1.12502605e+13      5.334536461e+30     28.21476311         116.405799          0.888944803         0.0
0.006839988727      1.144593383e+13     5.372668865e+30     28.20722399         116.4104853         0.8906715541        0.0
0.006958890324      1.16450082e+13      5.410464957e+30     28.19996844         116.4151235         0.8923763938        0.0
0.007079858823      1.184754243e+13     5.447145577e+30     28.19523318         116.4193159         0.8940958603        0.0
0.007202930154      1.205359977e+13     5.484881393e+30     28.18639153         116.4237083         0.8957270733        0.0
0.007328140872      1.226323888e+13     5.52150646e+30      28.18034914         116.4279985         0.8973735641        0.0
0.007455528166      1.247652404e+13     5.557393966e+30     28.17558616         116.4317955         0.8990160603        0.0
0.007585129871      1.269351728e+13     5.59294303e+30      28.17072487         116.435187          0.9006358545        0.0
0.007716984482      1.291428359e+13     5.629708175e+30     28.16194721         116.4394297         0.9021686026        0.0
0.007851131162      1.313888724e+13     5.665345791e+30     28.15553868         116.4429259         0.9037159702        0.0
0.007987609755      1.336739621e+13     5.700301803e+30     28.15067615         116.4463664         0.9052595381        0.0
0.008126460796      1.359987889e+13     5.735031051e+30     28.14579184         116.4496704         0.906780049         0.0
0.008267725526      1.383640141e+13     5.769597155e+30     28.14084542         116.4527155         0.9082765304        0.0
0.008411445905      1.407703803e+13     5.804142395e+30     28.13599191         116.4561478         0.9097463258        0.0
0.008557664618      1.432185779e+13     5.838443124e+30     28.13101596         116.4591241         0.911197338         0.0
0.008706425096      1.457093362e+13     5.872703379e+30     28.12599137         116.4618519         0.9126249067        0.0
0.008857771521      1.482434097e+13     5.907003291e+30     28.12101083         116.4647632         0.9140287245        0.0
0.009011748848      1.508215289e+13     5.941375052e+30     28.11603037         116.4677232         0.9154097158        0.0
0.009168402809      1.534444853e+13     5.975723772e+30     28.11093859         116.4701733         0.9167723383        0.0
0.009327779934      1.56113032e+13      6.010381688e+30     28.10592623         116.4729556         0.9181098666        0.0
0.009489927559      1.588279841e+13     6.044566275e+30     28.10293954         116.4754416         0.9194509899        0.0
0.009654893846      1.61590123e+13      6.079351841e+30     28.09941133         116.4783225         0.9207621417        0.0
0.009822727792      1.64400298e+13      6.114559224e+30     28.09578356         116.4808158         0.9220523031        0.0
0.009993479246      1.67259317e+13      6.150577773e+30     28.09138116         116.4834007         0.9233129194        0.0
0.01016719892       1.7016812e+13       6.187497815e+30     28.08633843         116.4860601         0.9245462595        0.0
0.01034393842       1.731274243e+13     6.225187764e+30     28.08126666         116.4886028         0.925759813         0.0
0.01052375024       1.761380815e+13     6.26380133e+30      28.07620833         116.491251          0.9269534219        0.0
0.01070668778       1.792012402e+13     6.303544146e+30     28.07116113         116.4938964         0.9281277245        0.0
0.01089280538       1.823175538e+13     6.344518984e+30     28.06606555         116.4963416         0.9292832775        0.0
0.01108215832       1.854880752e+13     6.386991604e+30     28.06105419         116.499187          0.9304188738        0.0
0.01127480283       1.887137628e+13     6.43099706e+30      28.0559592          116.5016381         0.931539286         0.0
0.01147079615       1.919954951e+13     6.476602452e+30     28.05210069         116.5044167         0.9326482583        0.0
0.01167019647       1.953342849e+13     6.52415766e+30      28.04851073         116.5070308         0.9337440304        0.0
0.01187306303       1.987310836e+13     6.575406926e+30     28.04089592         116.5099652         0.9347835265        0.0
0.01207945609       2.0218705e+13       6.628448329e+30     28.03587256         116.5127189         0.9358299312        0.0
0.01228943693       2.057029974e+13     6.684350183e+30     28.0308111          116.5153139         0.9368604885        0.0
0.01250306794       2.092800585e+13     6.743697284e+30     28.02591817         116.5186569         0.9378706081        0.0
0.01272041256       2.129194415e+13     6.806570408e+30     28.02101203         116.5219001         0.9388648924        0.0
0.01294153534       2.166220364e+13     6.873446855e+30     28.01626077         116.5257907         0.9398421178        0.0
0.01316650198       2.203889461e+13     6.944688221e+30     28.01125807         116.5286347         0.9408041071        0.0
0.01339537927       2.242213302e+13     7.021698253e+30     28.00372339         116.5322769         0.9417265697        0.0
0.01362823521       2.281205372e+13     7.103976747e+30     27.99589918         116.5357632         0.9426326951        0.0
0.01386513895       2.32087397e+13      7.191197624e+30     27.99122923         116.5400468         0.9435457319        0.0
0.01410616086       2.361231382e+13     7.286644628e+30     27.98083871         116.5441446         0.9443980533        0.0
0.01435137253       2.40229234e+13      7.387819761e+30     27.97356191         116.5481138         0.9452630516        0.0
0.01460084679       2.444067643e+13     7.497099438e+30     27.9647121          116.5525642         0.9460997439        0.0
0.01485465773       2.486568125e+13     7.614682705e+30     27.95549886         116.5571036         0.9469188861        0.0
0.01511288075       2.529807957e+13     7.741615344e+30     27.94532796         116.562179          0.9477154974        0.0
0.01537559254       2.573800259e+13     7.877974698e+30     27.93505254         116.5668231         0.9485012349        0.0
0.01564287112       2.618555496e+13     8.024921503e+30     27.92499668         116.5723368         0.9492700274        0.0
0.01591479589       2.664090373e+13     8.182872839e+30     27.91473892         116.5770613         0.950031403         0.0
0.01619144761       2.710417749e+13     8.354535901e+30     27.90113077         116.5830423         0.9507486114        0.0
0.01647290845       2.75755036e+13      8.537629608e+30     27.89270589         116.5892768         0.9514912296        0.0
0.01675926201       2.805503092e+13     8.736751085e+30     27.87861487         116.5956526         0.9521803735        0.0
0.01705059334       2.854289276e+13     8.951105621e+30     27.864512           116.6019782         0.9528598783        0.0
0.01734698897       2.903924002e+13     9.181874141e+30     27.85038376         116.6081561         0.9535290915        0.0
0.01764853694       2.954421656e+13     9.431601726e+30     27.83269328         116.6148723         0.9541600944        0.0
0.0179553268        3.005798287e+13     9.699675749e+30     27.81668268         116.6216735         0.9547936061        0.0
0.01826744969       3.058069051e+13     9.987816682e+30     27.80288106         116.6292935         0.9554277839        0.0
0.01858499831       3.111247157e+13     1.029956949e+31     27.78326904         116.6364195         0.9560148891        0.0
0.01890806696       3.165352359e+13     1.063475279e+31     27.76368241         116.6436723         0.9565935751        0.0
0.01923675162       3.220396332e+13     1.099529239e+31     27.74432657         116.6519117         0.9571592883        0.0
0.01957114991       3.276398982e+13     1.138277174e+31     27.72482557         116.6595387         0.9577181513        0.0
0.01991136114       3.333376901e+13     1.180088922e+31     27.6995674          116.6669398         0.9582318979        0.0
0.02025748636       3.391346458e+13     1.224876942e+31     27.6786659          116.6757            0.958760909         0.0
0.02060962838       3.450322398e+13     1.273015464e+31     27.65506162         116.683105          0.9592688317        0.0
0.0209678918        3.510325093e+13     1.324778311e+31     27.63010941         116.6918086         0.9597542212        0.0
0.02133238302       3.571373496e+13     1.380368503e+31     27.6018725          116.699171          0.9602176055        0.0
0.0217032103        3.633482767e+13     1.439980655e+31     27.57394865         116.7069585         0.960673149         0.0
0.02208048378       3.696673876e+13     1.50395137e+31      27.54293087         116.7142132         0.9611042338        0.0
0.02246431552       3.760962997e+13     1.57250662e+31      27.51356645         116.7222954         0.9615343506        0.0
0.02285481952       3.826373231e+13     1.646000622e+31     27.48102867         116.7292579         0.9619423069        0.0
0.02325211178       3.892921247e+13     1.724690724e+31     27.44871828         116.7366539         0.9623425993        0.0
0.02365631028       3.960625877e+13     1.808983077e+31     27.41307798         116.7429043         0.9627201347        0.0
0.02406753509       4.029512132e+13     1.899315726e+31     27.37147867         116.7468154         0.963062012         0.0
0.02448590835       4.099595568e+13     1.995802541e+31     27.3360472          116.7533575         0.9634256645        0.0
0.02491155432       4.170900071e+13     2.09907398e+31      27.29432079         116.7573801         0.9637528843        0.0
0.02534459941       4.243445533e+13     2.209435891e+31     27.25251751         116.7611368         0.9640734945        0.0
0.02578517227       4.31725568e+13      2.327375752e+31     27.21069716         116.764753          0.9643883306        0.0
0.02623340373       4.392349261e+13     2.453419721e+31     27.16243467         116.7652268         0.9646669054        0.0
0.02668942694       4.468751881e+13     2.587956256e+31     27.11402021         116.7650524         0.9649402701        0.0
0.02715337733       4.546484891e+13     2.731540595e+31     27.06553509         116.7646029         0.9652078768        0.0
0.02762539272       4.625571554e+13     2.884801088e+31     27.0126903          116.7613775         0.9654500474        0.0
0.02810561329       4.706037013e+13     3.048231595e+31     26.96215137         116.7605382         0.9656907633        0.0
0.02859418169       4.78790454e+13      3.222453683e+31     26.90550229         116.7527736         0.9659126968        0.0
0.02909124301       4.871198891e+13     3.408202183e+31     26.84489598         116.7428002         0.966108178         0.0
0.02959694491       4.956005722e+13     3.526329764e+31     26.25704568         114.3163899         0.9668040803        0.0
0.03011143757       5.042376556e+13     3.543122163e+31     24.95847932         108.6627676         0.9681469039        0.0
0.03063487381       5.130256483e+13     3.558645669e+31     23.63733959         102.9108667         0.9695130703        0.0
0.03116740911       5.219672006e+13     3.572823487e+31     22.29323409         97.05897881         0.9709029852        0.0
0.03170920163       5.310650097e+13     3.58557557e+31      20.9257636          91.10536575         0.9723170614        0.0
0.03226041229       5.403218208e+13     3.596818494e+31     19.53452195         85.04825922         0.9737557189        0.0
0.03282120481       5.497404278e+13     3.606465324e+31     18.11909593         78.88586018         0.975219385         0.0
0.03339174576       5.59323674e+13      3.61442549e+31      16.67906512         72.61633829         0.9767084944        0.0
0.0339722046        5.690744536e+13     3.620604641e+31     15.21400183         66.2378314          0.9782234895        0.0
0.03456275373       5.789957118e+13     3.624904507e+31     13.72347089         59.74844499         0.9797648203        0.0
0.03516356855       5.890904466e+13     3.627222748e+31     12.20702961         53.14625161         0.9813329444        0.0
0.03577482752       5.993617089e+13     3.627452803e+31     10.66422757         46.4292903          0.9829283277        0.0
0.04036173155       6.764557336e+13     3.776071891e+31     0.0                 0.0                 0.9938715938        0.0
0.04106335176       6.882248711e+13     4.183982602e+31     0.0                 0.0                 0.9937078588        0.0
0.04177716845       7.001989493e+13     4.610987146e+31     0.0                 0.0                 0.9935412775        0.0
0.04250339363       7.123815432e+13     5.057838367e+31     0.0                 0.0                 0.9933718005        0.0
0.043242243         7.247762905e+13     5.525316957e+31     0.0                 0.0                 0.9931993775        0.0
0.04399393602       7.373868922e+13     6.01423246e+31      0.0                 0.0                 0.9930239571        0.0
0.04475869594       7.502171146e+13     6.525424307e+31     0.0                 0.0                 0.9928454874        0.0
0.04553674992       7.632707895e+13     7.059762889e+31     0.0                 0.0                 0.9926639153        0.0
0.04632832904       7.76551816e+13      7.618150674e+31     0.0                 0.0                 0.9924791868        0.0
0.04713366842       7.900641616e+13     8.201523352e+31     0.0                 0.0                 0.9922912472        0.0
0.04795300727       8.038118632e+13     8.810851035e+31     0.0                 0.0                 0.9921000406        0.0
0.04878658892       8.177990284e+13     9.447139485e+31     0.0                 0.0                 0.9919055101        0.0
0.04963466098       8.320298368e+13     1.01114314e+32      0.0                 0.0                 0.9917075981        0.0
0.05049747534       8.465144673e+13     1.095354543e+32     0.0                 0.0                 0.9914927536        0.0
0.05137528826       8.612561367e+13     1.194672757e+32     0.0                 0.0                 0.9912640939        0.0
0.05226836046       8.762549927e+13     1.298532678e+32     0.0                 0.0                 0.9910314593        0.0
0.05317695721       8.915155385e+13     1.407111983e+32     0.0                 0.0                 0.9907947808        0.0
0.05410134837       9.070423568e+13     1.520594898e+32     0.0                 0.0                 0.990553988         0.0
0.05504180851       9.228401112e+13     1.639172438e+32     0.0                 0.0                 0.9903090094        0.0
0.05599861695       9.389135476e+13     1.763042647e+32     0.0                 0.0                 0.9900597723        0.0
0.05697205787       9.552674954e+13     1.892410848e+32     0.0                 0.0                 0.9898062026        0.0
0.05796242042       9.719068697e+13     2.02748991e+32      0.0                 0.0                 0.989548225         0.0
0.05896999874       9.88836672e+13      2.168500517e+32     0.0                 0.0                 0.989285763         0.0
0.0599950921        1.006061992e+14     2.315671443e+32     0.0                 0.0                 0.9890187384        0.0
0.06103800497       1.023604639e+14     2.504962651e+32     0.0                 0.0                 0.9887208459        0.0
0.06209904711       1.041454209e+14     2.702945747e+32     0.0                 0.0                 0.9884176489        0.0
0.06317853366       1.059616025e+14     2.909786416e+32     0.0                 0.0                 0.9881091813        0.0
0.06427678526       1.078095584e+14     3.125828564e+32     0.0                 0.0                 0.9877953515        0.0
0.0653941281        1.09689848e+14      3.351428735e+32     0.0                 0.0                 0.9874760663        0.0
0.06653089404       1.116030409e+14     3.586956566e+32     0.0                 0.0                 0.9871512309        0.0
0.06768742074       1.135497165e+14     3.832795254e+32     0.0                 0.0                 0.9868207488        0.0
0.06886405168       1.155304649e+14     4.089342046e+32     0.0                 0.0                 0.9864845218        0.0
0.07006113636       1.175460037e+14     4.359290671e+32     0.0                 0.0                 0.9861410185        0.0
0.07127903033       1.195990887e+14     4.684792291e+32     0.0                 0.0                 0.9857644835        0.0
0.07251809531       1.21688205e+14      5.024709679e+32     0.0                 0.0                 0.985381403         0.0
0.07377869934       1.238139908e+14     5.379600541e+32     0.0                 0.0                 0.9849916633        0.0
0.07506121683       1.25977096e+14      5.750043049e+32     0.0                 0.0                 0.9845951487        0.0
0.07636602871       1.281781821e+14     6.136636576e+32     0.0                 0.0                 0.9841917413        0.0
0.07769352253       1.304179228e+14     6.540002449e+32     0.0                 0.0                 0.9837813213        0.0
0.07904409258       1.326970037e+14     6.960784741e+32     0.0                 0.0                 0.9833637669        0.0
0.08041813999       1.350170545e+14     7.416531044e+32     0.0                 0.0                 0.9829299578        0.0
0.08181607289       1.373801079e+14     7.931881273e+32     0.0                 0.0                 0.9824676838        0.0
0.08323830648       1.397848004e+14     8.469741497e+32     0.0                 0.0                 0.9819973739        0.0
0.08468526319       1.422318756e+14     9.030978249e+32     0.0                 0.0                 0.9815188884        0.0
0.08615737278       1.447220907e+14     9.61648979e+32      0.0                 0.0                 0.9810320853        0.0
0.0876550725        1.472562165e+14     1.022720725e+33     0.0                 0.0                 0.98053682          0.0
0.08917880719       1.498350383e+14     1.086409579e+33     0.0                 0.0                 0.9800329453        0.0
0.09072902942       1.524611795e+14     1.155941444e+33     0.0                 0.0                 0.9795060649        0.0
0.09230619964       1.551358527e+14     1.232102619e+33     0.0                 0.0                 0.9789536989        0.0
0.09391078628       1.578578761e+14     1.311553932e+33     0.0                 0.0                 0.978391731         0.0
0.09554326594       1.606281027e+14     1.394421529e+33     0.0                 0.0                 0.9778199941        0.0
0.09720412348       1.634474015e+14     1.480836165e+33     0.0                 0.0                 0.9772383186        0.0
0.09889385222       1.663166577e+14     1.570933375e+33     0.0                 0.0                 0.9766465317        0.0
0.100612954         1.69238449e+14      1.667595991e+33     0.0                 0.0                 0.9760337272        0.0
0.1023619395        1.722152363e+14     1.773493555e+33     0.0                 0.0                 0.9753905693        0.0
0.1041413281        1.752449927e+14     1.883929082e+33     0.0                 0.0                 0.9747362311        0.0
0.1059516484        1.783286818e+14     1.999076042e+33     0.0                 0.0                 0.9740705184        0.0
0.107793438         1.814672855e+14     2.119114235e+33     0.0                 0.0                 0.9733932335        0.0
0.109667244         1.846618043e+14     2.244230023e+33     0.0                 0.0                 0.972704175         0.0
0.1115736229        1.879179312e+14     2.381956697e+33     0.0                 0.0                 0.9719788669        0.0
0.113513141         1.912332996e+14     2.52714588e+33      0.0                 0.0                 0.9712357289        0.0
0.1154863744        1.946080092e+14     2.678498472e+33     0.0                 0.0                 0.9704796727        0.0
0.117493909         1.980431513e+14     2.836249246e+33     0.0                 0.0                 0.9697104738        0.0
0.1195363412        2.015398386e+14     3.000641535e+33     0.0                 0.0                 0.9689279036        0.0
0.1216142777        2.051043017e+14     3.179632253e+33     0.0                 0.0                 0.9681102341        0.0
0.1237283355        2.087343825e+14     3.368472768e+33     0.0                 0.0                 0.9672720694        0.0
0.1258791427        2.124298348e+14     3.565280023e+33     0.0                 0.0                 0.9664193345        0.0
0.128067338         2.161918744e+14     3.770356769e+33     0.0                 0.0                 0.9655517764        0.0
0.1302935713        2.200227068e+14     3.9854229e+33       0.0                 0.0                 0.9646658436        0.0
0.1325585039        2.239292606e+14     4.21905272e+33      0.0                 0.0                 0.963742451         0.0
0.1348628086        2.27906593e+14      4.462507353e+33     0.0                 0.0                 0.9628030067        0.0
0.1372071697        2.31956035e+14      4.716159708e+33     0.0                 0.0                 0.9618472318        0.0
0.1395922835        2.360789442e+14     4.980396263e+33     0.0                 0.0                 0.9608748424        0.0
0.1420188584        2.402837257e+14     5.265461727e+33     0.0                 0.0                 0.959867071         0.0
0.1444876153        2.445666078e+14     5.564501154e+33     0.0                 0.0                 0.9588379845        0.0
0.1469992873        2.489276563e+14     5.876015938e+33     0.0                 0.0                 0.9577910091        0.0
0.1495546204        2.533683604e+14     6.200478141e+33     0.0                 0.0                 0.9567258338        0.0
0.1521543737        2.578980087e+14     6.54885295e+33      0.0                 0.0                 0.9556267298        0.0
0.1547993193        2.625124528e+14     6.913962541e+33     0.0                 0.0                 0.9545052782        0.0
0.1574902428        2.672117166e+14     7.294230637e+33     0.0                 0.0                 0.953364332         0.0
0.1602279434        2.719982724e+14     7.691312052e+33     0.0                 0.0                 0.9522023582        0.0
0.1630132343        2.768825304e+14     8.117108996e+33     0.0                 0.0                 0.9510068083        0.0
0.1658469428        2.818571647e+14     8.560551168e+33     0.0                 0.0                 0.9497904758        0.0
0.1687299104        2.869239383e+14     9.022304527e+33     0.0                 0.0                 0.9485529994        0.0
0.1716629936        2.920909585e+14     9.510870594e+33     0.0                 0.0                 0.9472882976        0.0
0.1746470635        2.973590737e+14     1.002573793e+34     0.0                 0.0                 0.9459971711        0.0
0.1776830063        3.027254505e+14     1.056181321e+34     0.0                 0.0                 0.9446836006        0.0
0.1807717238        3.081950005e+14     1.112340435e+34     0.0                 0.0                 0.9433458423        0.0
0.1839141335        3.137761215e+14     1.171891953e+34     0.0                 0.0                 0.9419806947        0.0
0.1871111686        3.194621047e+14     1.233888978e+34     0.0                 0.0                 0.9405918164        0.0
0.1903637788        3.252564657e+14     1.298582898e+34     0.0                 0.0                 0.939178719         0.0
0.19367293          3.311716579e+14     1.36722834e+34      0.0                 0.0                 0.9377404461        0.0
0.1970396052        3.371988343e+14     1.438682748e+34     0.0                 0.0                 0.9362771712        0.0
0.2004648044        3.433420951e+14     1.513246974e+34     0.0                 0.0                 0.9347890156        0.0
0.2039495449        3.496141026e+14     1.592133142e+34     0.0                 0.0                 0.9332785932        0.0
0.2074948616        3.560057848e+14     1.674234561e+34     0.0                 0.0                 0.9317419147        0.0
0.2111018077        3.625239841e+14     1.760113763e+34     0.0                 0.0                 0.9301812307        0.0
0.2147714544        3.6917738e+14       1.850517018e+34     0.0                 0.0                 0.9285996791        0.0
0.2185048916        3.759587616e+14     1.944589127e+34     0.0                 0.0                 0.9269906348        0.0
0.2223032284        3.82880045e+14      2.043344608e+34     0.0                 0.0                 0.9253618495        0.0
0.2261675928        3.899413965e+14     2.146683962e+34     0.0                 0.0                 0.9237101853        0.0
0.2300991326        3.971401176e+14     2.254233076e+34     0.0                 0.0                 0.9220302607        0.0
0.2340990155        4.044945156e+14     2.367516904e+34     0.0                 0.0                 0.9203388662        0.0
0.2381684297        4.11992566e+14      2.485368499e+34     0.0                 0.0                 0.9186180697        0.0
0.2423085837        4.196465823e+14     2.608724411e+34     0.0                 0.0                 0.9168798056        0.0
0.2465207072        4.274585185e+14     2.737664541e+34     0.0                 0.0                 0.9151213704        0.0
0.2508060514        4.35427584e+14      2.872022741e+34     0.0                 0.0                 0.9133372903        0.0
0.255165889         4.435683499e+14     3.01285491e+34      0.0                 0.0                 0.9115438144        0.0
0.2596015149        4.518706743e+14     3.159323202e+34     0.0                 0.0                 0.909719162         0.0
0.2641142467        4.603544814e+14     3.312796396e+34     0.0                 0.0                 0.9078903648        0.0
0.2687054247        4.690094618e+14     3.472509812e+34     0.0                 0.0                 0.9060324941        0.0
0.2733764126        4.778510765e+14     3.639439759e+34     0.0                 0.0                 0.9041666107        0.0
0.2781285976        4.868758171e+14     3.813349453e+34     0.0                 0.0                 0.9022777644        0.0
0.2829633913        4.960941382e+14     3.994836547e+34     0.0                 0.0                 0.9003785523        0.0
0.2878822297        5.055067029e+14     4.183958996e+34     0.0                 0.0                 0.8984607611        0.0
0.2928865737        5.151216137e+14     4.381146695e+34     0.0                 0.0                 0.8965323844        0.0
0.2979779098        5.249410845e+14     4.586567674e+34     0.0                 0.0                 0.8945874686        0.0
0.3031577501        5.34973508e+14      4.800646688e+34     0.0                 0.0                 0.8926343278        0.0
0.3084276331        5.45220047e+14      5.023525815e+34     0.0                 0.0                 0.8906639027        0.0
0.3137891242        5.556920042e+14     5.255738552e+34     0.0                 0.0                 0.8886905005        0.0
0.3192438156        5.663869178e+14     5.497313616e+34     0.0                 0.0                 0.8866959981        0.0
0.3247933276        5.773215927e+14     5.748959717e+34     0.0                 0.0                 0.8847068057        0.0
0.3304393084        5.884889586e+14     6.010596663e+34     0.0                 0.0                 0.8826931312        0.0
0.3361834351        5.999092106e+14     6.282993349e+34     0.0                 0.0                 0.8806888216        0.0
0.3420274136        6.115767858e+14     6.566171221e+34     0.0                 0.0                 0.8786666278        0.0
0.3479729798        6.235043879e+14     6.860679147e+34     0.0                 0.0                 0.8766417582        0.0
0.3540218995        6.356985523e+14     7.166855151e+34     0.0                 0.0                 0.8746151278        0.0
0.3601759695        6.481599895e+14     7.485030774e+34     0.0                 0.0                 0.8725718613        0.0
0.3664370175        6.609079663e+14     7.81573348e+34      0.0                 0.0                 0.870543119         0.0
0.3728069033        6.739385804e+14     8.159255656e+34     0.0                 0.0                 0.8685018884        0.0
0.3792875186        6.872617434e+14     8.516079529e+34     0.0                 0.0                 0.8664545907        0.0
0.3858807885        7.008916173e+14     8.8866045e+34       0.0                 0.0                 0.8644186329        0.0
0.3925886712        7.14827741e+14      9.271300544e+34     0.0                 0.0                 0.8623733268        0.0
0.3994131591        7.290806645e+14     9.670646833e+34     0.0                 0.0                 0.8603252639        0.0
0.406356279         7.436645582e+14     1.008500431e+35     0.0                 0.0                 0.8582902562        0.0
0.4134200934        7.585807049e+14     1.051496327e+35     0.0                 0.0                 0.8562500089        0.0
0.4206067002        7.738385278e+14     1.096104795e+35     0.0                 0.0                 0.854206426         0.0
0.4279182339        7.894532539e+14     1.142359285e+35     0.0                 0.0                 0.8521760935        0.0
0.4353568662        8.05429929e+14      1.190321429e+35     0.0                 0.0                 0.850148442         0.0
0.4429248066        8.217769595e+14     1.240050988e+35     0.0                 0.0                 0.8481207063        0.0
0.4506243027        8.385046716e+14     1.291603699e+35     0.0                 0.0                 0.8460944405        0.0
0.4584576415        8.556273781e+14     1.345015469e+35     0.0                 0.0                 0.8440811001        0.0
0.4664271497        8.731529784e+14     1.400353719e+35     0.0                 0.0                 0.8420744412        0.0
0.4745351942        8.910909967e+14     1.457685549e+35     0.0                 0.0                 0.8400715707        0.0
0.4827841832        9.094527986e+14     1.517071569e+35     0.0                 0.0                 0.8380736555        0.0
0.491176567         9.282500204e+14     1.578573607e+35     0.0                 0.0                 0.8360817511        0.0
0.4997148381        9.474951856e+14     1.642249657e+35     0.0                 0.0                 0.8340984388        0.0
0.5084015326        9.67201948e+14      1.70814956e+35      0.0                 0.0                 0.8321284547        0.0
0.5172392305        9.873802774e+14     1.776360152e+35     0.0                 0.0                 0.8301657068        0.0
0.5262305568        1.008043055e+15     1.846950035e+35     0.0                 0.0                 0.8282108967        0.0
0.535378182         1.029203494e+15     1.919989428e+35     0.0                 0.0                 0.8262646482        0.0
0.5446848232        1.050875141e+15     1.995550448e+35     0.0                 0.0                 0.8243274828        0.0
0.5541532446        1.073071892e+15     2.073707187e+35     0.0                 0.0                 0.8223998373        0.0
0.5637862584        1.095808009e+15     2.154535815e+35     0.0                 0.0                 0.8204820708        0.0
0.5735867258        1.119098137e+15     2.238114703e+35     0.0                 0.0                 0.8185744586        0.0
0.5835575576        1.142957313e+15     2.324524462e+35     0.0                 0.0                 0.8166772124        0.0
0.5937017155        1.167400966e+15     2.413848147e+35     0.0                 0.0                 0.8147904731        0.0
0.6040222123        1.192444957e+15     2.506171302e+35     0.0                 0.0                 0.8129143345        0.0
0.6145221135        1.218105574e+15     2.601582157e+35     0.0                 0.0                 0.8110488219        0.0
0.6252045376        1.244399554e+15     2.700171546e+35     0.0                 0.0                 0.8091939164        0.0
0.6360726576        1.271344101e+15     2.802033241e+35     0.0                 0.0                 0.8073495555        0.0
0.6471297014        1.298956891e+15     2.907263909e+35     0.0                 0.0                 0.8055156386        0.0
0.6583789531        1.327256094e+15     3.015963184e+35     0.0                 0.0                 0.8036920238        0.0
0.6698237539        1.356260411e+15     3.128234054e+35     0.0                 0.0                 0.8018785456        0.0
0.6814675032        1.38599027e+15      3.244141337e+35     0.0                 0.0                 0.8000794557        0.0
0.6933136594        1.416464348e+15     3.363824207e+35     0.0                 0.0                 0.7982908921        0.0
0.7053657408        1.447702773e+15     3.487400526e+35     0.0                 0.0                 0.7965120192        0.0
0.7176273273        1.479726437e+15     3.614986904e+35     0.0                 0.0                 0.7947425376        0.0
0.7301020606        1.512556876e+15     3.74670068e+35      0.0                 0.0                 0.792982412         0.0
0.7427936459        1.546217437e+15     3.882593029e+35     0.0                 0.0                 0.7912374808        0.0
0.755705853         1.580729405e+15     4.022860453e+35     0.0                 0.0                 0.7895010898        0.0
0.7688425169        1.616116157e+15     4.167635308e+35     0.0                 0.0                 0.7877728795        0.0
0.7822075393        1.652402462e+15     4.316988877e+35     0.0                 0.0                 0.7860573349        0.0
0.79580489          1.689612559e+15     4.471085118e+35     0.0                 0.0                 0.7843518936        0.0
0.8096386076        1.727771508e+15     4.630103664e+35     0.0                 0.0                 0.7826535516        0.0
0.8237128009        1.76690606e+15      4.79408412e+35      0.0                 0.0                 0.7809691432        0.0
0.8380316501        1.807042433e+15     4.96327282e+35      0.0                 0.0                 0.7792917806        0.0
0.8525994083        1.848208415e+15     5.137763317e+35     0.0                 0.0                 0.7776249807        0.0
0.8674204022        1.89043228e+15      5.317730982e+35     0.0                 0.0                 0.7759673067        0.0
0.8824990339        1.933743112e+15     5.50333056e+35      0.0                 0.0                 0.7743188265        0.0
0.897839782         1.978170907e+15     5.694726718e+35     0.0                 0.0                 0.7726793683        0.0
0.9134472031        2.023746303e+15     5.892075691e+35     0.0                 0.0                 0.7710493885        0.0
0.9293259326        2.070501301e+15     6.095593568e+35     0.0                 0.0                 0.7694266032        0.0
0.9454806869        2.118467674e+15     6.305376858e+35     0.0                 0.0                 0.7678148955        0.0
0.9619162642        2.167679758e+15     6.521700542e+35     0.0                 0.0                 0.7662096961        0.0
0.9786375462        2.218171452e+15     6.744705824e+35     0.0                 0.0                 0.7646131924        0.0
0.9956494992        2.269977813e+15     6.974573281e+35     0.0                 0.0                 0.7630258019        0.0
1.012957176         2.323135916e+15     7.211551143e+35     0.0                 0.0                 0.7614453367        0.0
1.030565718         2.377683122e+15     7.455839849e+35     0.0                 0.0                 0.7598720413        0.0
1.048480354         2.433656908e+15     7.707604476e+35     0.0                 0.0                 0.758307653         0.0
1.066706406         2.491097324e+15     7.967095674e+35     0.0                 0.0                 0.7567507713        0.0
1.085249286         2.550045275e+15     8.234551696e+35     0.0                 0.0                 0.755200842         0.0
1.104114504         2.610542499e+15     8.510202377e+35     0.0                 0.0                 0.7536578782        0.0
1.123307661         2.672631906e+15     8.7942861e+35       0.0                 0.0                 0.7521218517        0.0
1.142834458         2.736357663e+15     9.087049214e+35     0.0                 0.0                 0.7505926902        0.0
1.162700696         2.801765151e+15     9.388746811e+35     0.0                 0.0                 0.7490702753        0.0
1.182912274         2.868901106e+15     9.699642579e+35     0.0                 0.0                 0.7475544627        0.0
1.203475197         2.937813628e+15     1.002000959e+36     0.0                 0.0                 0.7460451069        0.0
1.224395571         3.008552213e+15     1.035013017e+36     0.0                 0.0                 0.7445420067        0.0
1.24567961          3.081167814e+15     1.069029625e+36     0.0                 0.0                 0.7430449733        0.0
1.267333636         3.155712881e+15     1.104080971e+36     0.0                 0.0                 0.7415537826        0.0
1.289364081         3.23224146e+15      1.140198284e+36     0.0                 0.0                 0.7400682051        0.0
1.311777488         3.310807283e+15     1.177409464e+36     0.0                 0.0                 0.7385891053        0.0
1.334580513         3.391468297e+15     1.21574983e+36      0.0                 0.0                 0.7371156724        0.0
1.357779931         3.474284139e+15     1.255255393e+36     0.0                 0.0                 0.7356472526        0.0
1.381382631         3.559313999e+15     1.295958559e+36     0.0                 0.0                 0.7341843287        0.0
1.405395624         3.646618869e+15     1.337893326e+36     0.0                 0.0                 0.7327272086        0.0
1.429826042         3.736265678e+15     1.381102981e+36     0.0                 0.0                 0.7312743857        0.0
1.454681141         3.828315157e+15     1.425616266e+36     0.0                 0.0                 0.7298278235        0.0
1.479968304         3.922840399e+15     1.471483153e+36     0.0                 0.0                 0.7283851662        0.0
1.505695042         4.019904956e+15     1.518733477e+36     0.0                 0.0                 0.726948576         0.0
1.531868995         4.1195853e+15       1.567418199e+36     0.0                 0.0                 0.7255160901        0.0
1.558497938         4.22195243e+15      1.617576025e+36     0.0                 0.0                 0.7240885527        0.0
1.58558978          4.327081427e+15     1.669250783e+36     0.0                 0.0                 0.7226660091        0.0
1.613152568         4.435052002e+15     1.722491518e+36     0.0                 0.0                 0.7212478167        0.0
1.641194488         4.545943766e+15     1.777344806e+36     0.0                 0.0                 0.7198340535        0.0
1.669723869         4.659838354e+15     1.833858439e+36     0.0                 0.0                 0.7184248848        0.0
1.698749185         4.776819626e+15     1.892081583e+36     0.0                 0.0                 0.7170204617        0.0
1.728279057         4.896976238e+15     1.952068417e+36     0.0                 0.0                 0.7156203449        0.0
1.758322255         5.020397887e+15     2.013872466e+36     0.0                 0.0                 0.714224534         0.0
1.788887704         5.147176915e+15     2.077549121e+36     0.0                 0.0                 0.7128329847        0.0
1.819984481         5.277408584e+15     2.143155723e+36     0.0                 0.0                 0.7114456375        0.0
1.851621823         5.41118867e+15      2.210748623e+36     0.0                 0.0                 0.7100628497        0.0
1.883809126         5.548619732e+15     2.280391107e+36     0.0                 0.0                 0.7086842059        0.0
1.916555951         5.689805994e+15     2.352146628e+36     0.0                 0.0                 0.7073095918        0.0
1.949872024         5.834854815e+15     2.426080746e+36     0.0                 0.0                 0.7059388667        0.0
1.98376724          5.983871318e+15     2.502254832e+36     0.0                 0.0                 0.7045728075        0.0
2.018251667         6.13697405e+15      2.580744296e+36     0.0                 0.0                 0.7032104779        0.0
2.053335548         6.294275773e+15     2.661616294e+36     0.0                 0.0                 0.7018524186        0.0
2.089029302         6.455899114e+15     2.744947411e+36     0.0                 0.0                 0.7004982061        0.0
2.125343531         6.621963515e+15     2.830809408e+36     0.0                 0.0                 0.69914837          0.0
2.162289022         6.792599901e+15     2.919284798e+36     0.0                 0.0                 0.69780234          0.0
2.199876747         6.967937869e+15     3.010453149e+36     0.0                 0.0                 0.6964602773        0.0
2.238117871         7.148108916e+15     3.104394876e+36     0.0                 0.0                 0.6951225592        0.0
2.277023753         7.333254505e+15     3.201198986e+36     0.0                 0.0                 0.6937887921        0.0
2.316605947         7.523516888e+15     3.300954001e+36     0.0                 0.0                 0.6924590443        0.0
2.35687621          7.719042718e+15     3.403751423e+36     0.0                 0.0                 0.6911333249        0.0
2.397846503         7.919983273e+15     3.509686045e+36     0.0                 0.0                 0.6898116345        0.0
2.439528996         8.126494529e+15     3.618855767e+36     0.0                 0.0                 0.6884939602        0.0
2.481936067         8.338734319e+15     3.731359279e+36     0.0                 0.0                 0.6871805454        0.0
2.525080314         8.556869813e+15     3.847302529e+36     0.0                 0.0                 0.685871207         0.0
2.568974551         8.781072325e+15     3.966794451e+36     0.0                 0.0                 0.6845658005        0.0
2.613631814         9.011513025e+15     4.089942411e+36     0.0                 0.0                 0.6832647202        0.0
2.659065368         9.248376502e+15     4.216864719e+36     0.0                 0.0                 0.6819676085        0.0
2.705288707         9.491843678e+15     4.347675825e+36     0.0                 0.0                 0.680674851         0.0
2.75231556          9.742109845e+15     4.482501082e+36     0.0                 0.0                 0.6793861345        0.0
2.800159896         9.999371095e+15     4.621466237e+36     0.0                 0.0                 0.6781015799        0.0
2.848835924         1.026382752e+16     4.764698526e+36     0.0                 0.0                 0.6768214021        0.0
2.898358102         1.053568998e+16     4.912334737e+36     0.0                 0.0                 0.6755454592        0.0
2.948741139         1.081517438e+16     5.064513514e+36     0.0                 0.0                 0.6742737654        0.0
3.0                 1.11025012e+16      5.221378048e+36     0.0                 0.0                 0.67300635          0.0
