8e-11               132515.5224         7.327362136e+20     36.02486032         28.93476281         0.0
8.20306087e-11      135879.1328         7.64071626e+20      36.02599571         28.93526307         0.0
8.411275955e-11     139328.1216         7.968568446e+20     36.02715986         28.93577598         0.0
8.624776081e-11     142864.6558         8.311622857e+20     36.02835349         28.93630185         0.0
8.843695398e-11     146490.9577         8.670618792e+20     36.02957736         28.93684101         0.0
9.068171458e-11     150209.3058         9.046332457e+20     36.03083223         28.93739379         0.0
9.298345307e-11     154022.0366         9.43957884e+20      36.03211887         28.93796054         0.0
9.534361567e-11     157931.5458         9.851213673e+20     36.03343809         28.93854161         0.0
9.776368537e-11     161940.288          1.026749593e+21     36.03458958         28.9390133          0.0
1.002451827e-10     166050.7838         1.07022158e+21      36.03576135         28.93949144         0.0
1.02789667e-10      170265.6162         1.115691522e+21     36.0369629          28.93998175         0.0
1.053987369e-10     174587.4336         1.163256074e+21     36.03819498         28.94048453         0.0
1.080740318e-10     179018.9516         1.213016709e+21     36.03945837         28.94100009         0.0
1.108172327e-10     183562.9549         1.265079951e+21     36.04075386         28.94152877         0.0
1.136300631e-10     188222.2986         1.319557637e+21     36.04208228         28.94207089         0.0
1.165142906e-10     192999.9105         1.376567182e+21     36.04344446         28.9426268          0.0
1.194717272e-10     197898.7927         1.436231864e+21     36.04484126         28.94319686         0.0
1.225042313e-10     202922.021          1.496933206e+21     36.04614087         28.94371208         0.0
1.256137083e-10     208072.7532         1.559883905e+21     36.04743368         28.94421959         0.0
1.288021119e-10     213354.2266         1.625714481e+21     36.04875929         28.94473996         0.0
1.320714455e-10     218769.7599         1.69456387e+21      36.05011852         28.94527351         0.0
1.354237633e-10     224322.7559         1.766577918e+21     36.05151222         28.94582058         0.0
1.388611717e-10     230016.7039         1.841909723e+21     36.05294127         28.94638151         0.0
1.423858305e-10     235855.1818         1.920720005e+21     36.05440656         28.94695665         0.0
1.459999544e-10     241841.8583         2.00317749e+21      36.05590901         28.94754636         0.0
1.497058141e-10     247980.4951         2.089459313e+21     36.05744957         28.94815101         0.0
1.535057382e-10     254274.9469         2.177789006e+21     36.05895046         28.94873732         0.0
1.574021143e-10     260729.1692         2.268731318e+21     36.06043309         28.94931445         0.0
1.613973906e-10     267347.2197         2.363814035e+21     36.06195346         28.94990631         0.0
1.654940774e-10     274133.2569         2.463236325e+21     36.06351254         28.95051329         0.0
1.696947488e-10     281091.5448         2.567207235e+21     36.06511132         28.95113577         0.0
1.740020442e-10     288226.4559         2.675946199e+21     36.06675082         28.95177416         0.0
1.7841867e-10       295542.4734         2.789683552e+21     36.06843207         28.95242885         0.0
1.829474013e-10     303044.1946         2.908661085e+21     36.07015614         28.95310027         0.0
1.875910836e-10     310736.3332         3.033132624e+21     36.07192412         28.95378886         0.0
1.923526347e-10     318623.72           3.161387738e+21     36.07366186         28.95446126         0.0
1.972350464e-10     326711.3093         3.292444215e+21     36.0753291          28.95509931         0.0
2.022413864e-10     335004.1873         3.429437158e+21     36.07703867         28.95575358         0.0
2.073748004e-10     343507.5649         3.572651242e+21     36.07879166         28.95642446         0.0
2.126385138e-10     352226.7854         3.722385245e+21     36.08058917         28.95711239         0.0
2.18035834e-10      361167.3277         3.878952754e+21     36.08243232         28.9578178          0.0
2.235701523e-10     370334.8098         4.042682911e+21     36.08432229         28.95854112         0.0
2.29244946e-10      379734.9924         4.2139212e+21       36.08626025         28.95928282         0.0
2.350637808e-10     389373.7822         4.393030272e+21     36.08824742         28.96004337         0.0
2.410303127e-10     399257.2338         4.578835722e+21     36.0902451          28.96080763         0.0
2.471482909e-10     409391.5512         4.767213668e+21     36.09214402         28.96153285         0.0
2.534215592e-10     419783.1105         4.96407887e+21      36.09409091         28.96227629         0.0
2.598540595e-10     430438.4415         5.169836978e+21     36.09608697         28.96303839         0.0
2.664498334e-10     441364.2399         5.384913691e+21     36.09813343         28.96381963         0.0
2.732130253e-10     452567.3711         5.609755772e+21     36.10023157         28.96462047         0.0
2.801478846e-10     464054.875          5.844832103e+21     36.10238267         28.96544139         0.0
2.872587688e-10     475833.9701         6.090634805e+21     36.10458808         28.96628291         0.0
2.945501457e-10     487912.0582         6.3476804e+21       36.10684915         28.96714553         0.0
3.020265968e-10     500296.7285         6.616221184e+21     36.1091592          28.96802562         0.0
3.096928198e-10     512995.7478         6.886262357e+21     36.11123312         28.96877683         0.0
3.175536315e-10     526017.1108         7.168401055e+21     36.11335978         28.96954718         0.0
3.25613971e-10      539368.9997         7.463213429e+21     36.1155405          28.97033714         0.0
3.338789031e-10     553059.8049         7.771304053e+21     36.11777668         28.97114724         0.0
3.423536206e-10     567098.1293         8.093307347e+21     36.12006972         28.97197797         0.0
3.510434486e-10     581492.7945         8.429889084e+21     36.12242108         28.97282986         0.0
3.599538472e-10     596252.846          8.781747961e+21     36.12483224         28.97370347         0.0
3.690904148e-10     611387.5587         9.149617258e+21     36.12730471         28.97459933         0.0
3.784588924e-10     626906.4433         9.534266575e+21     36.12984008         28.97551803         0.0
3.880651664e-10     642819.2312         9.922785644e+21     36.13226115         28.97640661         0.0
3.979152727e-10     659135.9368         1.032599364e+22     36.13470965         28.97730767         0.0
4.080154004e-10     675866.8172         1.074720634e+22     36.13722054         28.97823179         0.0
4.183718957e-10     693022.3859         1.118727942e+22     36.13979544         28.97917958         0.0
4.289912658e-10     710613.4234         1.16471107e+22      36.14243597         28.98015164         0.0
4.398801833e-10     728650.9838         1.212764228e+22     36.14514381         28.9811486          0.0
4.510454898e-10     747146.4019         1.262986275e+22     36.14792069         28.9821711          0.0
4.62494201e-10      766111.3001         1.315480952e+22     36.15076838         28.98321981         0.0
4.742335104e-10     785557.5962         1.370357129e+22     36.15368869         28.9842954          0.0
4.862707941e-10     805497.4864         1.426169417e+22     36.15644248         28.98528663         0.0
4.986136154e-10     825943.51           1.483623888e+22     36.1591375          28.98624326         0.0
5.112697297e-10     846908.5274         1.543627788e+22     36.16190087         28.98722412         0.0
5.242470892e-10     868405.713          1.606301797e+22     36.16473432         28.98822982         0.0
5.375538479e-10     890448.5757         1.671772523e+22     36.16763963         28.98926099         0.0
5.51198367e-10      913050.9673         1.740172803e+22     36.17061862         28.99031827         0.0
5.651892194e-10     936227.0915         1.811642013e+22     36.17367315         28.99140232         0.0
5.795351963e-10     959991.5123         1.886326399e+22     36.17680513         28.99251382         0.0
5.942453114e-10     984359.1635         1.964379418e+22     36.18001654         28.99365346         0.0
6.093288077e-10     1009345.333         2.044338788e+22     36.18314346         28.99475695         0.0
6.247951624e-10     1034965.717         2.12596094e+22      36.18615898         28.99581363         0.0
6.406540935e-10     1061236.441         2.211180854e+22     36.18925078         28.99689693         0.0
6.569155657e-10     1088174.016         2.300168104e+22     36.1924208          28.9980075          0.0
6.735897965e-10     1115795.369         2.393100579e+22     36.19567099         28.99914603         0.0
6.906872628e-10     1144117.857         2.490164892e+22     36.19900339         29.00031322         0.0
7.082187074e-10     1173159.28          2.591556823e+22     36.20242005         29.00150979         0.0
7.261951457e-10     1202937.887         2.697481776e+22     36.20592311         29.00273646         0.0
7.44627873e-10      1233472.392         2.808155259e+22     36.20951474         29.00399399         0.0
7.635284709e-10     1264781.961         2.922386815e+22     36.2130969          29.00525043         0.0
7.829088154e-10     1296886.232         3.037984678e+22     36.21651202         29.00645463         0.0
8.027810835e-10     1329805.435         3.158642215e+22     36.22001413         29.00768962         0.0
8.231577617e-10     1363560.256         3.284596823e+22     36.22360544         29.0089562          0.0
8.440516531e-10     1398171.909         3.4160975e+22       36.22728824         29.01025518         0.0
8.65475886e-10      1433662.144         3.553405429e+22     36.23106486         29.01158739         0.0
8.874439218e-10     1470053.264         3.696794587e+22     36.23493771         29.01295369         0.0
9.099695636e-10     1507368.138         3.846552378e+22     36.23890924         29.01435497         0.0
9.33066965e-10      1545630.217         4.002980314e+22     36.24298198         29.01579212         0.0
9.567506387e-10     1584863.535         4.165699188e+22     36.24710982         29.017246           0.0
9.810354659e-10     1625092.65          4.328903013e+22     36.2508793          29.0185459          0.0
1.005936705e-09     1666342.943         4.499197768e+22     36.25474406         29.01987847         0.0
1.031470003e-09     1708640.338         4.676914549e+22     36.2587065          29.02124452         0.0
1.057651403e-09     1752011.416         4.862400587e+22     36.26276908         29.02264488         0.0
1.084497354e-09     1796483.434         5.056020052e+22     36.26693432         29.02408041         0.0
1.112024726e-09     1842084.339         5.258154901e+22     36.2712048          29.02555198         0.0
1.140250815e-09     1888842.789         5.469205762e+22     36.27558317         29.02706047         0.0
1.169193355e-09     1936788.169         5.689592867e+22     36.28007213         29.02860682         0.0
1.198870533e-09     1985950.612         5.919757032e+22     36.28467447         29.03019196         0.0
1.229300994e-09     2036360.853         6.150376553e+22     36.28889746         29.03162681         0.0
1.260503861e-09     2088050.706         6.389968398e+22     36.29317852         29.03307943         0.0
1.292498737e-09     2141052.669         6.639923469e+22     36.29756877         29.03456933         0.0
1.325305727e-09     2195400.051         6.900724162e+22     36.302071           29.03609747         0.0
1.358945443e-09     2251127.009         7.17287634e+22      36.30668809         29.03766486         0.0
1.393439024e-09     2308268.563         7.45691049e+22      36.31142298         29.03927252         0.0
1.428808142e-09     2366860.626         7.753382957e+22     36.31627869         29.04092148         0.0
1.46507502e-09      2426940.02          8.062877228e+22     36.32125832         29.04261282         0.0
1.502262446e-09     2488544.504         8.386005284e+22     36.32636505         29.04434765         0.0
1.540393785e-09     2551712.609         8.712319174e+22     36.33116639         29.04597025         0.0
1.579492998e-09     2616484.132         9.048343489e+22     36.33592099         29.04757317         0.0
1.619584651e-09     2682899.849         9.398788059e+22     36.34079569         29.04921632         0.0
1.660693935e-09     2751001.499         9.764320597e+22     36.34579351         29.05090067         0.0
1.702846679e-09     2820831.882         1.014564118e+23     36.35091756         29.05262726         0.0
1.74606937e-09      2892434.886         1.054348386e+23     36.356171           29.05439713         0.0
1.790389166e-09     2965855.511         1.095861835e+23     36.36155707         29.05621134         0.0
1.835833913e-09     3041139.902         1.139185181e+23     36.36707912         29.058071           0.0
1.882432167e-09     3118335.372         1.184403066e+23     36.37274055         29.05997723         0.0
1.930213207e-09     3197490.239         1.230437375e+23     36.37816731         29.06179135         0.0
1.979207053e-09     3278654.259         1.27741768e+23      36.38340345         29.06352998         0.0
2.029444491e-09     3361878.606         1.326397833e+23     36.38877305         29.06531318         0.0
2.080957087e-09     3447215.586         1.377469925e+23     36.39427954         29.06714211         0.0
2.133777206e-09     3534718.832         1.430730495e+23     36.39992641         29.06901793         0.0
2.187938038e-09     3624443.34          1.486280752e+23     36.40571727         29.07094188         0.0
2.243473614e-09     3716445.501         1.544226804e+23     36.41165579         29.0729152          0.0
2.300418827e-09     3810783.139         1.604679904e+23     36.41774577         29.07493917         0.0
2.358809458e-09     3907515.546         1.667756701e+23     36.42399107         29.0770151          0.0
2.418682195e-09     4006703.33          1.732505181e+23     36.43011987         29.07904552         0.0
2.480074659e-09     4108408.644         1.79798921e+23      36.43588901         29.08094281         0.0
2.543025424e-09     4212695.748         1.866237742e+23     36.44180388         29.08288768         0.0
2.607574043e-09     4319630.184         1.937377354e+23     36.44786815         29.08488132         0.0
2.673761075e-09     4429279.164         2.011540715e+23     36.45408558         29.08692492         0.0
2.741628106e-09     4541711.602         2.088866887e+23     36.46046            29.08901973         0.0
2.81121778e-09      4656998.165         2.169501641e+23     36.46699537         29.091167           0.0
2.882573821e-09     4775211.312         2.253597788e+23     36.47369572         29.09336804         0.0
2.955741064e-09     4896425.345         2.341315531e+23     36.4805652          29.09562417         0.0
3.030765483e-09     5020716.321         2.432115142e+23     36.48747083         29.09789176         0.0
3.107694218e-09     5148161.81          2.523121349e+23     36.4938508          29.09998695         0.0
3.186575604e-09     5278842.537         2.617937367e+23     36.5003931          29.10213562         0.0
3.267459206e-09     5412840.638         2.716736609e+23     36.50710187         29.10433915         0.0
3.350395845e-09     5550240.334         2.819700802e+23     36.51398136         29.10659896         0.0
3.435437632e-09     5691127.986         2.927020401e+23     36.52103592         29.10891647         0.0
3.522638001e-09     5835592.148         3.038895012e+23     36.52827001         29.11129319         0.0
3.612051743e-09     5983723.621         3.155533848e+23     36.53568823         29.11373062         0.0
3.703735039e-09     6135615.515         3.277156204e+23     36.54329526         29.11623033         0.0
3.797745497e-09     6291363.301         3.403991953e+23     36.55109594         29.11879393         0.0
3.894142185e-09     6451063.746         3.530231942e+23     36.55809248         29.1210625          0.0
3.992985672e-09     6614818.253         3.661584124e+23     36.56524535         29.12338108         0.0
4.094338065e-09     6782729.773         3.798408388e+23     36.57257996         29.12575864         0.0
4.198263046e-09     6954903.846         3.940952915e+23     36.58010093         29.12819669         0.0
4.304825915e-09     7131448.693         4.089477751e+23     36.58781299         29.13069678         0.0
4.414093627e-09     7312475.285         4.244255394e+23     36.59572101         29.13326048         0.0
4.526134838e-09     7498097.409         4.405571408e+23     36.60382997         29.13588941         0.0
4.641019948e-09     7688431.742         4.573725066e+23     36.61214498         29.13858525         0.0
4.758821142e-09     7883597.926         4.749030022e+23     36.6206713          29.14134969         0.0
4.879612437e-09     8083717.331         4.925034784e+23     36.62858017         29.14392013         0.0
5.00346973e-09      8288916.607         5.106511015e+23     36.63646959         29.14648601         0.0
5.130470845e-09     8499325.064         5.295484501e+23     36.6445593          29.14911702         0.0
5.260695579e-09     8715074.959         5.492293227e+23     36.65285439         29.1518148          0.0
5.394225756e-09     8936301.909         5.69729128e+23      36.66136006         29.15458105         0.0
5.531145278e-09     9163144.975         5.910849632e+23     36.67008166         29.15741751         0.0
5.671540175e-09     9395746.75          6.133356975e+23     36.67902468         29.16032595         0.0
5.81549866e-09      9634253.447         6.365220586e+23     36.68819474         29.16330821         0.0
5.963111187e-09     9878814.993         6.606867242e+23     36.6975976          29.16636616         0.0
6.114470506e-09     10129583.7          6.851602336e+23     36.7064806          29.16924107         0.0
6.269671718e-09     10386717.57         7.101691606e+23     36.71509179         29.17201804         0.0
6.428812342e-09     10650379.12         7.36202743e+23      36.72392154         29.17486547         0.0
6.591992371e-09     10920734.09         7.633068944e+23     36.7329754          29.17778513         0.0
6.759314334e-09     11197952.42         7.915297067e+23     36.74225906         29.18077885         0.0
6.930883365e-09     11482208.39         8.209215559e+23     36.75177834         29.18384853         0.0
7.106807266e-09     11773680.67         8.515352148e+23     36.76153924         29.18699607         0.0
7.287196574e-09     12072552.5          8.834259696e+23     36.77154788         29.19022345         0.0
7.472164634e-09     12379011.77         9.166517431e+23     36.78181054         29.1935327          0.0
7.661827665e-09     12693249.72         9.5059506e+23       36.79175564         29.19673162         0.0
7.856304839e-09     13015463.2          9.849771937e+23     36.80114767         29.19974096         0.0
8.055718351e-09     13345856.61         1.02075658e+24      36.81077808         29.20282664         0.0
8.260193498e-09     13684637.65         1.057995451e+24     36.82065293         29.20599059         0.0
8.469858758e-09     14032019.29         1.096758976e+24     36.8307784          29.20923481         0.0
8.684845869e-09     14388219.91         1.13711541e+24      36.84116088         29.21256132         0.0
8.905289914e-09     14753463.43         1.17913624e+24      36.85180686         29.21597221         0.0
9.131329403e-09     15127979.47         1.222896345e+24     36.86272306         29.21946963         0.0
9.363106365e-09     15512003.47         1.268474162e+24     36.87391632         29.22305576         0.0
9.600766431e-09     15905775.77         1.315436209e+24     36.88503824         29.2266155          0.0
9.844458929e-09     16309541.22         1.362599535e+24     36.89526879         29.22987802         0.0
1.009433698e-08     16723557.1          1.411664328e+24     36.90575885         29.23322318         0.0
1.035055758e-08     17148083.68         1.462714768e+24     36.916515           29.23665308         0.0
1.061328174e-08     17583387.85         1.515838994e+24     36.927544           29.24016987         0.0
1.088267452e-08     18029743.28         1.571129298e+24     36.93885274         29.24377572         0.0
1.115890518e-08     18487430.57         1.628682326e+24     36.95044833         29.24747291         0.0
1.144214731e-08     18956737.48         1.688599291e+24     36.96233804         29.25126373         0.0
1.173257886e-08     19437959.07         1.750986195e+24     36.97452932         29.25515056         0.0
1.203038232e-08     19931397.55         1.815809205e+24     36.98694881         29.25910928         0.0
1.23357448e-08      20437356.98         1.880371864e+24     36.99807613         29.26264202         0.0
1.264885819e-08     20956161.46         1.947517446e+24     37.00948619         29.26626461         0.0
1.296991921e-08     21488137.16         2.01735962e+24      37.02118618         29.26997935         0.0
1.329912959e-08     22033618.53         2.090017383e+24     37.03318348         29.27378858         0.0
1.363669619e-08     22592948.52         2.165615311e+24     37.04548565         29.2776947          0.0
1.398283112e-08     23166478.79         2.244283836e+24     37.05810045         29.28170019         0.0
1.433775185e-08     23754569.94         2.326159526e+24     37.07103582         29.28580759         0.0
1.47016814e-08      24357591.72         2.411385387e+24     37.08429994         29.29001949         0.0
1.507484842e-08     24975923.27         2.50011117e+24      37.09790115         29.29433856         0.0
1.54574874e-08      25609945.17         2.58887983e+24      37.11024814         29.29824877         0.0
1.584983876e-08     26260062.31         2.680595926e+24     37.12265014         29.30217443         0.0
1.625214901e-08     26926684.69         2.775968186e+24     37.135367           29.30619972         0.0
1.666467095e-08     27610231.43         2.875157019e+24     37.14840671         29.31032718         0.0
1.708766378e-08     28311132.32         2.97833033e+24      37.16177747         29.31455939         0.0
1.752139326e-08     29029828.04         3.085663877e+24     37.17548769         29.31889901         0.0
1.796613193e-08     29766770.49         3.197341659e+24     37.18954598         29.32334876         0.0
1.842215923e-08     30522423.03         3.313556307e+24     37.20396119         29.32791145         0.0
1.888976169e-08     31297260.81         3.434509505e+24     37.21874238         29.33258994         0.0
1.936923312e-08     32091762.08         3.556589867e+24     37.2325124          29.3369371          0.0
1.986087478e-08     32906430.26         3.681650813e+24     37.24595965         29.3411762          0.0
2.03649956e-08      33741781.73         3.811661846e+24     37.25974799         29.34552264         0.0
2.088191231e-08     34598341.71         3.946838921e+24     37.27388607         29.34997913         0.0
2.141194972e-08     35476648.81         4.08740804e+24      37.28838277         29.35454845         0.0
2.195544087e-08     36377255.28         4.233605735e+24     37.30324716         29.35923345         0.0
2.251272723e-08     37300727.44         4.385679581e+24     37.31848856         29.36403705         0.0
2.308415898e-08     38247645.98         4.54388872e+24      37.33411654         29.36896224         0.0
2.367009515e-08     39218606.35         4.708504427e+24     37.35014089         29.3740121          0.0
2.427090392e-08     40214210.11         4.876083485e+24     37.36545793         29.37882509         0.0
2.488696278e-08     41235081.94         5.046341938e+24     37.37999025         29.38337591         0.0
2.551865882e-08     42281872.82         5.223293788e+24     37.39489148         29.38804221         0.0
2.616638895e-08     43355241.53         5.407232305e+24     37.41022395         29.39281077         0.0
2.683056016e-08     44455866.86         5.598480676e+24     37.42633776         29.39758115         0.0
2.751158977e-08     45584436.9          5.797337044e+24     37.4428613          29.40247307         0.0
2.820990569e-08     46741661.36         6.004134336e+24     37.459805           29.40748962         0.0
2.892594669e-08     47928267.98         6.21922098e+24      37.47717956         29.41263399         0.0
2.966016268e-08     49145003.01         6.442961652e+24     37.49499595         29.41790946         0.0
3.041301498e-08     50392623.67         6.672633515e+24     37.51254506         29.42312227         0.0
3.118497664e-08     51671903.01         6.904125319e+24     37.52886888         29.42801007         0.0
3.19765327e-08      52983663.12         7.144660731e+24     37.54560642         29.43302134         0.0
3.278818052e-08     54328728.94         7.394630131e+24     37.56276817         29.43815916         0.0
3.362043008e-08     55707946.34         7.654441917e+24     37.58036485         29.44342671         0.0
3.44738043e-08      57122182.7          7.924523371e+24     37.59840747         29.44882726         0.0
3.534883939e-08     58572327.44         8.20532156e+24      37.61690731         29.45436414         0.0
3.624608515e-08     60059292.6          8.497304284e+24     37.63587594         29.46004077         0.0
3.716610535e-08     61584013.36         8.80096107e+24      37.65532521         29.46586067         0.0
3.810947806e-08     63147444.45         9.115191906e+24     37.6749287          29.47171833         0.0
3.907679603e-08     64750539.97         9.429488055e+24     37.69246178         29.47689728         0.0
4.006866706e-08     66394338.91         9.755987572e+24     37.7104413          29.48220862         0.0
4.108571436e-08     68079875.07         1.009521452e+25     37.72887866         29.48765576         0.0
4.212857697e-08     69808208.51         1.044771707e+25     37.74778557         29.4932422          0.0
4.319791015e-08     71580426.26         1.08140686e+25      37.76717401         29.49897154         0.0
4.429438581e-08     73397642.95         1.119486897e+25     37.78705629         29.50484744         0.0
4.541869287e-08     75261001.56         1.159074572e+25     37.80744505         29.51087369         0.0
4.657153778e-08     77171674.11         1.200235544e+25     37.82835321         29.51705418         0.0
4.775364491e-08     79130862.42         1.24303851e+25      37.84979408         29.52339287         0.0
4.896575699e-08     81139750.74         1.28578402e+25      37.86901196         29.52908905         0.0
5.020863564e-08     83199643.56         1.330049485e+25     37.8885106          29.53486893         0.0
5.14830618e-08      85311839.87         1.376030493e+25     37.90850278         29.5407943          0.0
5.278983621e-08     87477668.17         1.423800563e+25     37.92900096         29.5468688          0.0
5.412977997e-08     89698490.74         1.473436587e+25     37.9500179          29.55309614         0.0
5.5503735e-08       91975704.49         1.525018992e+25     37.97156669         29.55948014         0.0
5.691256459e-08     94310741.83         1.578631899e+25     37.99366076         29.56602471         0.0
5.835715395e-08     96705071.58         1.634363311e+25     38.01631385         29.57273384         0.0
5.983841075e-08     99160199.91         1.692305287e+25     38.03954006         29.57961162         0.0
6.135726572e-08     101677618.5         1.750659606e+25     38.06094007         29.58596375         0.0
6.291467319e-08     104258941.2         1.810606891e+25     38.08204901         29.59223558         0.0
6.451161173e-08     106905809.0         1.872864718e+25     38.10369442         29.59866686         0.0
6.614908473e-08     109619886.8         1.937531632e+25     38.12588996         29.60526164         0.0
6.782812106e-08     112402881.9         2.004710679e+25     38.14864962         29.61202411         0.0
6.954977572e-08     115256544.9         2.07450962e+25      38.17198776         29.61895851         0.0
7.131513047e-08     118182671.1         2.147041152e+25     38.19591911         29.62606924         0.0
7.312529452e-08     121183101.1         2.222423144e+25     38.22045875         29.63336078         0.0
7.498140526e-08     124259722.7         2.300778883e+25     38.24562219         29.64083773         0.0
7.688462894e-08     127414417.3         2.380339064e+25     38.26937144         29.64787034         0.0
7.883616139e-08     130649175.6         2.461441266e+25     38.29208517         29.6545752          0.0
8.083722883e-08     133966073.4         2.545653086e+25     38.31537561         29.66145014         0.0
8.288908858e-08     137367197.2         2.633106531e+25     38.33925743         29.66849947         0.0
8.499302989e-08     140854686.8         2.723939617e+25     38.36374565         29.67572762         0.0
8.715037471e-08     144430736.2         2.818296644e+25     38.38885566         29.6831391          0.0
8.936247858e-08     148097595.1         2.916328499e+25     38.41460326         29.69073858         0.0
9.163073141e-08     151857570.5         3.018192967e+25     38.44100464         29.69853082         0.0
9.395655841e-08     155713028.2         3.12405505e+25      38.46807642         29.70652069         0.0
9.634142097e-08     159666344.7         3.232397255e+25     38.49438781         29.71428459         0.0
9.878681757e-08     163719967.4         3.342016517e+25     38.51890456         29.72151637         0.0
1.012942847e-07     167876525.9         3.455817965e+25     38.54404399         29.7289317          0.0
1.038653979e-07     172138635.4         3.573978338e+25     38.56982192         29.73653524         0.0
1.065017727e-07     176508977.3         3.696682378e+25     38.59625459         29.74433175         0.0
1.092050655e-07     180990301.3         3.824123215e+25     38.62335863         29.75232615         0.0
1.119769749e-07     185585427.0         3.956502752e+25     38.6511511          29.76052345         0.0
1.148192427e-07     190297245.8         4.094032085e+25     38.67964952         29.76892881         0.0
1.177336546e-07     195128722.4         4.23693193e+25      38.70887181         29.77754749         0.0
1.207220419e-07     200082863.5         4.384303461e+25     38.73804998         29.78615364         0.0
1.237862822e-07     205162666.7         4.53233669e+25      38.76450722         29.79396004         0.0
1.26928301e-07      210371468.2         4.685990987e+25     38.79163652         29.80196462         0.0
1.301500724e-07     215712545.4         4.845502844e+25     38.81945497         29.81017241         0.0
1.334536208e-07     221189259.1         5.011119425e+25     38.84798008         29.81858855         0.0
1.368410218e-07     226805055.2         5.183099064e+25     38.87722983         29.82721836         0.0
1.40314404e-07      232563467.5         5.361711786e+25     38.90722264         29.83606724         0.0
1.438759496e-07     238468119.8         5.547239858e+25     38.93797739         29.84514076         0.0
1.475278965e-07     244522727.7         5.739978355e+25     38.96951347         29.85444463         0.0
1.512725394e-07     250731101.3         5.940228886e+25     39.00184681         29.86398353         0.0
1.551122311e-07     257096896.1         6.139972024e+25     39.03036138         29.87238615         0.0
1.590493841e-07     263624351.7         6.347265442e+25     39.05959982         29.88100166         0.0
1.630864724e-07     270317575.4         6.562425422e+25     39.08958052         29.88983545         0.0
1.672260326e-07     277180779.2         6.785782456e+25     39.12032232         29.89889304         0.0
1.714706655e-07     284218282.1         7.017681912e+25     39.15184456         29.90818008         0.0
1.758230383e-07     291434512.8         7.258484725e+25     39.18416704         29.91770238         0.0
1.802858857e-07     298834012.8         7.508568117e+25     39.21731009         29.92746588         0.0
1.848620118e-07     306421439.2         7.768326363e+25     39.25129453         29.93747669         0.0
1.895542919e-07     314201567.4         8.038171578e+25     39.28614175         29.94774105         0.0
1.943656744e-07     322179016.0         8.309464045e+25     39.31786451         29.95711927         0.0
1.992991822e-07     330358998.3         8.588903302e+25     39.34947181         29.96647308         0.0
2.043579154e-07     338746723.1         8.878900705e+25     39.38188449         29.97606613         0.0
2.095450524e-07     347347469.2         9.179897924e+25     39.41512317         29.9859046          0.0
2.148638525e-07     356166649.4         9.492356425e+25     39.44920897         29.99599482         0.0
2.203176576e-07     365209814.5         9.816758379e+25     39.48416357         30.00634326         0.0
2.259098945e-07     374482656.3         1.015360763e+26     39.5200092          30.0169566          0.0
2.31644077e-07      383991011.6         1.050343069e+26     39.55676869         30.02784167         0.0
2.375238079e-07     393740865.5         1.08667778e+26      39.59446543         30.03900549         0.0
2.435527818e-07     403738065.2         1.123490291e+26     39.62960741         30.04937101         0.0
2.497347868e-07     413988995.0         1.161131492e+26     39.66353744         30.0593503          0.0
2.560737072e-07     424500271.8         1.200188893e+26     39.69832801         30.0695817          0.0
2.625735259e-07     435278511.6         1.240721485e+26     39.73400092         30.08007155         0.0
2.69238327e-07      446330498.5         1.282790889e+26     39.77057854         30.09082634         0.0
2.760722981e-07     457663189.3         1.326461482e+26     39.80808378         30.10185273         0.0
2.830797332e-07     469283717.7         1.371800518e+26     39.84654014         30.11315755         0.0
2.902650353e-07     481199399.2         1.418878266e+26     39.88597174         30.12474779         0.0
2.976327192e-07     493417734.9         1.467768146e+26     39.92640328         30.13663061         0.0
3.05187414e-07      505946150.6         1.517674308e+26     39.96535604         30.14804117         0.0
3.129338667e-07     518792541.7         1.568355354e+26     40.00296152         30.15847683         0.0
3.208769447e-07     531965217.5         1.620936149e+26     40.04152575         30.1691797          0.0
3.290216386e-07     545472470.6         1.675495535e+26     40.0810733          30.1801567          0.0
3.373730661e-07     559322804.3         1.732115857e+26     40.12162933         30.19141491         0.0
3.459364747e-07     573524938.5         1.790883126e+26     40.1632197          30.2029616          0.0
3.547172449e-07     588087814.9         1.851887187e+26     40.2058709          30.21480423         0.0
3.637208939e-07     603020602.9         1.915221893e+26     40.24961012         30.22695045         0.0
3.72953079e-07      618332704.9         1.980985294e+26     40.29446526         30.23940813         0.0
3.824196011e-07     634033541.0         2.048605506e+26     40.33880526         30.25173166         0.0
3.921264082e-07     650132535.4         2.116783198e+26     40.37939551         30.26303592         0.0
4.020795994e-07     666640444.9         2.187506247e+26     40.42101783         30.27462744         0.0
4.122854286e-07     683567662.8         2.260879837e+26     40.46369852         30.28651352         0.0
4.227503083e-07     700924847.1         2.337013809e+26     40.50746453         30.29870167         0.0
4.33480814e-07      718722926.7         2.416022867e+26     40.55234351         30.31119955         0.0
4.444836879e-07     736973108.9         2.498026806e+26     40.59836382         30.32401506         0.0
4.557658435e-07     755686886.1         2.583150739e+26     40.64555454         30.33715628         0.0
4.673343695e-07     774876043.3         2.671525346e+26     40.69394549         30.35063149         0.0
4.79196535e-07      794552584.0         2.763041751e+26     40.7430688          30.36430924         0.0
4.913597932e-07     814727851.5         2.854691941e+26     40.78674082         30.37645273         0.0
5.038317865e-07     835415594.9         2.949750255e+26     40.83152133         30.38890332         0.0
5.166203517e-07     856628840.7         3.048356924e+26     40.87743847         30.40166875         0.0
5.297335239e-07     878380947.1         3.150658353e+26     40.92452109         30.41475696         0.0
5.431795427e-07     900685612.2         3.256807404e+26     40.97279876         30.42817608         0.0
5.569668565e-07     923556883.0         3.366963683e+26     41.02230182         30.44193442         0.0
5.711041283e-07     947009163.9         3.481293851e+26     41.07306137         30.45604055         0.0
5.85600241e-07      971057226.0         3.599971942e+26     41.12510931         30.4705032          0.0
6.004643028e-07     995716216.8         3.723179692e+26     41.17847833         30.48533136         0.0
6.157056532e-07     1.021000234e+09     3.846837164e+26     41.22642154         30.49867813         0.0
6.313338689e-07     1.046926338e+09     3.974514082e+26     41.27468026         30.51211559         0.0
6.473587695e-07     1.07351104e+09      4.106937974e+26     41.32416426         30.52589288         0.0
6.637904239e-07     1.100771081e+09     4.24430383e+26      41.37490465         30.54001853         0.0
6.806391565e-07     1.128723632e+09     4.386815192e+26     41.42693334         30.55450134         0.0
6.979155539e-07     1.157386298e+09     4.534684537e+26     41.48028305         30.56935028         0.0
7.156304714e-07     1.186777134e+09     4.688133684e+26     41.53498734         30.5845746          0.0
7.337950396e-07     1.216914653e+09     4.847394209e+26     41.5910806          30.60018372         0.0
7.52420672e-07      1.247817843e+09     5.012707886e+26     41.64859812         30.61618734         0.0
7.715190716e-07     1.279504652e+09     5.179847289e+26     41.70171062         30.63095131         0.0
7.911022383e-07     1.311995771e+09     5.351212427e+26     41.75360093         30.64536911         0.0
8.111824769e-07     1.345312297e+09     5.528923343e+26     41.80681125         30.66015348         0.0
8.317724043e-07     1.379475218e+09     5.713239503e+26     41.86137522         30.67531376         0.0
8.528849578e-07     1.414506052e+09     5.904431691e+26     41.91732738         30.69085951         0.0
8.74533403e-07      1.450426868e+09     6.102782516e+26     41.97470311         30.70680057         0.0
8.967313422e-07     1.487260295e+09     6.308586936e+26     42.03353872         30.72314699         0.0
9.194927231e-07     1.52502954e+09      6.522152812e+26     42.09387145         30.7399091          0.0
9.428318471e-07     1.563758399e+09     6.743801479e+26     42.15573948         30.7570975          0.0
9.66763379e-07      1.603469785e+09     6.969505609e+26     42.21460887         30.77347347         0.0
9.913023556e-07     1.644188626e+09     7.199338435e+26     42.27055553         30.78905794         0.0
1.016464195e-06     1.685941948e+09     7.437647608e+26     42.32792609         30.80503881         0.0
1.042264708e-06     1.728756054e+09     7.684778059e+26     42.3867569          30.82142617         0.0
1.068720106e-06     1.772657916e+09     7.941089674e+26     42.44708522         30.8382304          0.0
1.09584701e-06      1.817675196e+09     8.206957963e+26     42.50894927         30.8554621          0.0
1.123662466e-06     1.863836258e+09     8.482774743e+26     42.57238828         30.87313219         0.0
1.152183951e-06     1.911170189e+09     8.768948866e+26     42.63744244         30.89125185         0.0
1.181429385e-06     1.959707219e+09     9.065971259e+26     42.70504211         30.90955966         0.0
1.211417145e-06     2.009476738e+09     9.370616719e+26     42.77214658         30.9271636          0.0
1.242166072e-06     2.060508068e+09     9.678769511e+26     42.83412451         30.94343662         0.0
1.273695488e-06     2.112835983e+09     9.998247499e+26     42.8976777          30.96012191         0.0
1.306025202e-06     2.166493456e+09     1.032950968e+27     42.96284626         30.97722988         0.0
1.339175529e-06     2.221514301e+09     1.067303488e+27     43.02967129         30.99477123         0.0
1.373167297e-06     2.277933193e+09     1.102932257e+27     43.09819496         31.0127569          0.0
1.408021866e-06     2.33578569e+09      1.139889384e+27     43.16846051         31.03119813         0.0
1.443761134e-06     2.395108256e+09     1.17822923e+27      43.24051228         31.05010644         0.0
1.480407558e-06     2.455938284e+09     1.218008509e+27     43.31439576         31.06949363         0.0
1.517984163e-06     2.518313372e+09     1.259076888e+27     43.38865447         31.08898144         0.0
1.556514562e-06     2.58226874e+09      1.300348527e+27     43.45539627         31.10652035         0.0
1.596022962e-06     2.647849157e+09     1.343130599e+27     43.52383438         31.12450315         0.0
1.636534188e-06     2.715095952e+09     1.387484004e+27     43.59401198         31.14294105         0.0
1.678073695e-06     2.78405151e+09      1.433472257e+27     43.66597332         31.16184553         0.0
1.720667583e-06     2.854759295e+09     1.481161593e+27     43.73976383         31.18122837         0.0
1.764342615e-06     2.927263877e+09     1.530621092e+27     43.81543004         31.20110162         0.0
1.809126234e-06     3.001610964e+09     1.5819228e+27       43.89301972         31.22147766         0.0
1.855046577e-06     3.077847429e+09     1.63514186e+27      43.97258183         31.24236916         0.0
1.902132498e-06     3.156021336e+09     1.69035664e+27      44.05416659         31.26378912         0.0
1.950413583e-06     3.236174899e+09     1.745680448e+27     44.12650535         31.2827764          0.0
1.999920168e-06     3.318364867e+09     1.802923369e+27     44.20012076         31.3020971          0.0
2.050683359e-06     3.402643384e+09     1.862259482e+27     44.275609           31.32190778         0.0
2.102735053e-06     3.489063577e+09     1.923772923e+27     44.35301781         31.34222084         0.0
2.156107954e-06     3.577679927e+09     1.987551414e+27     44.43239617         31.36304902         0.0
2.210835599e-06     3.668548304e+09     2.053686412e+27     44.51379432         31.38440538         0.0
2.266952374e-06     3.761726002e+09     2.122273272e+27     44.59726376         31.40630328         0.0
2.324493539e-06     3.857271774e+09     2.193411413e+27     44.68285735         31.42875644         0.0
2.383495249e-06     3.955245873e+09     2.267204492e+27     44.77062926         31.45177895         0.0
2.443994576e-06     4.055702503e+09     2.341664691e+27     44.85089726         31.47286929         0.0
2.506029534e-06     4.158709672e+09     2.41818894e+27      44.93021581         31.49372337         0.0
2.569639101e-06     4.264334541e+09     2.497498562e+27     45.01155753         31.51510979         0.0
2.634863245e-06     4.372643707e+09     2.579704858e+27     45.09497426         31.5370422          0.0
2.701742948e-06     4.48370546e+09      2.664923832e+27     45.18051919         31.55953461         0.0
2.770320232e-06     4.597589834e+09     2.753276389e+27     45.2682469          31.58260142         0.0
2.840638187e-06     4.714368646e+09     2.844888541e+27     45.35821336         31.60625737         0.0
2.912740995e-06     4.834115546e+09     2.93989163e+27      45.450476           31.63051761         0.0
2.98667396e-06      4.95690606e+09      3.038422542e+27     45.54509374         31.65539766         0.0
3.062483536e-06     5.082812459e+09     3.138576955e+27     45.63636105         31.6781819          0.0
3.140217358e-06     5.211913514e+09     3.240840895e+27     45.72432171         31.6999698          0.0
3.219924266e-06     5.34429574e+09      3.346812406e+27     45.8145155          31.72230624         0.0
3.301654344e-06     5.480042628e+09     3.4566389e+27       45.90699913         31.74520492         0.0
3.385458945e-06     5.619239795e+09     3.570473977e+27     46.00183074         31.76867986         0.0
3.471390725e-06     5.761975043e+09     3.688477681e+27     46.09906995         31.79274543         0.0
3.559503677e-06     5.908338413e+09     3.810816773e+27     46.19877791         31.81741638         0.0
3.649853166e-06     6.058422241e+09     3.937665012e+27     46.3010173          31.84270779         0.0
3.742495961e-06     6.212321221e+09     4.069203445e+27     46.40585241         31.86863512         0.0
3.837490272e-06     6.370125349e+09     4.203735032e+27     46.50731774         31.89373986         0.0
3.934895786e-06     6.531929507e+09     4.340211016e+27     46.60200019         31.91719214         0.0
4.034773706e-06     6.697846278e+09     4.481610132e+27     46.69909918         31.94124283         0.0
4.137186789e-06     6.867980319e+09     4.628126823e+27     46.79867672         31.96590729         0.0
4.242199382e-06     7.042438956e+09     4.779963617e+27     46.90079642         31.99120125         0.0
4.349877469e-06     7.221332253e+09     4.937331458e+27     47.00552355         32.01714087         0.0
4.460288707e-06     7.40477308e+09      5.100450056e+27     47.11292506         32.04374272         0.0
4.573502471e-06     7.592877188e+09     5.269548248e+27     47.22306965         32.07102379         0.0
4.689589894e-06     7.785763278e+09     5.44486437e+27      47.33602779         32.09900155         0.0
4.80862392e-06      7.983548105e+09     5.625334057e+27     47.44841695         32.12684381         0.0
4.93067934e-06      8.186341563e+09     5.807275161e+27     47.55039134         32.15212648         0.0
5.055832844e-06     8.394289813e+09     5.995744606e+27     47.65496205         32.17804972         0.0
5.184163071e-06     8.607524048e+09     6.190998383e+27     47.76219539         32.20462975         0.0
5.315750654e-06     8.826178808e+09     6.393303018e+27     47.87215937         32.23188316         0.0
5.450678273e-06     9.050392064e+09     6.602935997e+27     47.98492373         32.259827           0.0
5.589030707e-06     9.280305305e+09     6.820186212e+27     48.10056002         32.2884787          0.0
5.730894887e-06     9.516063631e+09     7.045354418e+27     48.21914162         32.31785618         0.0
5.87635995e-06      9.757815845e+09     7.278753716e+27     48.34074381         32.34797778         0.0
6.025517295e-06     1.000571384e+10     7.52052494e+27      48.4650494          32.37876743         0.0
6.178460643e-06     1.025988283e+10     7.762800666e+27     48.5750622          32.40613819         0.0
6.335286092e-06     1.052051664e+10     8.013813253e+27     48.68954792         32.43369651         0.0
6.49609218e-06      1.078777995e+10     8.273906566e+27     48.80853736         32.46146173         0.0
6.660979947e-06     1.106183808e+10     8.54334802e+27      48.93054795         32.48992333         0.0
6.830052995e-06     1.134286404e+10     8.822503184e+27     49.05565641         32.51909855         0.0
7.003417557e-06     1.163103522e+10     9.111752519e+27     49.18394143         32.54900507         0.0
7.181182565e-06     1.192653355e+10     9.41149196e+27      49.31548368         32.57966099         0.0
7.363459713e-06     1.222954561e+10     9.722133538e+27     49.45036589         32.61108484         0.0
7.55036353e-06      1.254026274e+10     1.004410601e+28     49.5886729          32.64329561         0.0
7.742011453e-06     1.285884387e+10     1.036841887e+28     49.71366289         32.67242226         0.0
7.938523901e-06     1.318551731e+10     1.070239751e+28     49.8385072          32.70151962         0.0
8.140024347e-06     1.352049632e+10     1.104827032e+28     49.96654281         32.73136015         0.0
8.3466394e-06       1.386399235e+10     1.140649772e+28     50.09785186         32.76196293         0.0
8.558498882e-06     1.421622227e+10     1.177755868e+28     50.23251861         32.79334755         0.0
8.775735911e-06     1.457740847e+10     1.21619514e+28      50.37062953         32.82553412         0.0
8.998486982e-06     1.494777902e+10     1.256019411e+28     50.51227334         32.85854326         0.0
9.226892057e-06     1.532756781e+10     1.297282577e+28     50.65754109         32.89239613         0.0
9.461094648e-06     1.57170147e+10      1.340040694e+28     50.80652619         32.92711443         0.0
9.701241911e-06     1.611632751e+10     1.383391655e+28     50.94533238         32.95954204         0.0
9.947484739e-06     1.652577271e+10     1.427754718e+28     51.08005519         32.99106162         0.0
1.019997785e-05     1.694562865e+10     1.473687425e+28     51.21821699         33.0233817          0.0
1.04588799e-05      1.73761604e+10      1.521249975e+28     51.35990601         33.05652264         0.0
1.072435356e-05     1.781763983e+10     1.570504953e+28     51.50521282         33.09050529         0.0
1.099656563e-05     1.827034573e+10     1.621517426e+28     51.6542303          33.12535104         0.0
1.127568715e-05     1.873456399e+10     1.674355029e+28     51.80705377         33.16108183         0.0
1.15618935e-05      1.921059465e+10     1.729107887e+28     51.96550901         33.19716176         0.0
1.185536452e-05     1.969874314e+10     1.785863496e+28     52.13073776         33.23327322         0.0
1.21562846e-05      2.019927063e+10     1.843770002e+28     52.28900636         33.26789058         0.0
1.246484282e-05     2.07124836e+10      1.902669067e+28     52.43824261         33.30057254         0.0
1.278123305e-05     2.123874751e+10     1.963640394e+28     52.59129814         33.33408933         0.0
1.310565409e-05     2.177839476e+10     2.026762826e+28     52.74827147         33.36846241         0.0
1.343830978e-05     2.233176623e+10     2.092118295e+28     52.90926368         33.4037138          0.0
1.377940913e-05     2.289921149e+10     2.159791937e+28     53.0743785          33.43986607         0.0
1.412916649e-05     2.348108907e+10     2.22987221e+28      53.24372238         33.4769424          0.0
1.448780159e-05     2.407776661e+10     2.302451014e+28     53.41740456         33.51496656         0.0
1.485553979e-05     2.468962117e+10     2.377623817e+28     53.59553715         33.55396295         0.0
1.523261214e-05     2.531701034e+10     2.454789037e+28     53.77104213         33.59241983         0.0
1.561925558e-05     2.596027949e+10     2.532818352e+28     53.93209017         33.62780634         0.0
1.601571303e-05     2.661990801e+10     2.613572493e+28     54.0972463          33.66408667         0.0
1.642223361e-05     2.729631261e+10     2.697153989e+28     54.26661582         33.70128327         0.0
1.683907274e-05     2.798992061e+10     2.783669315e+28     54.44030673         33.73941918         0.0
1.726649234e-05     2.870117025e+10     2.873229033e+28     54.61842982         33.77851799         0.0
1.770476095e-05     2.943051096e+10     2.965947935e+28     54.80109877         33.8186039          0.0
1.815415398e-05     3.017840365e+10     3.061945195e+28     54.9884302          33.85970169         0.0
1.861495376e-05     3.094532098e+10     3.161344519e+28     55.18054372         33.90183677         0.0
1.908744985e-05     3.173173516e+10     3.263974404e+28     55.37501042         33.94449388         0.0
1.957193912e-05     3.253805507e+10     3.367267577e+28     55.55314845         33.98123858         0.0
2.0068726e-05       3.336488618e+10     3.474151818e+28     55.73620208         34.01879725         0.0
2.057812262e-05     3.421274879e+10     3.584753526e+28     55.92394971         34.05731653         0.0
2.110044905e-05     3.508217877e+10     3.699211332e+28     56.11651286         34.09682117         0.0
2.163603349e-05     3.597372564e+10     3.817669106e+28     56.31401625         34.13733656         0.0
2.218521247e-05     3.688795298e+10     3.940276131e+28     56.51658787         34.17888875         0.0
2.274833103e-05     3.782543875e+10     4.06718729e+28      56.72435911         34.22150448         0.0
2.332574302e-05     3.878677569e+10     4.198563252e+28     56.9374648          34.26521119         0.0
2.391781123e-05     3.977257167e+10     4.334570663e+28     57.15604337         34.31003701         0.0
2.452490767e-05     4.078327672e+10     4.471399397e+28     57.35160005         34.3502554          0.0
2.514741381e-05     4.181967299e+10     4.612517526e+28     57.5491417          34.39089151         0.0
2.578572078e-05     4.288243299e+10     4.758500253e+28     57.75174918         34.43256472         0.0
2.644022964e-05     4.397222849e+10     4.909526514e+28     57.95955364         34.47530164         0.0
2.711135164e-05     4.508974838e+10     5.065781844e+28     58.17268969         34.51912957         0.0
2.779950847e-05     4.623569916e+10     5.227458595e+28     58.39129547         34.56407651         0.0
2.850513252e-05     4.741080538e+10     5.394756149e+28     58.6155128          34.61017119         0.0
2.922866715e-05     4.861581007e+10     5.56788114e+28      58.84548719         34.65744307         0.0
2.997056697e-05     4.985147527e+10     5.74704768e+28      59.08136804         34.7059224          0.0
3.073129815e-05     5.111845645e+10     5.928596451e+28     59.30414889         34.74885555         0.0
3.151133866e-05     5.241760361e+10     6.114758897e+28     59.52322122         34.79084983         0.0
3.231117864e-05     5.374980321e+10     6.307288696e+28     59.74790795         34.83391083         0.0
3.313132065e-05     5.511589763e+10     6.506417251e+28     59.97835426         34.87806567         0.0
3.397228e-05        5.651675075e+10     6.712384324e+28     60.21470913         34.92334215         0.0
3.483458509e-05     5.795324852e+10     6.925438288e+28     60.45712545         34.96976879         0.0
3.571877773e-05     5.942629954e+10     7.145836394e+28     60.70576016         35.01737483         0.0
3.66254135e-05      6.093683559e+10     7.373845028e+28     60.96077431         35.06619025         0.0
3.755506204e-05     6.248581227e+10     7.609739978e+28     61.22233319         35.11624579         0.0
3.850830748e-05     6.407403106e+10     7.849912402e+28     61.47067969         35.16397552         0.0
3.948574878e-05     6.570250204e+10     8.094782292e+28     61.70773134         35.20973039         0.0
4.04880001e-05      6.737240617e+10     8.347939714e+28     61.95087384         35.25665151         0.0
4.151569116e-05     6.908479943e+10     8.609680793e+28     62.20026543         35.30476874         0.0
4.256946771e-05     7.084076479e+10     8.880312013e+28     62.45606857         35.35411268         0.0
4.364999185e-05     7.264141283e+10     9.160150517e+28     62.71844999         35.40471473         0.0
4.475794252e-05     7.448788255e+10     9.449524395e+28     62.98758087         35.45660711         0.0
4.589401586e-05     7.63814203e+10      9.749077579e+28     63.26902015         35.50778522         0.0
4.705892571e-05     7.832318004e+10     1.005899615e+29     63.55953241         35.55951505         0.0
4.825340401e-05     8.031420862e+10     1.037629061e+29     63.84285444         35.61002222         0.0
4.947820128e-05     8.235560886e+10     1.069807036e+29     64.10561461         35.6570323          0.0
5.073408711e-05     8.444895595e+10     1.103063931e+29     64.3751132          35.70522983         0.0
5.202185059e-05     8.659557411e+10     1.137437719e+29     64.65152462         35.75464468         0.0
5.334230087e-05     8.879682138e+10     1.172967667e+29     64.93502789         35.80530745         0.0
5.469626763e-05     9.105409047e+10     1.209694367e+29     65.22580675         35.85724949         0.0
5.608460159e-05     9.336880968e+10     1.247659768e+29     65.52404978         35.91050296         0.0
5.750817509e-05     9.574244378e+10     1.286907209e+29     65.82995051         35.96510079         0.0
5.896788259e-05     9.817649496e+10     1.327481457e+29     66.1437076          36.02107675         0.0
6.046464129e-05     1.006724107e+11     1.369237503e+29     66.45829661         36.07725832         0.0
6.199939162e-05     1.032313563e+11     1.411374013e+29     66.74276854         36.12848304         0.0
6.357309792e-05     1.058554208e+11     1.454905579e+29     67.03455769         36.18100732         0.0
6.518674899e-05     1.085462954e+11     1.499893219e+29     67.33542306         36.23425696         0.0
6.684135874e-05     1.113057829e+11     1.546428644e+29     67.65030504         36.28639877         0.0
6.853796679e-05     1.1413551e+11       1.59451437e+29      67.97323395         36.33983305         0.0
7.027763919e-05     1.170372676e+11     1.644203738e+29     68.30441672         36.39459109         0.0
7.206146901e-05     1.200128926e+11     1.695551791e+29     68.64406562         36.4507049          0.0
7.389057708e-05     1.230642689e+11     1.748615309e+29     68.99239848         36.50820724         0.0
7.576611269e-05     1.261933283e+11     1.803452838e+29     69.34963877         36.5671316          0.0
7.768925429e-05     1.294012752e+11     1.858609501e+29     69.66643065         36.61981921         0.0
7.966121023e-05     1.326908476e+11     1.915532117e+29     69.99006521         36.67363471         0.0
8.168321957e-05     1.360641466e+11     1.97431991e+29      70.32202774         36.72880944         0.0
8.375655277e-05     1.395233067e+11     2.035035742e+29     70.66253515         36.78537757         0.0
8.588251258e-05     1.430705172e+11     2.097744414e+29     71.01181013         36.84337413         0.0
8.806243479e-05     1.467080232e+11     2.162512701e+29     71.37008128         36.90283502         0.0
9.029768912e-05     1.504381271e+11     2.229409385e+29     71.73758331         36.96379702         0.0
9.258968004e-05     1.54263438e+11      2.298615071e+29     72.12306464         37.0224935          0.0
9.493984766e-05     1.581861656e+11     2.370110776e+29     72.51900526         37.08239289         0.0
9.734966867e-05     1.622079435e+11     2.442421141e+29     72.88060032         37.13750552         0.0
9.982065722e-05     1.663318706e+11     2.516653362e+29     73.23941793         37.19230243         0.0
0.0001023543659     1.705607742e+11     2.59328679e+29      73.60748454         37.2484818          0.0
0.0001049523867     1.748973312e+11     2.672400515e+29     73.98504179         37.30607831         0.0
0.0001076163521     1.793442867e+11     2.754075943e+29     74.37233775         37.3651275          0.0
0.0001103479359     1.839044561e+11     2.838396821e+29     74.76962717         37.4256658          0.0
0.0001131488543     1.885807265e+11     2.925449264e+29     75.17717158         37.48773053         0.0
0.0001160208674     1.933760586e+11     3.015321774e+29     75.59523955         37.55135994         0.0
0.0001189657797     1.982934888e+11     3.108105255e+29     76.02410683         37.61659324         0.0
0.0001219854416     2.033353196e+11     3.202434288e+29     76.42754803         37.67842347         0.0
0.0001250817503     2.085052106e+11     3.298914473e+29     76.82387583         37.73546521         0.0
0.0001282566514     2.138068131e+11     3.398514849e+29     77.2329406          37.7928178          0.0
0.0001315121398     2.192433931e+11     3.501292027e+29     77.65251445         37.85158729         0.0
0.000134850261      2.24818393e+11      3.607347478e+29     78.08287023         37.91180775         0.0
0.0001382731124     2.305353429e+11     3.716785394e+29     78.52428797         37.97351404         0.0
0.0001417828448     2.363978632e+11     3.8297127e+29       78.97705514         38.03674183         0.0
0.0001453816632     2.424096664e+11     3.946239056e+29     79.44146679         38.10152757         0.0
0.0001490718291     2.485745599e+11     4.066476849e+29     79.91782579         38.16790856         0.0
0.000152855661      2.548957088e+11     4.189295178e+29     80.37846683         38.23244858         0.0
0.0001567355365     2.613767428e+11     4.314199738e+29     80.81120796         38.2936416          0.0
0.0001607138933     2.680227704e+11     4.443011091e+29     81.25507234         38.35633674         0.0
0.0001647932311     2.748381042e+11     4.576015953e+29     81.7098573          38.41938321         0.0
0.0001689761133     2.818273837e+11     4.713851087e+29     82.17445831         38.47937212         0.0
0.0001732651678     2.889946467e+11     4.856038858e+29     82.65105975         38.54082834         0.0
0.0001776630898     2.96344433e+11      5.002714146e+29     83.13997623         38.60378645         0.0
0.0001821726425     3.038813983e+11     5.154015076e+29     83.64153081         38.66828178         0.0
0.0001867966594     3.11610317e+11      5.310082981e+29     84.15605523         38.73435043         0.0
0.0001915380459     3.195355483e+11     5.47019447e+29      84.66729734         38.80019745         0.0
0.0001963997812     3.276607655e+11     5.632343374e+29     85.13562647         38.86149841         0.0
0.00020138492       3.359928578e+11     5.79951041e+29      85.61626548         38.92438554         0.0
0.0002064965946     3.445371006e+11     5.971847223e+29     86.1095472          38.98890055         0.0
0.0002117380169     3.532989037e+11     6.149508924e+29     86.61581386         39.0550863          0.0
0.0002171124801     3.622839404e+11     6.331339135e+29     87.14498162         39.12177658         9.66957865e-05
0.0002226233613     3.714985014e+11     6.510849745e+29     87.74318037         39.18307297         0.0007539967498
0.000228274123      3.809477007e+11     6.695413105e+29     88.35617568         39.24580511         0.00142082092
0.0002340683157     3.906375171e+11     6.885149875e+29     88.98432613         39.31000416         0.002097095792
0.0002400095802     4.005739478e+11     7.080053401e+29     89.6240862          39.37535324         0.002778313841
0.0002461016495     4.107604249e+11     7.277554348e+29     90.19336144         39.43451813         0.003371717707
0.0002523483513     4.212062187e+11     7.480532808e+29     90.77675681         39.49501793         0.003972871952
0.0002587536108     4.319179353e+11     7.689119849e+29     91.37461613         39.55687914         0.00458164997
0.0002653214525     4.429027122e+11     7.878053526e+29     91.83411856         39.61050142         0.00873137859
0.0002720560031     4.541674441e+11     8.033458628e+29     92.08491977         39.6514705          0.01798422012
0.0002789614942     4.657186144e+11     8.190395489e+29     92.34481475         39.69348304         0.02729172364
0.0002860422647     4.775636973e+11     8.329134512e+29     92.60988855         39.73120178         0.03842545894
0.0002933027635     4.897103239e+11     8.404246543e+29     92.87145713         39.75301315         0.05517190131
0.0003007475528     5.021657712e+11     8.48336057e+29      93.12647419         39.77616357         0.0715642298
0.0003083813103     5.149350233e+11     8.585696331e+29     93.34129128         39.79891481         0.08555366869
0.0003162088324     5.280283107e+11     8.688761888e+29     93.55379701         39.82130831         0.0993544781
0.0003242350375     5.414549559e+11     8.790539031e+29     93.75706203         39.84214266         0.1134836322
0.0003324649686     5.552226052e+11     8.889721864e+29     93.96607895         39.86316086         0.1276717708
0.0003409037968     5.693410155e+11     8.98942509e+29      94.16827553         39.88349931         0.1420939782
0.0003495568245     5.838179181e+11     9.085996818e+29     94.37718437         39.90422549         0.1565678113
0.0003584294887     5.98663512e+11      9.183712201e+29     94.58200675         39.9242527          0.1711522594
0.0003675273641     6.138862119e+11     9.278685627e+29     94.79144384         39.94436998         0.1857964219
0.0003768561674     6.294963689e+11     9.374625365e+29     94.99878753         39.96360789         0.2004762349
0.0003864217601     6.455005719e+11     9.483093637e+29     95.19506515         39.98262837         0.2137534511
0.0003962301524     6.619103289e+11     9.598181525e+29     95.38749273         40.00173117         0.2263662627
0.0004062875074     6.787376928e+11     9.715116739e+29     95.58059241         40.02092171         0.2390065595
0.0004166001442     6.959923777e+11     9.829257533e+29     95.77996412         40.04056311         0.2517147306
0.0004271745427     7.136864746e+11     9.947425519e+29     95.97809771         40.06000896         0.2643922986
0.0004380173469     7.318301168e+11     1.006392574e+30     96.18052321         40.07946801         0.2771168146
0.0004491353699     7.504350061e+11     1.01804808e+30      96.38630491         40.0987943          0.2898458891
0.0004605355973     7.695133989e+11     1.03001948e+30      96.5932184          40.11773413         0.3025271309
0.0004722251921     7.89076202e+11      1.041664508e+30     96.80585325         40.13670026         0.3152640197
0.0004842114994     8.091349969e+11     1.054906214e+30     97.01011908         40.1561946          0.3269888891
0.0004965020505     8.297011848e+11     1.069217253e+30     97.20892633         40.17585461         0.3377862621
0.0005091045678     8.507896899e+11     1.083323367e+30     97.41292587         40.19551676         0.3486533923
0.0005220269698     8.724153844e+11     1.098215249e+30     97.61692195         40.21487151         0.3594047042
0.0005352773762     8.945904565e+11     1.113001119e+30     97.8261849          40.23449132         0.3702075365
0.0005488641124     9.173286718e+11     1.127568568e+30     98.04132589         40.25441643         0.3810742457
0.0005627957154     9.40646212e+11      1.14310491e+30      98.25483444         40.27369027         0.3917854868
0.0005770809388     9.645560249e+11     1.158505786e+30     98.47358148         40.29296162         0.4025447147
0.0005917287585     9.890730017e+11     1.173682571e+30     98.69807302         40.31226231         0.4133593706
0.0006067483781     1.014213195e+12     1.190634607e+30     98.91696261         40.33167945         0.4235041985
0.0006221492348     1.039988431e+12     1.208997766e+30     99.12766008         40.35110816         0.4325841247
0.0006379410054     1.066418357e+12     1.227289992e+30     99.34400692         40.37067144         0.4417291938
0.0006541336124     1.093520742e+12     1.246257418e+30     99.56302885         40.3902086          0.4508047958
0.0006707372299     1.121312574e+12     1.265842396e+30     99.78565093         40.40994595         0.4598282195
0.0006877622906     1.149810322e+12     1.285383345e+30     100.014826          40.43008527         0.4689106817
0.0007052194917     1.179031863e+12     1.304855152e+30     100.250741          40.45063448         0.4780497878
0.0007231198022     1.208998074e+12     1.325894429e+30     100.4861569         40.47079738         0.4869754894
0.0007414744692     1.239725497e+12     1.346968881e+30     100.7273644         40.49097357         0.4959476212
0.0007602950255     1.27123273e+12      1.368254029e+30     100.9720504         40.5110479          0.5048146193
0.0007795932967     1.303535883e+12     1.391815663e+30     101.2010364         40.53027184         0.512456787
0.0007993814083     1.336661553e+12     1.416758478e+30     101.4329194         40.54986452         0.5199638162
0.0008196717939     1.370628764e+12     1.441873636e+30     101.6718127         40.56991536         0.5275272743
0.0008404772023     1.405458851e+12     1.467145495e+30     101.9179216         40.59043505         0.5351453437
0.0008618107063     1.441173686e+12     1.49255714e+30      102.1714566         40.61143453         0.5428161423
0.0008836857103     1.477798719e+12     1.520085254e+30     102.4237813         40.63190526         0.5502580574
0.0009061159589     1.515354261e+12     1.547898083e+30     102.6819836         40.65232732         0.5577447105
0.0009291155458     1.553863848e+12     1.575949528e+30     102.9463462         40.67270055         0.5652790791
0.0009526989222     1.593351664e+12     1.604225775e+30     103.2170165         40.69301114         0.5728592208
0.0009768809062     1.633838503e+12     1.635773575e+30     103.4710537         40.71349295         0.5792420555
0.001001676692      1.675354715e+12     1.668672683e+30     103.7282415         40.7343237          0.5854895275
0.00102710186       1.717925754e+12     1.702036063e+30     103.9916991         40.75526324         0.5917878665
0.001053172384      1.761578381e+12     1.735860107e+30     104.2615795         40.77630397         0.598135707
0.001079904647      1.806340037e+12     1.770140476e+30     104.538039          40.79743805         0.6045316314
0.001107315444      1.852240686e+12     1.806089799e+30     104.818706          40.81869228         0.6108265208
0.001135421999      1.899309554e+12     1.843913238e+30     105.103521          40.8400764          0.6170092795
0.001164241971      1.947574382e+12     1.88236939e+30      105.3953116         40.86155106         0.623234744
0.001193793469      1.997065515e+12     1.921461613e+30     105.694249          40.88310834         0.6295014169
0.001224095062      2.047808318e+12     1.96227061e+30      105.9824151         40.90435098         0.6350912987
0.001255165788      2.099838423e+12     2.004231123e+30     106.2705585         40.92541876         0.6404695755
0.00128702517       2.153194499e+12     2.049584044e+30     106.5612184         40.94716893         0.645611122
0.001319693226      2.207906454e+12     2.095876822e+30     106.8591309         40.96906262         0.6507951187
0.001353190483      2.264008714e+12     2.143126119e+30     107.1644771         40.99109343         0.6560204756
0.001387537988      2.32153658e+12      2.191348798e+30     107.4774424         41.01325471         0.6612860612
0.001422757322      2.380526243e+12     2.240561926e+30     107.7982172         41.03553961         0.6665907031
0.001458870614      2.441014813e+12     2.29078277e+30      108.1269965         41.05794103         0.6719331892
0.001495900556      2.503044679e+12     2.344879582e+30     108.4562958         41.08012797         0.6770456644
0.001533870415      2.566646427e+12     2.401182593e+30     108.7781577         41.10236987         0.6817000326
0.001572804047      2.631860075e+12     2.459081369e+30     109.0969371         41.12477047         0.6860427703
0.001612725917      2.698731028e+12     2.518360343e+30     109.4233157         41.14722031         0.6904243488
0.001653661108      2.767301387e+12     2.579053418e+30     109.757474          41.16970742         0.6948439359
0.001695635341      2.837614321e+12     2.641195449e+30     110.0995966         41.19221939         0.6993006637
0.00173867499       2.909714093e+12     2.704822271e+30     110.449873          41.21474344         0.7037936287
0.001782807097      2.983649915e+12     2.772473419e+30     110.8054167         41.23775627         0.7081171579
0.001828059392      3.059467128e+12     2.843338731e+30     111.1672073         41.26105138         0.7123586306
0.001874460308      3.137211431e+12     2.91611573e+30      111.5370347         41.28434393         0.716632338
0.001922039         3.216927331e+12     2.990862383e+30     111.9066098         41.30785503         0.7206864215
0.001970825364      3.298661578e+12     3.067629844e+30     112.2697904         41.33178846         0.7243433861
0.002020850054      3.382473173e+12     3.146476954e+30     112.641136          41.35575146         0.7280338137
0.0020721445        3.468414913e+12     3.227467727e+30     113.0208271         41.37973013         0.7317570484
0.002124740933      3.556540933e+12     3.310668567e+30     113.4090486         41.40371009         0.7355124059
0.002178672401      3.646909297e+12     3.397810143e+30     113.8039626         41.42799824         0.7391847457
0.00223397279       3.739579345e+12     3.490469765e+30     114.2042164         41.45284201         0.7426843299
0.002290676847      3.834605192e+12     3.585909009e+30     114.6135975         41.47766496         0.7462120783
0.002348820201      3.932046737e+12     3.68422526e+30      115.0323135         41.50245125         0.7497672804
0.002408439386      4.031962622e+12     3.78543098e+30      115.4557869         41.5271             0.7532412776
0.00246957186       4.134405783e+12     3.889312141e+30     115.8671138         41.5513726          0.7562585328
0.002532256037      4.239453003e+12     3.996371797e+30     116.2876857         41.57568463         0.7593034126
0.002596531301      4.3471705e+12       4.106725686e+30     116.7177072         41.6000226          0.7623753868
0.002662438039      4.457626179e+12     4.220494587e+30     117.1573878         41.62437256         0.7654739024
0.002730017662      4.57088967e+12      4.33780457e+30      117.6069422         41.64872009         0.7685983841
0.002799312632      4.687036532e+12     4.461472907e+30     118.0647935         41.6737237          0.7716002407
0.002870366489      4.806141311e+12     4.592410895e+30     118.5307999         41.69952339         0.7744524579
0.002943223879      4.928274517e+12     4.727769866e+30     119.0072628         41.72533509         0.7773265294
0.003017930579      5.053513203e+12     4.867727568e+30     119.4944164         41.75114459         0.7802218684
0.00309453353       5.181916604e+12     5.012895428e+30     119.9785993         41.77794318         0.7825893156
0.003173080864      5.313584547e+12     5.163159725e+30     120.4740008         41.80480972         0.7849743238
0.003253621934      5.448600181e+12     5.31873589e+30      120.980936          41.83172719         0.7873785181
0.003336207347      5.587048696e+12     5.4798514e+30       121.4996728         41.85868185         0.7898013999
0.003420888993      5.72901745e+12      5.646744899e+30     122.0304858         41.88565953         0.7922424534
0.00350772008       5.874596032e+12     5.819666776e+30     122.5736565         41.91264566         0.794701146
0.003596755166      6.02387631e+12      5.998879766e+30     123.1294736         41.93962522         0.7971769281
0.003688050195      6.176952493e+12     6.184659592e+30     123.6982328         41.96658282         0.7996692348
0.00378166253       6.333921783e+12     6.377670962e+30     124.2801269         41.99362066         0.8021618088
0.003877650991      6.494874575e+12     6.588610139e+30     124.8791088         42.02503813         0.8039183171
0.003976075889      6.659915893e+12     6.808689495e+30     125.4940344         42.05715115         0.8055824363
0.004076999067      6.829154625e+12     7.037623654e+30     126.1240057         42.08949281         0.8072570461
0.00418048394       7.002697675e+12     7.2758322e+30       126.7693918         42.12205569         0.8089416961
0.004286595528      7.180654677e+12     7.523756412e+30     127.4305713         42.15483213         0.8106359227
0.004395400505      7.363138065e+12     7.781860413e+30     128.1079323         42.18781426         0.8123392501
0.004506967236      7.550263144e+12     8.050632363e+30     128.8018729         42.22099403         0.8140511899
0.004621365822      7.742148166e+12     8.330585727e+30     129.512801          42.25436317         0.8157712423
0.004738668143      7.938914402e+12     8.622260598e+30     130.2411351         42.28791325         0.8174988957
0.004858947902      8.140668773e+12     8.930547695e+30     131.0063128         42.3229991          0.8188624987
0.004982280676      8.347544644e+12     9.254653976e+30     131.8020826         42.35924059         0.820007126
0.005108743957      8.559683057e+12     9.592693153e+30     132.6176607         42.39585176         0.8211556879
0.005238417206      8.777218129e+12     9.945345429e+30     133.4535412         42.4328301          0.8223077408
0.0053713819        9.000287406e+12     1.03133263e+31      134.3102312         42.47017301         0.8234628291
0.005507721586      9.229031953e+12     1.069738839e+31     135.1882504         42.50787784         0.8246204866
0.005647521928      9.463596445e+12     1.109832342e+31     136.0881317         42.5459419          0.825780236
0.005790870767      9.704129258e+12     1.151696422e+31     137.0104216         42.58436245         0.8269415898
0.005937858174      9.950782566e+12     1.19541869e+31      137.9556806         42.62313675         0.8281040501
0.006088576505      1.020369835e+13     1.240950959e+31     138.9429963         42.66303697         0.8290287251
0.00624312046       1.04630375e+13      1.288637439e+31     139.9772447         42.70538207         0.8295563084
0.006401587144      1.07289823e+13      1.338753546e+31     141.0352595         42.74924654         0.8299953756
0.006564076126      1.100169549e+13     1.391089565e+31     142.1191493         42.79371017         0.8304319809
0.006730689502      1.128134977e+13     1.445753128e+31     143.2295488         42.83877669         0.8308657576
0.006901531961      1.156812226e+13     1.502857334e+31     144.367109          42.88444988         0.8312963293
0.007076710846      1.186219461e+13     1.562521029e+31     145.5324974         42.9307336          0.8317233096
0.007256336229      1.216375315e+13     1.624869105e+31     146.7263984         42.97763185         0.8321463025
0.007440520972      1.247298897e+13     1.690032805e+31     147.9495137         43.0251487          0.8325649024
0.007629380805      1.279008578e+13     1.757335218e+31     149.2087687         43.07256151         0.8328870018
0.007823034393      1.311521825e+13     1.825132325e+31     150.517414          43.11842495         0.8329298332
0.008021603414      1.344862787e+13     1.89587918e+31      151.8578933         43.1648964          0.8329650924
0.008225212635      1.379052593e+13     1.969715644e+31     153.230982          43.21197819         0.8329923836
0.00843398999       1.414112921e+13     2.046788543e+31     154.6374751         43.2596727          0.8330112998
0.008648066658      1.450066e+13        2.127252018e+31     156.0781879         43.30798227         0.8330214234
0.00886757715       1.486934633e+13     2.211267901e+31     157.553956          43.35690933         0.8330223252
0.009092659391      1.52474221e+13      2.299006105e+31     159.0656364         43.4064563          0.8330135654
0.009323454807      1.563512719e+13     2.390645032e+31     160.6141076         43.45662569         0.8329946926
0.009560108413      1.603270284e+13     2.485960857e+31     162.2012725         43.50703746         0.8329470112
0.009802768904      1.644033459e+13     2.579415573e+31     163.8415767         43.55258179         0.8326264551
0.01005158875       1.685834755e+13     2.676833719e+31     165.5218288         43.59870548         0.8322920505
0.0103067243        1.728700696e+13     2.778399238e+31     167.2430027         43.64540952         0.8319433101
0.01056833585       1.77265849e+13      2.884305089e+31     169.0060967         43.69269486         0.8315797336
0.01083658778       1.817736043e+13     2.994753696e+31     170.8121344         43.74056242         0.8312008073
0.01111164865       1.863961981e+13     3.109957435e+31     172.6621653         43.78901311         0.8308060042
0.01139369128       1.911365664e+13     3.230139123e+31     174.5572653         43.83804784         0.8303947838
0.01168289289       1.959977212e+13     3.355532553e+31     176.4985378         43.88766751         0.8299665914
0.01197943519       2.009827519e+13     3.486383044e+31     178.487114          43.93787307         0.8295208586
0.0122835045        2.060937974e+13     3.614897652e+31     180.5538307         43.9820966          0.8288308179
0.01259529189       2.113349158e+13     3.747614007e+31     182.6752926         44.02597722         0.8280880543
0.01291499326       2.167095732e+13     3.88583543e+31      184.8487324         44.07041656         0.8273228058
0.01324280948       2.222211849e+13     4.029812988e+31     187.0754262         44.11541592         0.8265344174
0.01357894653       2.278732541e+13     4.179809908e+31     189.3566819         44.16097655         0.825722217
0.01392361562       2.336693747e+13     4.336102178e+31     191.6938408         44.20709973         0.8248855152
0.01427703331       2.396132329e+13     4.498979187e+31     194.088278          44.25378673         0.8240236052
0.01463942166       2.457086102e+13     4.668744396e+31     196.5414036         44.30103886         0.8231357619
0.01501100837       2.519593855e+13     4.845716043e+31     199.0546635         44.34885744         0.822221242
0.01539202692       2.583683225e+13     5.022142015e+31     201.6924417         44.38912888         0.8210809856
0.01578271672       2.64940069e+13      5.20210644e+31      204.4238849         44.42618448         0.8198200446
0.01618332324       2.716793239e+13     5.389367398e+31     207.2232663         44.46357834         0.8185244763
0.0165940982        2.785903747e+13     5.584251845e+31     210.0922784         44.50130513         0.8171933413
0.01701529971       2.856776197e+13     5.787102384e+31     213.0326562         44.53935936         0.815825676
0.0174471924        2.929455708e+13     5.998278035e+31     216.0461789         44.57773533         0.8144204924
0.01789004766       3.003988565e+13     6.218155055e+31     219.1346707         44.61642722         0.8129767772
0.01834414374       3.080422247e+13     6.447127795e+31     222.3000021         44.65542902         0.8114934913
0.01880976596       3.158805463e+13     6.685609595e+31     225.544091          44.69473462         0.8099695695
0.01928720689       3.239175192e+13     6.926597397e+31     228.9202307         44.72971304         0.8082634038
0.01977676652       3.321581588e+13     7.169887928e+31     232.4297448         44.76044409         0.8063747353
0.02027875245       3.406089301e+13     7.422850702e+31     236.0249954         44.79140625         0.8044380767
0.02079348009       3.492752161e+13     7.685912371e+31     239.708082          44.82259282         0.8024522087
0.02132127285       3.581625392e+13     7.959519776e+31     243.4811575         44.85399689         0.800415881
0.02186246238       3.672765643e+13     8.244140954e+31     247.346429          44.88561137         0.7983278117
0.02241738871       3.766231032e+13     8.540266175e+31     251.3061599         44.91742896         0.7961866863
0.02298640052       3.86208118e+13      8.848409044e+31     255.3626707         44.94944219         0.7939911569
0.02356985533       3.960377253e+13     9.169107653e+31     259.5183412         44.98164341         0.7917398414
0.02416811974       4.06117023e+13      9.49706457e+31      263.9032091         45.00873643         0.7892693084
0.02478156967       4.164509488e+13     9.825382064e+31     268.6703921         45.02466315         0.7863884346
0.02541059056       4.270484925e+13     1.016654134e+32     273.556655          45.04053915         0.7834341078
0.02605557764       4.379164131e+13     1.05211012e+32      278.564977          45.05635289         0.7804044561
0.02671693617       4.490616444e+13     1.088964664e+32     283.6984128         45.07209254         0.7772975603
0.02739508171       4.604913002e+13     1.127279017e+32     288.9600949         45.08774595         0.7741114521
0.02809044035       4.722126783e+13     1.167117307e+32     294.3532349         45.10330065         0.7708441135
0.02880344901       4.84233266e+13      1.208546692e+32     299.8811263         45.11874389         0.7674934754
0.02953455568       4.96560745e+13      1.251637499e+32     305.5471462         45.13406259         0.7640574159
0.03028421975       5.09202302e+13      1.296175003e+32     311.4543773         45.14738764         0.7604312021
0.03105291226       5.221620304e+13     1.340576513e+32     318.1586255         45.14862083         0.7560450088
0.03184111618       5.354525018e+13     1.386697398e+32     325.0323145         45.14967225         0.7515471479
0.03264932677       5.490822034e+13     1.434611806e+32     332.0797288         45.15053258         0.7469347776
0.03347805186       5.630598425e+13     1.484397336e+32     339.3052621         45.15119227         0.7422049839
0.03432781215       5.773943525e+13     1.536135206e+32     346.7134192         45.15164152         0.737354779
0.03519914158       5.920948987e+13     1.589910433e+32     354.3088196         45.15187028         0.7323810992
0.03609258762       6.071708847e+13     1.645812017e+32     362.0961998         45.15186827         0.7272808029
0.03700871165       6.226319583e+13     1.703933136e+32     370.0804168         45.15162494         0.7220506689
0.0379480893        6.384880185e+13     1.76437135e+32      378.2664509         45.15112951         0.7166873943
0.0389113108        6.547422646e+13     1.82516426e+32      388.0398613         45.1424576          0.7099143917
0.03989898138       6.71411148e+13      1.888204044e+32     398.1405023         45.13354399         0.7028992938
0.04091172161       6.885056917e+13     1.953700134e+32     408.5009084         45.12484473         0.6957060089
0.04195016783       7.060368319e+13     2.021758758e+32     419.1277437         45.11637445         0.6883300115
0.04301497253       7.240157888e+13     2.092491085e+32     430.0278413         45.10814814         0.6807666612
0.04410680475       7.424540748e+13     2.166013476e+32     441.2082078         45.10018116         0.6730112
0.04522635052       7.613635016e+13     2.24244773e+32      452.6760272         45.0924892          0.665058749
0.04637431328       7.807561891e+13     2.321921358e+32     464.4386655         45.08508833         0.6569043055
0.04755141433       8.006445727e+13     2.404567852e+32     476.5036752         45.07799496         0.6485427398
0.04875839327       8.210340621e+13     2.489788267e+32     491.7882267         45.10154961         0.6377763057
0.04999600849       8.419421514e+13     2.578158024e+32     508.3976814         45.13784181         0.6260526563
0.05126503762       8.633844373e+13     2.670044174e+32     525.4493845         45.17795134         0.6140410604
0.05256627801       8.853746587e+13     2.765600504e+32     542.9549541         45.22203013         0.6017343922
0.05390054728       9.07926912e+13      2.864987986e+32     560.926301          45.27023368         0.5891253442
0.05526868378       9.310556614e+13     2.968375137e+32     579.3756354         45.32272101         0.5762064218
0.05667154716       9.547757483e+13     3.07593838e+32      598.3154741         45.37965475         0.5629699386
0.05811001886       9.791024016e+13     3.187862436e+32     617.7586481         45.44120111         0.5494080118
0.05958500274       1.004051248e+14     3.304340727e+32     637.7183096         45.50752994         0.535512556
0.06109742555       1.029631458e+14     3.424144243e+32     669.8921392         45.78505044         0.5155377942
0.0626482376        1.055860558e+14     3.547635791e+32     711.6298456         46.23411294         0.4908756197
0.0642384133        1.082760234e+14     3.67600956e+32      754.476487          46.70767764         0.4657050462
0.06586895181       1.110347755e+14     3.809473774e+32     798.4610029         47.20657593         0.4400150486
0.06754087765       1.138640837e+14     3.948246113e+32     843.6130555         47.73165727         0.4137942954
0.06925524132       1.167657661e+14     4.092554167e+32     889.9630481         48.28378949         0.3870311382
0.07101312001       1.197416883e+14     4.242635907e+32     937.5421423         48.86385894         0.3597136017
0.07281561825       1.227937648e+14     4.398740189e+32     986.3822768         49.47277074         0.3318293733
0.0746638686        1.259239602e+14     4.561127277e+32     1036.516186         50.11144901         0.303365792
0.07655903237       1.291337527e+14     4.742864037e+32     1027.96938          48.77485332         0.3111645564
0.07850230033       1.324248232e+14     4.952924859e+32     923.8755222         44.1590962          0.3777104317
0.08049489351       1.358000921e+14     5.172325084e+32     816.6993408         39.32068206         0.4461434952
0.0825380639        1.392617299e+14     5.401486063e+32     706.3580154         34.25286085         0.5165137109
0.08463309528       1.428119638e+14     5.640848841e+32     592.7667866         28.94875028         0.588872238
0.08678130402       1.464530792e+14     5.890875114e+32     475.8389121         23.40133375         0.6632714581
0.08898403991       1.501874217e+14     6.152048249e+32     355.4856216         17.60345818         0.7397650044
0.09124268698       1.540173982e+14     6.424874352e+32     231.61607           11.54783173         0.818407791
0.09355866441       1.579454786e+14     6.709883384e+32     104.1372894         5.22702135          0.8992560435
0.09593342738       1.619742981e+14     7.034248119e+32     0.0                 0.0                 0.9651601562
0.09836846803       1.661067531e+14     7.482340982e+32     0.0                 0.0                 0.9647701566
0.1008653164        1.703451239e+14     7.955564624e+32     0.0                 0.0                 0.964377523
0.1034255412        1.746921484e+14     8.4552593e+32       0.0                 0.0                 0.9639823531
0.1060507513        1.791506365e+14     8.982835205e+32     0.0                 0.0                 0.9635847477
0.108742596         1.837234719e+14     9.53977609e+32      0.0                 0.0                 0.9631848101
0.1115027668        1.884136144e+14     1.012764307e+33     0.0                 0.0                 0.9627826465
0.1143329979        1.932241014e+14     1.074807861e+33     0.0                 0.0                 0.9623783656
0.1172350676        1.981580507e+14     1.140281077e+33     0.0                 0.0                 0.9619720787
0.1202107995        2.032187736e+14     1.209794e+33        0.0                 0.0                 0.961566954
0.1232620632        2.084159081e+14     1.307877998e+33     0.0                 0.0                 0.9613296191
0.1263907759        2.137469279e+14     1.411998185e+33     0.0                 0.0                 0.961090518
0.1295989035        2.192153313e+14     1.522494215e+33     0.0                 0.0                 0.9608497068
0.1328884618        2.248247099e+14     1.639724116e+33     0.0                 0.0                 0.9606072436
0.1362615176        2.305787522e+14     1.764065255e+33     0.0                 0.0                 0.9603631882
0.1397201904        2.364812456e+14     1.895915367e+33     0.0                 0.0                 0.9601176024
0.1432666533        2.425365066e+14     2.03578767e+33      0.0                 0.0                 0.9598512615
0.1469031347        2.487485345e+14     2.184137909e+33     0.0                 0.0                 0.9595657989
0.1506319195        2.551210588e+14     2.341355212e+33     0.0                 0.0                 0.9592788178
0.1544553506        2.616721314e+14     2.543799787e+33     0.0                 0.0                 0.9591517526
0.1583758303        2.683962655e+14     2.766325863e+33     0.0                 0.0                 0.9590565436
0.1623958221        2.752952959e+14     3.002660207e+33     0.0                 0.0                 0.9589605763
0.1665178517        2.823738786e+14     3.253574802e+33     0.0                 0.0                 0.9588638718
0.1707445092        2.896367988e+14     3.519882975e+33     0.0                 0.0                 0.9587664526
0.1750784502        2.97088975e+14      3.802441571e+33     0.0                 0.0                 0.9586683414
0.1795223981        3.047354627e+14     4.102153233e+33     0.0                 0.0                 0.9585695622
0.1840791448        3.125814587e+14     4.419968802e+33     0.0                 0.0                 0.9584701393
0.1887515538        3.206323055e+14     4.756889843e+33     0.0                 0.0                 0.958370098
0.1935425606        3.289189036e+14     5.17366516e+33      0.0                 0.0                 0.9583562266
0.1984551757        3.37437945e+14      5.650296195e+33     0.0                 0.0                 0.9583901724
0.2034924858        3.461819719e+14     6.156766728e+33     0.0                 0.0                 0.9584244127
0.2086576559        3.551571446e+14     6.694745679e+33     0.0                 0.0                 0.9584589403
0.2139539316        3.643698032e+14     7.265991164e+33     0.0                 0.0                 0.958493748
0.2193846405        3.73826473e+14      7.87235517e+33      0.0                 0.0                 0.958528828
0.224953195         3.835338702e+14     8.515788465e+33     0.0                 0.0                 0.9585641725
0.2306630939        3.934989086e+14     9.198345769e+33     0.0                 0.0                 0.9585997733
0.236517925         4.037287058e+14     9.92219119e+33      0.0                 0.0                 0.9586356217
0.2425213669        4.142714066e+14     1.078174179e+34     0.0                 0.0                 0.958684576
0.2486771919        4.251467798e+14     1.180701355e+34     0.0                 0.0                 0.9587491785
0.2549892678        4.363167048e+14     1.289695606e+34     0.0                 0.0                 0.9588143638
0.2614615606        4.477896092e+14     1.405519799e+34     0.0                 0.0                 0.9588801191
0.2680981371        4.595741834e+14     1.528556232e+34     0.0                 0.0                 0.9589464308
0.2749031672        4.716793898e+14     1.659207649e+34     0.0                 0.0                 0.9590132851
0.2818809268        4.841144723e+14     1.797898312e+34     0.0                 0.0                 0.9590806673
0.2890358           4.968889664e+14     1.945075127e+34     0.0                 0.0                 0.9591485623
0.2963722827        5.100127092e+14     2.101208831e+34     0.0                 0.0                 0.9592169544
0.3038949844        5.235496778e+14     2.278633844e+34     0.0                 0.0                 0.9592615755
0.3116086319        5.376094393e+14     2.499663883e+34     0.0                 0.0                 0.9592416931
0.3195180718        5.520656952e+14     2.734692046e+34     0.0                 0.0                 0.9592216326
0.327628274         5.669305463e+14     2.984504759e+34     0.0                 0.0                 0.959201398
0.3359443343        5.822165053e+14     3.249930571e+34     0.0                 0.0                 0.9591809935
0.3444714779        5.979365129e+14     3.531842357e+34     0.0                 0.0                 0.9591604234
0.3532150627        6.141039536e+14     3.831159646e+34     0.0                 0.0                 0.9591396923
0.3621805824        6.307326736e+14     4.148851062e+34     0.0                 0.0                 0.9591188048
0.3713736705        6.478369985e+14     4.485936894e+34     0.0                 0.0                 0.9590977658
0.380800103         6.654690343e+14     4.851381212e+34     0.0                 0.0                 0.9590608384
0.3904658031        6.840163406e+14     5.325070677e+34     0.0                 0.0                 0.9588575021
0.4003768438        7.031194619e+14     5.828760569e+34     0.0                 0.0                 0.9586524174
0.4105394525        7.227968729e+14     6.364134268e+34     0.0                 0.0                 0.9584456269
0.4209600148        7.430677415e+14     6.932965175e+34     0.0                 0.0                 0.9582371749
0.4316450782        7.63951958e+14      7.537121434e+34     0.0                 0.0                 0.9580271075
0.4426013563        7.854701655e+14     8.178570882e+34     0.0                 0.0                 0.9578154727
0.4538357334        8.076437916e+14     8.859386272e+34     0.0                 0.0                 0.9576023202
0.4653552683        8.304950819e+14     9.581750752e+34     0.0                 0.0                 0.9573877011
0.477167199         8.540471349e+14     1.034796364e+35     0.0                 0.0                 0.9571716683
0.4892789473        8.791743566e+14     1.133132949e+35     0.0                 0.0                 0.956718685
0.5016981234        9.052132877e+14     1.239604332e+35     0.0                 0.0                 0.9562360116
0.5144325306        9.321038001e+14     1.352750152e+35     0.0                 0.0                 0.9557495837
0.5274901702        9.598772719e+14     1.472942858e+35     0.0                 0.0                 0.9552595119
0.5408792468        9.885663778e+14     1.600574743e+35     0.0                 0.0                 0.9547659106
0.5546081731        1.018205148e+15     1.736058982e+35     0.0                 0.0                 0.9542688983
0.5686855754        1.04882903e+15      1.87983072e+35      0.0                 0.0                 0.9537685973
0.5831202989        1.080474952e+15     2.032348222e+35     0.0                 0.0                 0.9532651335
0.5979214133        1.113181389e+15     2.194094075e+35     0.0                 0.0                 0.9527586365
0.6130982185        1.148376765e+15     2.391934016e+35     0.0                 0.0                 0.9519727564
0.6286602508        1.185394856e+15     2.612951161e+35     0.0                 0.0                 0.9510705427
0.6446172879        1.223753502e+15     2.847724938e+35     0.0                 0.0                 0.9501621021
0.6609793564        1.26352411e+15      3.097013896e+35     0.0                 0.0                 0.9491604622
0.6777567367        1.304751307e+15     3.361615764e+35     0.0                 0.0                 0.9481339654
0.6949599708        1.347490996e+15     3.642375902e+35     0.0                 0.0                 0.9471017067
0.7125998679        1.391805309e+15     3.94018425e+35      0.0                 0.0                 0.9460639643
0.7306875115        1.437759166e+15     4.255977798e+35     0.0                 0.0                 0.945021023
0.7492342667        1.485420413e+15     4.590743034e+35     0.0                 0.0                 0.9439731736
0.768251787         1.536917498e+15     4.982357368e+35     0.0                 0.0                 0.9425620193
0.7877520215        1.592323792e+15     5.431862385e+35     0.0                 0.0                 0.9408235261
0.8077472229        1.649987559e+15     5.908956663e+35     0.0                 0.0                 0.9389942174
0.8282499546        1.710006177e+15     6.415135231e+35     0.0                 0.0                 0.9370841418
0.8492730991        1.772461132e+15     6.952013712e+35     0.0                 0.0                 0.9351684373
0.8708298659        1.837460365e+15     7.521269477e+35     0.0                 0.0                 0.9332476832
0.8929337997        1.905116897e+15     8.12466804e+35      0.0                 0.0                 0.9313224652
0.915598789         1.975567034e+15     8.764040784e+35     0.0                 0.0                 0.9293498026
0.9388390748        2.048957744e+15     9.441290532e+35     0.0                 0.0                 0.9272798131
0.9626692597        2.127985127e+15     1.020259135e+36     0.0                 0.0                 0.9247991738
0.9871043169        2.215550448e+15     1.109680584e+36     0.0                 0.0                 0.9215350847
1.0121596           2.30704968e+15      1.204483612e+36     0.0                 0.0                 0.9181779323
1.037850851         2.402660995e+15     1.304956809e+36     0.0                 0.0                 0.9147435009
1.064194213         2.502526477e+15     1.411412068e+36     0.0                 0.0                 0.9113225371
1.091206238         2.606916517e+15     1.524168421e+36     0.0                 0.0                 0.9078175954
1.118903899         2.716018367e+15     1.643564684e+36     0.0                 0.0                 0.9042698366
1.147304599         2.83000771e+15      1.769960589e+36     0.0                 0.0                 0.9007435073
1.176426183         2.94921621e+15      1.903735268e+36     0.0                 0.0                 0.8971313815
1.206286948         3.076083462e+15     2.048944091e+36     0.0                 0.0                 0.8932294991
1.236905658         3.221472648e+15     2.223059027e+36     0.0                 0.0                 0.8877544825
1.26830155          3.373903296e+15     2.407467309e+36     0.0                 0.0                 0.8822581493
1.300494352         3.533720901e+15     2.602738656e+36     0.0                 0.0                 0.8767607922
1.333504292         3.701251433e+15     2.809455697e+36     0.0                 0.0                 0.87129472
1.367352109         3.876957161e+15     3.028272833e+36     0.0                 0.0                 0.8658255696
1.402059073         4.061119245e+15     3.259810993e+36     0.0                 0.0                 0.8604267198
1.43764699          4.254324356e+15     3.50483567e+36      0.0                 0.0                 0.8550315133
1.474138221         4.456824585e+15     3.764001583e+36     0.0                 0.0                 0.8497297486
1.511555695         4.669294912e+15     4.038189771e+36     0.0                 0.0                 0.8444519488
1.549922922         4.919494742e+15     4.371409284e+36     0.0                 0.0                 0.8370015289
1.589264009         5.183359871e+15     4.725686769e+36     0.0                 0.0                 0.8296447747
1.629603675         5.460859242e+15     5.100937221e+36     0.0                 0.0                 0.8224342353
1.670967268         5.752580009e+15     5.498274941e+36     0.0                 0.0                 0.8154060896
1.713380776         6.059219218e+15     5.918911544e+36     0.0                 0.0                 0.8085693496
1.75687085          6.381652232e+15     6.364245911e+36     0.0                 0.0                 0.8019116711
1.801464815         6.720665999e+15     6.835622851e+36     0.0                 0.0                 0.7954301622
1.847190692         7.076998875e+15     7.334387237e+36     0.0                 0.0                 0.789140088
1.894077211         7.451747865e+15     7.862248585e+36     0.0                 0.0                 0.7830160586
1.942153831         7.887342724e+15     8.487352768e+36     0.0                 0.0                 0.7752474066
1.991450762         8.358023793e+15     9.168784529e+36     0.0                 0.0                 0.7673072747
2.041998978         8.853967714e+15     9.890971086e+36     0.0                 0.0                 0.7596994241
2.093830239         9.376719164e+15     1.065641913e+37     0.0                 0.0                 0.7523912007
2.146977113         9.927512363e+15     1.146741954e+37     0.0                 0.0                 0.7454101855
2.201472993         1.050776783e+16     1.232641194e+37     0.0                 0.0                 0.7387359862
2.25735212          1.111926868e+16     1.323630686e+37     0.0                 0.0                 0.732336174
2.314649606         1.176354533e+16     1.419977322e+37     0.0                 0.0                 0.7261989571
2.373401451         1.244217098e+16     1.521957333e+37     0.0                 0.0                 0.7203194286
2.433644572         1.321764364e+16     1.639935959e+37     0.0                 0.0                 0.7134933394
2.49541682          1.407771125e+16     1.771957955e+37     0.0                 0.0                 0.7062595557
2.558757009         1.498568936e+16     1.911961982e+37     0.0                 0.0                 0.699425899
2.623704937         1.594458177e+16     2.060446448e+37     0.0                 0.0                 0.6929538791
2.690301412         1.695675592e+16     2.217831103e+37     0.0                 0.0                 0.6868264667
2.758588281         1.802507817e+16     2.384607077e+37     0.0                 0.0                 0.6810198276
2.828608448         1.915296609e+16     2.561352116e+37     0.0                 0.0                 0.6755185249
2.900405909         2.034296304e+16     2.748518643e+37     0.0                 0.0                 0.6703014169
2.974025778         2.159926057e+16     2.946796721e+37     0.0                 0.0                 0.6653288541
3.04951431          2.300436193e+16     3.170382227e+37     0.0                 0.0                 0.6599855399
3.126918939         2.46077324e+16      3.427806187e+37     0.0                 0.0                 0.6540932713
3.206288299         2.630286332e+16     3.700841785e+37     0.0                 0.0                 0.6485710005
3.28767226          2.809555278e+16     3.990470927e+37     0.0                 0.0                 0.6433883789
3.371121959         2.999050061e+16     4.297511682e+37     0.0                 0.0                 0.6385090081
3.456689829         3.199390823e+16     4.623017341e+37     0.0                 0.0                 0.6339027304
3.544429634         3.411078123e+16     4.967875355e+37     0.0                 0.0                 0.6295586725
3.634396505         3.634854578e+16     5.333344313e+37     0.0                 0.0                 0.6254551657
3.72664697          3.871236578e+16     5.720342176e+37     0.0                 0.0                 0.6215752374
3.821238992         4.129549265e+16     6.145204515e+37     0.0                 0.0                 0.6176593403
3.918232006         4.433072128e+16     6.648865758e+37     0.0                 0.0                 0.6131801704
4.017686956         4.754381461e+16     7.183199477e+37     0.0                 0.0                 0.6089891066
4.119666332         5.094568539e+16     7.750075773e+37     0.0                 0.0                 0.6050541622
4.224234211         5.454511653e+16     8.351055372e+37     0.0                 0.0                 0.6013624476
4.331456295         5.835424037e+16     8.988226303e+37     0.0                 0.0                 0.5978952082
4.441399955         6.238408969e+16     9.663514897e+37     0.0                 0.0                 0.594632868
4.554134273         6.664586559e+16     1.037888537e+38     0.0                 0.0                 0.5915575789
4.669730081         7.115321082e+16     1.113669606e+38     0.0                 0.0                 0.5886539804
4.788260013         7.594889833e+16     1.194449683e+38     0.0                 0.0                 0.5858795166
4.909798543         8.176258727e+16     1.293195048e+38     0.0                 0.0                 0.5825783005
5.034422039         8.792224283e+16     1.397966773e+38     0.0                 0.0                 0.5794929233
5.162208804         9.444891482e+16     1.509129226e+38     0.0                 0.0                 0.5765997911
5.29323913          1.013604206e+17     1.626999315e+38     0.0                 0.0                 0.5738869983
5.427595348         1.086778873e+17     1.751947332e+38     0.0                 0.0                 0.5713389688
5.565361877         1.164248494e+17     1.884383584e+38     0.0                 0.0                 0.56894233
5.70662528          1.24625169e+17      2.02472582e+38      0.0                 0.0                 0.5666847862
5.851474317         1.333019665e+17     2.173382563e+38     0.0                 0.0                 0.5645547194
6.0                 1.424811935e+17     2.330809344e+38     0.0                 0.0                 0.5625422435
