0.476E-14           0.790E+01           0.101E+11           26.00               56.00               0.000               0.0
0.491E-14           0.815E+01           0.101E+12           26.00               56.00               0.000               0.0    
0.699E-14           0.116E+02           0.121E+13           26.00               56.00               0.000               0.0    
0.990E-14           0.164E+02           0.140E+14           26.00               56.00               0.000               0.0    
0.272E-13           0.451E+02           0.170E+15           26.00               56.00               0.000               0.0    
0.127E-12           0.212E+03           0.582E+16           26.00               56.00               0.000               0.0    
0.693E-12           0.115E+04           0.190E+18           26.00               56.00               0.000               0.0    
0.630E-11           0.104E+05           0.974E+19           26.00               56.00               0.000               0.0    
0.158E-10           0.262E+05           0.497E+20           26.00               56.00               0.000               0.0    
0.397E-10           0.659E+05           0.243E+21           26.00               56.00               0.000               0.0    
0.998E-10           0.165E+06           0.115E+22           26.00               56.00               0.000               0.0    
0.251E-09           0.416E+06           0.527E+22           26.00               56.00               0.000               0.0    
0.629E-09           0.104E+07           0.232E+23           26.00               56.00               0.000               0.0    
0.158E-08           0.262E+07           0.975E+23           26.00               56.00               0.000               0.0    
0.397E-08           0.659E+07           0.391E+24           26.00               56.00               0.000               0.0    
0.500E-08           0.829E+07           0.526E+24           28.00               62.00               0.000               0.0    
0.998E-08           0.166E+08           0.144E+25           28.00               62.00               0.000               0.0    
0.199E-07           0.330E+08           0.383E+25           28.00               62.00               0.000               0.0    
0.397E-07           0.659E+08           0.101E+26           28.00               62.00               0.000               0.0    
0.792E-07           0.132E+09           0.260E+26           28.00               62.00               0.000               0.0
1e-07               165568797.9         3.365258926e+25     27.365395           63.58481            0.0                 0.0
1.01686321e-07      168361453.7         3.442349336e+25     27.36189176         63.58481            0.0                 0.0
1.034010789e-07     171201183.2         3.520953746e+25     27.36860423         63.61161346         0.0                 0.0
1.05144753e-07      174088831.2         3.601281259e+25     27.37742503         63.64442            0.0                 0.0
1.069178311e-07     177025309.0         3.683659889e+25     27.37319625         63.64442            0.0                 0.0
1.08720809e-07      180011176.6         3.767564765e+25     27.3838735          63.68188423         0.0                 0.0
1.105541908e-07     183047475.3         3.853521586e+25     27.38844547         63.70402            0.0                 0.0
1.124184894e-07     186135055.3         3.941595236e+25     27.38616966         63.70896217         0.0                 0.0
1.14314226e-07      189274483.8         4.031285569e+25     27.39912343         63.75219941         0.0                 0.0
1.162419309e-07     192466948.0         4.122994513e+25     27.41206336         63.79542077         0.0                 0.0
1.18202143e-07      195713374.9         4.216946264e+25     27.41886866         63.82323            0.0                 0.0
1.201954106e-07     199014714.2         4.313299146e+25     27.41462005         63.82323            0.0                 0.0
1.222222911e-07     202371471.8         4.411339284e+25     27.427257           63.86571351         0.0                 0.0
1.242833513e-07     205784985.5         4.511867141e+25     27.42981783         63.88284            0.0                 0.0
1.263791676e-07     209256114.4         4.614776243e+25     27.42949286         63.89273101         0.0                 0.0
1.285103261e-07     212785590.9         4.719669414e+25     27.44242807         63.93604458         0.0                 0.0
1.306774228e-07     216374700.7         4.826948356e+25     27.43952653         63.94244            0.0                 0.0
1.328810636e-07     220024374.5         4.936661339e+25     27.44265566         63.96292793         0.0                 0.0
1.351218649e-07     223735631.2         5.048888535e+25     27.45390604         64.00205            0.0                 0.0
1.374004534e-07     227509619.7         5.163970216e+25     27.44966374         64.00205            0.0                 0.0
1.397174661e-07     231347117.1         5.281315894e+25     27.45774914         64.03317283         0.0                 0.0
1.420735511e-07     235249305.5         5.401225384e+25     27.47065565         64.07650179         0.0                 0.0
1.444693673e-07     239217353.5         5.523874183e+25     27.48357844         64.11990785         0.0                 0.0
1.469055847e-07     243252409.6         5.649259482e+25     27.47850351         64.12126            0.0                 0.0
1.493828844e-07     247355529.1         5.777460605e+25     27.48374115         64.14672548         0.0                 0.0
1.519019594e-07     251527836.2         5.908667446e+25     27.49297971         64.18086            0.0                 0.0
1.544635141e-07     255770435.3         6.043210061e+25     27.48872208         64.18086            0.0                 0.0
1.570682649e-07     260084740.3         6.180278515e+25     27.49875193         64.21698354         0.0                 0.0
1.5971694e-07       264471836.3         6.3201996e+25       27.51095519         64.26028274         0.0                 0.0
1.624102804e-07     268932909.3         6.463166331e+25     27.52110231         64.30007            0.0                 0.0
1.651490391e-07     273469115.6         6.610173259e+25     27.5168416          64.30007            0.0                 0.0
1.679339821e-07     278081879.4         6.759762051e+25     27.52360535         64.3305242          0.0                 0.0
1.707658882e-07     282772504.9         6.912813994e+25     27.52988404         64.35967            0.0                 0.0
1.736455493e-07     287542324.2         7.070083759e+25     27.52560207         64.35967            0.0                 0.0
1.765737707e-07     292392621.0         7.230150776e+25     27.53758143         64.40081104         0.0                 0.0
1.795513713e-07     297324649.2         7.393558412e+25     27.549566           64.44407815         0.0                 0.0
1.825791839e-07     302339836.4         7.560714826e+25     27.55786604         64.47888            0.0                 0.0
1.856580551e-07     307439740.9         7.73253905e+25      27.55358979         64.47888            0.0                 0.0
1.887888459e-07     312625541.6         7.907152063e+25     27.5621304          64.51433961         0.0                 0.0
1.919724319e-07     317898866.3         8.085844039e+25     27.56594178         64.53849            0.0                 0.0
1.952097034e-07     323261241.0         8.269013136e+25     27.56147857         64.54144531         0.0                 0.0
1.985015657e-07     328714045.6         8.456000496e+25     27.57421853         64.58464389         0.0                 0.0
2.018489394e-07     334258799.1         8.646797842e+25     27.58598144         64.6278814          0.0                 0.0
2.052527605e-07     339897120.1         8.842197294e+25     27.59244654         64.6577             0.0                 0.0
2.08713981e-07      345630660.8         9.042986627e+25     27.58814968         64.6577             0.0                 0.0
2.122335687e-07     351460783.3         9.246768445e+25     27.5984553          64.69816286         0.0                 0.0
2.15812508e-07      357389228.7         9.455105476e+25     27.60975555         64.74143496         0.0                 0.0
2.194517997e-07     363417701.2         9.668409654e+25     27.61809955         64.77691            0.0                 0.0
2.231524616e-07     369548016.5         9.887398852e+25     27.61308512         64.77691            0.0                 0.0
2.269155285e-07     375781573.8         1.011052447e+26     27.62175323         64.81169404         0.0                 0.0
2.307420528e-07     382120311.5         1.033842025e+26     27.63344667         64.85500096         0.0                 0.0
2.346331046e-07     388566070.9         1.057135879e+26     27.64384646         64.89612            0.0                 0.0
2.38589772e-07      395120571.7         1.081018889e+26     27.63811406         64.89612            0.0                 0.0
2.426131615e-07     401785652.0         1.105377663e+26     27.6438097          64.925238           0.0                 0.0
2.467043982e-07     408563177.9         1.130283526e+26     27.6554979          64.9685777          0.0                 0.0
2.508646264e-07     415455043.0         1.155805722e+26     27.66819243         65.01194297         0.0                 0.0
2.550950094e-07     422463071.2         1.18189899e+26      27.66389389         65.01532            0.0                 0.0
2.593967302e-07     429589401.5         1.20853323e+26      27.66734498         65.03878815         0.0                 0.0
2.637709918e-07     436836015.1         1.235726264e+26     27.67858699         65.08216943         0.0                 0.0
2.682190175e-07     444204810.3         1.263515353e+26     27.68978783         65.12543944         0.0                 0.0
2.727420512e-07     451697873.0         1.291917809e+26     27.70096785         65.16865026         0.0                 0.0
2.773413578e-07     459317380.5         1.321014783e+26     27.70518523         65.19414            0.0                 0.0
2.820182235e-07     467065494.7         1.350840383e+26     27.70003585         65.19577345         0.0                 0.0
2.867739561e-07     474944210.8         1.381189752e+26     27.71118609         65.23894877         0.0                 0.0
2.916098856e-07     482955966.4         1.412225391e+26     27.72234285         65.28219476         0.0                 0.0
2.965273645e-07     491102880.4         1.444003223e+26     27.7287472          65.31335            0.0                 0.0
3.015277678e-07     499387048.2         1.476585272e+26     27.72295632         65.31335            0.0                 0.0
3.06612494e-07      507811237.0         1.509660237e+26     27.73117987         65.35247127         0.0                 0.0
3.11782965e-07      516377445.3         1.543519508e+26     27.74163044         65.39575178         0.0                 0.0
3.170406267e-07     525088059.7         1.578199199e+26     27.75278269         65.43913686         0.0                 0.0
3.223869495e-07     533945674.2         1.613636143e+26     27.76388992         65.48239577         0.0                 0.0
3.278234284e-07     542952829.1         1.649857793e+26     27.77498003         65.52561107         0.0                 0.0
3.333515838e-07     552111924.8         1.68696184e+26      27.7793918          65.55177            0.0                 0.0
3.389729617e-07     561425463.5         1.724995325e+26     27.77391839         65.55274232         0.0                 0.0
3.446891341e-07     570896190.0         1.76357422e+26      27.78352465         65.59590674         0.0                 0.0
3.505016994e-07     580526652.0         1.803103524e+26     27.79407001         65.63915209         0.0                 0.0
3.564122833e-07     590319580.2         1.84357576e+26      27.80515142         65.68250211         0.0                 0.0
3.624225386e-07     600277762.8         1.884950913e+26     27.81622334         65.7258517          0.0                 0.0
3.685341461e-07     610403967.4         1.927101998e+26     27.82594883         65.76903057         0.0                 0.0
3.747488149e-07     620700982.5         1.970352497e+26     27.82765849         65.79018            0.0                 0.0
3.81068283e-07      631171711.9         2.014716601e+26     27.82412754         65.79609599         0.0                 0.0
3.874943177e-07     641819242.0         2.059894547e+26     27.83514273         65.83935128         0.0                 0.0
3.940287158e-07     652646181.3         2.105962413e+26     27.84503162         65.88256645         0.0                 0.0
4.00673305e-07      663655805.7         2.153095894e+26     27.85514084         65.92588562         0.0                 0.0
4.074299432e-07     674851330.7         2.201391862e+26     27.86616557         65.9693118          0.0                 0.0
4.1430052e-07       686235615.9         2.250559552e+26     27.87565496         66.01246515         0.0                 0.0
4.212869568e-07     697812021.2         2.300964652e+26     27.87462808         66.0286             0.0                 0.0
4.283912074e-07     709583773.8         2.352579452e+26     27.8719004          66.03946882         0.0                 0.0
4.356152584e-07     721554138.4         2.405310087e+26     27.88287937         66.08280746         0.0                 0.0
4.429611302e-07     733726410.2         2.459035085e+26     27.89252352         66.12599022         0.0                 0.0
4.504308769e-07     746104063.1         2.514042451e+26     27.90272587         66.16927889         0.0                 0.0
4.580265875e-07     758690568.6         2.570365532e+26     27.91350746         66.21267297         0.0                 0.0
4.657503862e-07     771489410.0         2.627749383e+26     27.9229521          66.25590982         0.0                 0.0
4.736044329e-07     784504173.5         2.686403507e+26     27.93238395         66.29913298         0.0                 0.0
4.815909241e-07     797738504.4         2.746420382e+26     27.94209422         66.34245831         0.0                 0.0
4.897120932e-07     811196098.7         2.807856846e+26     27.95227636         66.38587339         0.0                 0.0
4.979702112e-07     824880812.4         2.870843461e+26     27.94582965         66.38623            0.0                 0.0
5.063675876e-07     838796405.0         2.935045033e+26     27.94900753         66.4126773          0.0                 0.0
5.149065708e-07     852946744.8         3.000561235e+26     27.95841944         66.45603522         0.0                 0.0
5.235895486e-07     867335715.7         3.06752472e+26      27.96781684         66.49936253         0.0                 0.0
5.324189493e-07     881967683.4         3.135938267e+26     27.97716966         66.54254989         0.0                 0.0
5.41397242e-07      896846484.0         3.205900042e+26     27.98653353         66.58584278         0.0                 0.0
5.505269376e-07     911976246.3         3.277445648e+26     27.99590863         66.62924109         0.0                 0.0
5.598105891e-07     927361375.4         3.350531701e+26     28.00523551         66.67246675         0.0                 0.0
5.692507929e-07     943006046.6         3.425239527e+26     28.01455266         66.71569419         0.0                 0.0
5.788501887e-07     958914599.0         3.501637169e+26     28.02388021         66.75902385         0.0                 0.0
5.886114612e-07     975091429.7         3.579755872e+26     28.03320905         66.80242735         0.0                 0.0
5.985373401e-07     991541425.1         3.65953175e+26      28.04247663         66.84558905         0.0                 0.0
6.086306012e-07     1.008268982e+09     3.741110924e+26     28.05175192         66.88884993         0.0                 0.0
6.18894067e-07      1.025278779e+09     3.824534975e+26     28.06103778         66.93221216         0.0                 0.0
6.293306078e-07     1.042575556e+09     3.909794931e+26     28.07030635         66.9755285          0.0                 0.0
6.399431423e-07     1.060164059e+09     3.99690623e+26      28.07953365         67.01872008         0.0                 0.0
6.507346381e-07     1.078049394e+09     4.085854194e+26     28.08808142         67.06201366         0.0                 0.0
6.617081132e-07     1.096236587e+09     4.176715889e+26     28.09446721         67.10148            0.0                 0.0
6.728666363e-07     1.114730469e+09     4.270132363e+26     28.08705773         67.10148            0.0                 0.0
6.842133279e-07     1.133536492e+09     4.365361794e+26     28.09146426         67.13225526         0.0                 0.0
6.957513612e-07     1.152659866e+09     4.462398443e+26     28.10573989         67.19009106         0.0                 0.0
7.074839627e-07     1.172105888e+09     4.561132923e+26     28.13011838         67.27688354         0.0                 0.0
7.194144136e-07     1.191879923e+09     4.663045994e+26     28.12395141         67.2803             0.0                 0.0
7.315460502e-07     1.211987707e+09     4.76687986e+26      28.12527799         67.30541283         0.0                 0.0
7.438822651e-07     1.232434811e+09     4.872722429e+26     28.13666069         67.35765692         0.0                 0.0
7.564265082e-07     1.253226745e+09     4.980805912e+26     28.16239079         67.44425938         0.0                 0.0
7.691822875e-07     1.274369635e+09     5.091825548e+26     28.16002109         67.45911            0.0                 0.0
7.821531702e-07     1.295869304e+09     5.205069568e+26     28.1667134          67.49804915         0.0                 0.0
7.953427837e-07     1.31773173e+09      5.320408116e+26     28.19050855         67.58158875         0.0                 0.0
8.087548163e-07     1.339962915e+09     5.438817623e+26     28.19957106         67.62479912         0.0                 0.0
8.223930189e-07     1.362569284e+09     5.559594602e+26     28.20758675         67.66803179         0.0                 0.0
8.362612054e-07     1.38555716e+09      5.682973988e+26     28.21515626         67.71136749         0.0                 0.0
8.50363254e-07      1.408932959e+09     5.809105465e+26     28.22272328         67.75475628         0.0                 0.0
8.647031084e-07     1.432702955e+09     5.93830743e+26      28.2316473          67.79791962         0.0                 0.0
8.792847788e-07     1.456874205e+09     6.070209439e+26     28.23981677         67.84118595         0.0                 0.0
8.94112343e-07      1.481453426e+09     6.20489799e+26      28.24734073         67.88455635         0.0                 0.0
9.091899475e-07     1.506447219e+09     6.34252071e+26      28.25483745         67.9278502          0.0                 0.0
9.245218089e-07     1.531862726e+09     6.4831364e+26       28.2623013          67.97105044         0.0                 0.0
9.401122146e-07     1.557707072e+09     6.626916686e+26     28.26977226         68.01435553         0.0                 0.0
9.559655246e-07     1.583987497e+09     6.773948191e+26     28.27729653         68.05776676         0.0                 0.0
9.720861724e-07     1.610711466e+09     6.924334987e+26     28.28547404         68.10095884         0.0                 0.0
9.88478666e-07      1.637886384e+09     7.078074805e+26     28.29364679         68.14419855         0.0                 0.0
1.00514759e-06      1.665519837e+09     7.235202553e+26     28.30159736         68.18754118         0.0                 0.0
1.022097605e-06     1.693619499e+09     7.395647576e+26     28.30901395         68.23091133         0.0                 0.0
1.039333452e-06     1.722192871e+09     7.558891284e+26     28.33161045         68.31419245         0.0                 0.0
1.05685995e-06      1.751249153e+09     7.726123463e+26     28.34638039         68.37696278         0.0                 0.0
1.074682002e-06     1.78079623e+09      7.897425115e+26     28.35375021         68.42034298         0.0                 0.0
1.092804591e-06     1.81084099e+09      8.072441968e+26     28.36108521         68.46361821         0.0                 0.0
1.111232784e-06     1.841393121e+09     8.250812745e+26     28.36718966         68.50682168         0.0                 0.0
1.129971737e-06     1.872460498e+09     8.43331309e+26      28.37362434         68.55013058         0.0                 0.0
1.149026688e-06     1.90405153e+09      8.620259621e+26     28.38094509         68.59354482         0.0                 0.0
1.168402966e-06     1.936175598e+09     8.811173356e+26     28.38820758         68.63672558         0.0                 0.0
1.188105991e-06     1.968843402e+09     9.005824117e+26     28.40635056         68.7087358          0.0                 0.0
1.208141273e-06     2.002062254e+09     9.204618007e+26     28.42483917         68.78292006         0.0                 0.0
1.228514413e-06     2.035838917e+09     9.407908016e+26     28.43055936         68.82628528         0.0                 0.0
1.24923111e-06      2.070188893e+09     9.616149962e+26     28.43762349         68.86945822         0.0                 0.0
1.270297157e-06     2.105117538e+09     9.829127871e+26     28.44482607         68.9127366          0.0                 0.0
1.291718445e-06     2.140634412e+09     1.004677916e+27     28.45179262         68.95611904         0.0                 0.0
1.313500965e-06     2.176750526e+09     1.026853704e+27     28.45744241         68.99938355         0.0                 0.0
1.335650808e-06     2.213477145e+09     1.049497509e+27     28.47698068         69.07635804         0.0                 0.0
1.358174169e-06     2.250823918e+09     1.072652536e+27     28.49324933         69.14551487         0.0                 0.0
1.381077345e-06     2.288801011e+09     1.096341136e+27     28.49890817         69.18893517         0.0                 0.0
1.404366743e-06     2.327418015e+09     1.120602669e+27     28.50600132         69.23210392         0.0                 0.0
1.428048875e-06     2.366686967e+09     1.145354992e+27     28.512095           69.27534702         0.0                 0.0
1.452130363e-06     2.40661894e+09      1.170606151e+27     28.52210225         69.33053891         0.0                 0.0
1.476617943e-06     2.447225248e+09     1.196336589e+27     28.54393582         69.41724333         0.0                 0.0
1.501518462e-06     2.488515298e+09     1.222787205e+27     28.55246291         69.4648342          0.0                 0.0
1.526838884e-06     2.530501982e+09     1.249805649e+27     28.55869355         69.50811616         0.0                 0.0
1.552586289e-06     2.573197426e+09     1.277370804e+27     28.56651746         69.55772529         0.0                 0.0
1.578767878e-06     2.616614547e+09     1.305430728e+27     28.58819224         69.64424007         0.0                 0.0
1.605390973e-06     2.660763818e+09     1.334190459e+27     28.59741734         69.69757814         0.0                 0.0
1.632463019e-06     2.705658377e+09     1.363621581e+27     28.60284363         69.74089705         0.0                 0.0
1.659991586e-06     2.751311179e+09     1.393711759e+27     28.60852026         69.78493766         0.0                 0.0
1.687984373e-06     2.797733085e+09     1.424409353e+27     28.63157808         69.87126148         0.0                 0.0
1.716449209e-06     2.844938749e+09     1.455775285e+27     28.64293303         69.93033415         0.0                 0.0
1.745394053e-06     2.892941207e+09     1.48783312e+27      28.64751591         69.97369005         0.0                 0.0
1.774827e-06        2.941753527e+09     1.520593688e+27     28.65207795         70.01702726         0.0                 0.0
1.804756281e-06     2.991389873e+09     1.553980328e+27     28.6715048          70.09831001         0.0                 0.0
1.835190266e-06     3.041863732e+09     1.588173171e+27     28.6848247          70.16309984         0.0                 0.0
1.866137465e-06     3.093189227e+09     1.623201577e+27     28.69011401         70.20648666         0.0                 0.0
1.897606534e-06     3.14538107e+09      1.658979345e+27     28.69536611         70.24973541         0.0                 0.0
1.929606272e-06     3.198453376e+09     1.695427874e+27     28.71266976         70.32538125         0.0                 0.0
1.962145629e-06     3.252421847e+09     1.732710095e+27     28.7280142          70.39588192         0.0                 0.0
1.995233703e-06     3.307302137e+09     1.770924048e+27     28.73323054         70.43930287         0.0                 0.0
2.028879749e-06     3.363107017e+09     1.809647874e+27     28.7528685          70.52556885         0.0                 0.0
2.063093175e-06     3.41985407e+09      1.849414726e+27     28.76356076         70.58531694         0.0                 0.0
2.097883549e-06     3.477558816e+09     1.890142977e+27     28.77261313         70.6391939          0.0                 0.0
2.1332606e-06       3.53623655e+09      1.931632489e+27     28.79381712         70.72584463         0.0                 0.0
2.169234223e-06     3.595905446e+09     1.974037265e+27     28.7996875          70.77479247         0.0                 0.0
2.205814476e-06     3.656581874e+09     2.017375427e+27     28.81179029         70.83920073         0.0                 0.0
2.243011589e-06     3.718282487e+09     2.061665939e+27     28.83094788         70.92108381         0.0                 0.0
2.280835965e-06     3.781022473e+09     2.106929954e+27     28.83441139         70.96431416         0.0                 0.0
2.319298182e-06     3.844822376e+09     2.153100737e+27     28.85017565         71.03929384         0.0                 0.0
2.358408995e-06     3.909699502e+09     2.200339065e+27     28.86469448         71.11046999         0.0                 0.0
2.398179342e-06     3.975671642e+09     2.24875475e+27      28.86890283         71.15388642         0.0                 0.0
2.438620345e-06     4.042756936e+09     2.297903334e+27     28.8879528          71.23948527         0.0                 0.0
2.479743313e-06     4.110974386e+09     2.348264812e+27     28.89764687         71.2999052          0.0                 0.0
2.521559746e-06     4.180343135e+09     2.399802938e+27     28.90480654         71.35311957         0.0                 0.0
2.564081338e-06     4.25088256e+09      2.452360955e+27     28.92488348         71.43975432         0.0                 0.0
2.607319981e-06     4.322612253e+09     2.506076395e+27     28.92998218         71.48937623         0.0                 0.0
2.651287766e-06     4.395552623e+09     2.561017006e+27     28.94110816         71.55311912         0.0                 0.0
2.69599699e-06      4.469724159e+09     2.617212332e+27     28.96020871         71.6356725          0.0                 0.0
2.741460154e-06     4.545147542e+09     2.674639972e+27     28.96343567         71.67889927         0.0                 0.0
2.787689973e-06     4.621844162e+09     2.733152048e+27     28.97805362         71.75321668         0.0                 0.0
2.834699375e-06     4.699835256e+09     2.792895307e+27     28.9971487          71.8398784          0.0                 0.0
2.882501507e-06     4.779142369e+09     2.853956818e+27     29.01624363         71.92668083         0.0                 0.0
2.931109737e-06     4.859788739e+09     2.91634204e+27      29.01833719         71.97122776         0.0                 0.0
2.980537657e-06     4.941795799e+09     2.980082195e+27     29.03010109         72.03992            0.0                 0.0
3.03079909e-06      5.025186777e+09     3.045273391e+27     29.04571151         72.11746049         0.0                 0.0
3.081908093e-06     5.109985659e+09     3.112093031e+27     29.04878126         72.16076397         0.0                 0.0
3.133878957e-06     5.1962147e+09       3.180109934e+27     29.06501163         72.24004876         0.0                 0.0
3.186726217e-06     5.283899295e+09     3.249482694e+27     29.08312031         72.32664709         0.0                 0.0
3.240464652e-06     5.373064383e+09     3.320308122e+27     29.09918986         72.40987072         0.0                 0.0
3.295109289e-06     5.463735416e+09     3.393122907e+27     29.10215721         72.45308678         0.0                 0.0
3.35067541e-06      5.555935707e+09     3.467142297e+27     29.11506103         72.52673976         0.0                 0.0
3.407178554e-06     5.649691935e+09     3.542718008e+27     29.13269747         72.61340937         0.0                 0.0
3.464634523e-06     5.745030956e+09     3.620129501e+27     29.15140468         72.70018989         0.0                 0.0
3.523059383e-06     5.841978964e+09     3.699161606e+27     29.16995885         72.7865196          0.0                 0.0
3.582469475e-06     5.94056338e+09      3.779982728e+27     29.17860995         72.84829066         0.0                 0.0
3.642881411e-06     6.040812261e+09     3.862557258e+27     29.18292161         72.90018656         0.0                 0.0
3.704312087e-06     6.142754855e+09     3.946626792e+27     29.1998252          72.98677831         0.0                 0.0
3.766778681e-06     6.246415578e+09     4.032489653e+27     29.2166446          73.0731793          0.0                 0.0
3.830298662e-06     6.351826463e+09     4.120383349e+27     29.23418216         73.15978661         0.0                 0.0
3.894889794e-06     6.459017779e+09     4.210398944e+27     29.2514653          73.24367932         0.0                 0.0
3.96057014e-06      6.568016636e+09     4.302370298e+27     29.25253507         73.28687625         0.0                 0.0
4.027358067e-06     6.678855159e+09     4.39608934e+27      29.26433882         73.35986289         0.0                 0.0
4.095272253e-06     6.791565015e+09     4.491758805e+27     29.28102894         73.44654147         0.0                 0.0
4.164331691e-06     6.906178334e+09     4.589520503e+27     29.29769429         73.5332997          0.0                 0.0
4.234555692e-06     7.022726287e+09     4.689326112e+27     29.31422468         73.61963779         0.0                 0.0
4.305963895e-06     7.141241435e+09     4.791337332e+27     29.33075897         73.70618233         0.0                 0.0
4.37857627e-06      7.261756815e+09     4.895603181e+27     29.34729535         73.79293194         0.0                 0.0
4.452413123e-06     7.38430537e+09      5.002095427e+27     29.36374485         73.87950023         0.0                 0.0
4.527495102e-06     7.50892297e+09      5.11093528e+27      29.36632253         73.93115696         0.0                 0.0
4.603843204e-06     7.635644464e+09     5.222161883e+27     29.37283985         73.99291563         0.0                 0.0
4.681478781e-06     7.764505255e+09     5.335797763e+27     29.38923818         74.0797365          0.0                 0.0
4.760423542e-06     7.895540714e+09     5.451803552e+27     29.40549812         74.16611562         0.0                 0.0
4.840699566e-06     8.028787726e+09     5.570349037e+27     29.42173435         74.2525969          0.0                 0.0
4.922329301e-06     8.164284467e+09     5.691387214e+27     29.43748619         74.33928399         0.0                 0.0
5.005335575e-06     8.30206977e+09      5.814755732e+27     29.45205107         74.42601988         0.0                 0.0
5.089741602e-06     8.442178614e+09     5.941109103e+27     29.46799857         74.51236581         0.0                 0.0
5.175570985e-06     8.584652784e+09     6.07004618e+27      29.48318833         74.59891832         0.0                 0.0
5.262847727e-06     8.729532452e+09     6.201694774e+27     29.49789578         74.6856762          0.0                 0.0
5.351596235e-06     8.876857998e+09     6.336526233e+27     29.51388667         74.77222275         0.0                 0.0
5.441841328e-06     9.026670017e+09     6.473873684e+27     29.52851015         74.85864075         0.0                 0.0
5.533608243e-06     9.179011528e+09     6.614144009e+27     29.54277821         74.94526193         0.0                 0.0
5.626922643e-06     9.333925533e+09     6.757502178e+27     29.55703535         75.03208412         0.0                 0.0
5.721810623e-06     9.491453266e+09     6.903831319e+27     29.57115778         75.11844141         0.0                 0.0
5.818298719e-06     9.651640221e+09     7.053701205e+27     29.58635444         75.20493079         0.0                 0.0
5.916413915e-06     9.814531555e+09     7.206908083e+27     29.6016524          75.29162578         0.0                 0.0
6.016183647e-06     9.980172979e+09     7.363051847e+27     29.61570798         75.37833937         0.0                 0.0
6.117635817e-06     1.014861029e+10     7.522463126e+27     29.62964903         75.46469424         0.0                 0.0
6.220798797e-06     1.031989118e+10     7.685381843e+27     29.64358695         75.55125561         0.0                 0.0
6.325701436e-06     1.049406363e+10     7.851778267e+27     29.65982859         75.64456268         0.0                 0.0
6.432373069e-06     1.067117585e+10     8.021077589e+27     29.68893359         75.77434484         0.0                 0.0
6.54084353e-06      1.085127863e+10     8.194560775e+27     29.70615033         75.87057261         0.0                 0.0
6.65114315e-06      1.10344218e+10      8.371779144e+27     29.71923226         75.95720503         0.0                 0.0
6.763302776e-06     1.122065619e+10     8.552520822e+27     29.73132276         76.04404185         0.0                 0.0
6.877353773e-06     1.141003405e+10     8.737618064e+27     29.74491792         76.13037675         0.0                 0.0
6.993328036e-06     1.16026096e+10      8.926770555e+27     29.75849829         76.21687495         0.0                 0.0
7.111257998e-06     1.179843641e+10     9.119902469e+27     29.7716235          76.30357867         0.0                 0.0
7.231176638e-06     1.199756826e+10     9.316690719e+27     29.78345887         76.39026956         0.0                 0.0
7.35311749e-06      1.220006319e+10     9.51744432e+27      29.81014891         76.51504651         0.0                 0.0
7.477114657e-06     1.240597557e+10     9.722660307e+27     29.83010381         76.62280281         0.0                 0.0
7.603202815e-06     1.261536328e+10     9.932556879e+27     29.84201295         76.70957727         0.0                 0.0
7.731417223e-06     1.282828802e+10     1.014752083e+28     29.85529988         76.79607909         0.0                 0.0
7.861793738e-06     1.304480662e+10     1.036651176e+28     29.86723568         76.8825142          0.0                 0.0
7.994368819e-06     1.326498043e+10     1.058974588e+28     29.88448095         76.98561411         0.0                 0.0
8.129179542e-06     1.348887122e+10     1.081726354e+28     29.91101975         77.11561059         0.0                 0.0
8.266263607e-06     1.371654193e+10     1.105083538e+28     29.92320674         77.20191578         0.0                 0.0
8.405659349e-06     1.39480567e+10      1.128926044e+28     29.93484735         77.28841978         0.0                 0.0
8.547405751e-06     1.418348009e+10     1.153259532e+28     29.95012799         77.38596397         0.0                 0.0
8.691542452e-06     1.442287684e+10     1.17806708e+28      29.97727431         77.51597025         0.0                 0.0
8.83810976e-06      1.46663163e+10      1.203449449e+28     29.99040589         77.60778234         0.0                 0.0
8.987148664e-06     1.491386595e+10     1.229372648e+28     30.0010957          77.69436049         0.0                 0.0
9.138700843e-06     1.516559502e+10     1.255836865e+28     30.01334131         77.7863599          0.0                 0.0
9.292808677e-06     1.542157389e+10     1.282836243e+28     30.04014904         77.91607497         0.0                 0.0
9.449515265e-06     1.568187397e+10     1.310390124e+28     30.05387487         78.01366606         0.0                 0.0
9.608864428e-06     1.594656943e+10     1.338530159e+28     30.06912597         78.1161068          0.0                 0.0
9.77090073e-06      1.621573496e+10     1.367270665e+28     30.0949743          78.24635734         0.0                 0.0
9.935669485e-06     1.64894418e+10      1.396724143e+28     30.10584427         78.33305977         0.0                 0.0
1.010321677e-05     1.676777107e+10     1.426743608e+28     30.12563815         78.44598935         0.0                 0.0
1.027358944e-05     1.705079946e+10     1.457372146e+28     30.14732993         78.56590313         0.0                 0.0
1.044683514e-05     1.733860253e+10     1.488669958e+28     30.15620081         78.65254052         0.0                 0.0
1.062300232e-05     1.76312755e+10      1.520603315e+28     30.1791835          78.77600082         0.0                 0.0
1.080214024e-05     1.792888726e+10     1.553240385e+28     30.19656185         78.88511946         0.0                 0.0
1.0984299e-05       1.823151878e+10     1.586585852e+28     30.20683272         78.97646559         0.0                 0.0
1.116952955e-05     1.853925963e+10     1.620492002e+28     30.23021282         79.10614873         0.0                 0.0
1.135788367e-05     1.88521936e+10      1.655230511e+28     30.24279571         79.2044186          0.0                 0.0
1.154941405e-05     1.91704127e+10      1.690757802e+28     30.25707809         79.3062005          0.0                 0.0
1.174417425e-05     1.949400906e+10     1.727038233e+28     30.2821113          79.43641688         0.0                 0.0
1.194221873e-05     1.982307202e+10     1.764090985e+28     30.29086288         79.52380741         0.0                 0.0
1.214360288e-05     2.015768731e+10     1.801849336e+28     30.30792257         79.63607829         0.0                 0.0
1.234838301e-05     2.049795321e+10     1.840358912e+28     30.33092963         79.76617189         0.0                 0.0
1.255661639e-05     2.084397605e+10     1.879686577e+28     30.35381888         79.89610702         0.0                 0.0
1.276836125e-05     2.119582231e+10     1.919981761e+28     30.36421986         79.98928109         0.0                 0.0
1.298367682e-05     2.155360745e+10     1.961098406e+28     30.37908126         80.09597069         0.0                 0.0
1.320262329e-05     2.191743687e+10     2.002997469e+28     30.40162733         80.22616827         0.0                 0.0
1.34252619e-05      2.228742285e+10     2.045618406e+28     30.42235913         80.35582448         0.0                 0.0
1.365165492e-05     2.2663649e+10       2.089260151e+28     30.44427291         80.48551482         0.0                 0.0
1.388186565e-05     2.304622708e+10     2.133959576e+28     30.46181254         80.60104778         0.0                 0.0
1.411595847e-05     2.343526875e+10     2.179755242e+28     30.46957268         80.68783699         0.0                 0.0
1.435399884e-05     2.383086931e+10     2.226132791e+28     30.48941926         80.81557575         0.0                 0.0
1.459605335e-05     2.423316083e+10     2.273598274e+28     30.51079089         80.94537598         0.0                 0.0
1.484218966e-05     2.464225049e+10     2.322128281e+28     30.53252342         81.07548576         0.0                 0.0
1.509247663e-05     2.505823315e+10     2.37153039e+28      30.55269647         81.20538391         0.0                 0.0
1.534698424e-05     2.548123696e+10     2.422117651e+28     30.5742084          81.33497995         0.0                 0.0
1.560578366e-05     2.591139439e+10     2.473852467e+28     30.58871219         81.44545115         0.0                 0.0
1.586894727e-05     2.63488279e+10      2.526715023e+28     30.59527173         81.53548605         0.0                 0.0
1.613654867e-05     2.679362403e+10     2.580442059e+28     30.61505352         81.66510785         0.0                 0.0
1.640866268e-05     2.724593454e+10     2.635313387e+28     30.6347584          81.7948091          0.0                 0.0
1.668536541e-05     2.770588771e+10     2.691368937e+28     30.65443138         81.92481889         0.0                 0.0
1.696673424e-05     2.817361371e+10     2.748623267e+28     30.67404139         82.05497481         0.0                 0.0
1.725284785e-05     2.864923423e+10     2.807047489e+28     30.69343161         82.1844728          0.0                 0.0
1.754378625e-05     2.913288841e+10     2.86673154e+28      30.71278943         82.31428102         0.0                 0.0
1.783963081e-05     2.962470855e+10     2.927701776e+28     30.73211431         82.44439835         0.0                 0.0
1.814046426e-05     3.012481863e+10     2.989940947e+28     30.75130151         82.57426904         0.0                 0.0
1.844637072e-05     3.063339282e+10     3.053484812e+28     30.77034582         82.70387556         0.0                 0.0
1.875743575e-05     3.115055192e+10     3.118294319e+28     30.78855977         82.83378945         0.0                 0.0
1.907374634e-05     3.167643375e+10     3.184373574e+28     30.80580226         82.96400989         0.0                 0.0
1.939539093e-05     3.221120337e+10     3.252036482e+28     30.82456438         83.09359823         0.0                 0.0
1.972245949e-05     3.275500578e+10     3.320967435e+28     30.84200903         83.22331415         0.0                 0.0
2.005504347e-05     3.330799269e+10     3.39137691e+28      30.85938383         83.35333822         0.0                 0.0
2.039323589e-05     3.387031674e+10     3.463469233e+28     30.87796636         83.48346037         0.0                 0.0
2.073713132e-05     3.444213764e+10     3.536722925e+28     30.90942592         83.65304251         0.0                 0.0
2.108682592e-05     3.502361563e+10     3.611558865e+28     30.93311155         83.80239475         0.0                 0.0
2.14424175e-05      3.561491269e+10     3.688030093e+28     30.94953139         83.93252783         0.0                 0.0
2.18040055e-05      3.621618874e+10     3.76608631e+28      30.96580576         84.06235826         0.0                 0.0
2.217169103e-05     3.682762883e+10     3.84576885e+28      30.98194389         84.19198233         0.0                 0.0
2.254557692e-05     3.744939277e+10     3.927162052e+28     30.99803761         84.32191339         0.0                 0.0
2.292576773e-05     3.808164981e+10     4.010286245e+28     31.01470404         84.45405489         0.0                 0.0
2.331236977e-05     3.872458735e+10     4.094727209e+28     31.0445014          84.6267909          0.0                 0.0
2.370549117e-05     3.937838594e+10     4.181212435e+28     31.06494443         84.77102966         0.0                 0.0
2.410524185e-05     4.00432252e+10      4.269684214e+28     31.08063945         84.90106531         0.0                 0.0
2.451173361e-05     4.071928405e+10     4.360034802e+28     31.09624191         85.03115489         0.0                 0.0
2.492508013e-05     4.140677983e+10     4.451846296e+28     31.12432612         85.20007993         0.0                 0.0
2.5345397e-05       4.210587532e+10     4.545616827e+28     31.14516831         85.35011491         0.0                 0.0
2.577280176e-05     4.281676915e+10     4.64148081e+28      31.15886691         85.48025985         0.0                 0.0
2.620741394e-05     4.35396855e+10      4.739637691e+28     31.17399906         85.61005843         0.0                 0.0
2.664935508e-05     4.42747969e+10      4.839484682e+28     31.19979185         85.77341831         0.0                 0.0
2.709874876e-05     4.502232477e+10     4.941387838e+28     31.22225076         85.92923729         0.0                 0.0
2.755572066e-05     4.578248487e+10     5.045502746e+28     31.2356813          86.06073133         0.0                 0.0
2.802039857e-05     4.655548809e+10     5.151648524e+28     31.26409696         86.23342283         0.0                 0.0
2.849291245e-05     4.734153843e+10     5.260097839e+28     31.28227981         86.37835035         0.0                 0.0
2.897339442e-05     4.814086422e+10     5.370750739e+28     31.29863544         86.52020788         0.0                 0.0
2.946197887e-05     4.895369874e+10     5.483346245e+28     31.32489202         86.69360565         0.0                 0.0
2.995880241e-05     4.978024968e+10     5.598696414e+28     31.33861391         86.82759254         0.0                 0.0
3.0464004e-05       5.062077036e+10     5.716274238e+28     31.35793705         86.97985399         0.0                 0.0
3.097772491e-05     5.147549537e+10     5.836164549e+28     31.38186094         87.14720453         0.0                 0.0
3.15001088e-05      5.234464043e+10     5.958997754e+28     31.39386265         87.27696775         0.0                 0.0
3.203130176e-05     5.322846451e+10     6.083945704e+28     31.41613402         87.43967063         0.0                 0.0
3.257145234e-05     5.412722044e+10     6.211412018e+28     31.44154779         87.61294503         0.0                 0.0
3.312071159e-05     5.50411618e+10      6.341590323e+28     31.46669927         87.78604225         0.0                 0.0
3.367923312e-05     5.597053411e+10     6.474712785e+28     31.47722581         87.91552227         0.0                 0.0
3.424717311e-05     5.691560052e+10     6.610249794e+28     31.49623471         88.07266923         0.0                 0.0
3.482469039e-05     5.787663178e+10     6.748496138e+28     31.52039585         88.24608564         0.0                 0.0
3.541194647e-05     5.885390426e+10     6.889835691e+28     31.54512219         88.41944488         0.0                 0.0
3.600910558e-05     5.984767567e+10     7.034040474e+28     31.56958132         88.59217339         0.0                 0.0
3.66163347e-05      6.085824204e+10     7.181358109e+28     31.58624468         88.74357558         0.0                 0.0
3.723380365e-05     6.188588487e+10     7.331766378e+28     31.59686381         88.87927785         0.0                 0.0
3.786168511e-05     6.293086003e+10     7.484604405e+28     31.61899514         89.05225686         0.0                 0.0
3.850015467e-05     6.399349265e+10     7.64105286e+28      31.64243201         89.22513633         0.0                 0.0
3.914939088e-05     6.507407831e+10     7.800737373e+28     31.6655553          89.39842442         0.0                 0.0
3.980957529e-05     6.617291704e+10     7.963405309e+28     31.6873582          89.57210885         0.0                 0.0
4.048089254e-05     6.72903166e+10      8.129293376e+28     31.70881701         89.74471757         0.0                 0.0
4.116353034e-05     6.842659019e+10     8.298682115e+28     31.73019279         89.91773981         0.0                 0.0
4.185767961e-05     6.958205997e+10     8.471640021e+28     31.75148665         90.09117309         0.0                 0.0
4.256353447e-05     7.075705307e+10     8.64814788e+28      31.77261047         90.26448739         0.0                 0.0
4.32812923e-05      7.195187638e+10     8.828247558e+28     31.7934839          90.43724003         0.0                 0.0
4.401115384e-05     7.316688973e+10     9.012149598e+28     31.81427631         90.61040479         0.0                 0.0
4.475332319e-05     7.440243604e+10     9.199845687e+28     31.83475888         90.78397838         0.0                 0.0
4.550800789e-05     7.565883957e+10     9.390636013e+28     31.85318898         90.95690611         0.0                 0.0
4.6275419e-05       7.693647156e+10     9.585918204e+28     31.87293051         91.12980063         0.0                 0.0
4.705577112e-05     7.823569136e+10     9.785239025e+28     31.89240163         91.30310842         0.0                 0.0
4.784928249e-05     7.955686168e+10     9.988229631e+28     31.9104714          91.47675595         0.0                 0.0
4.8656175e-05       8.090033462e+10     1.019605488e+29     31.93020778         91.64938193         0.0                 0.0
4.947667432e-05     8.226650646e+10     1.040775256e+29     31.94866971         91.82242121         0.0                 0.0
5.031100988e-05     8.365576022e+10     1.062354288e+29     31.96623015         91.995871           0.0                 0.0
5.115941503e-05     8.506847879e+10     1.084372095e+29     31.9836013          92.1691392          0.0                 0.0
5.2022127e-05       8.6505063e+10       1.106823498e+29     32.01345489         92.37862707         0.0                 0.0
5.289938707e-05     8.796592179e+10     1.129751191e+29     32.03840498         92.57469003         0.0                 0.0
5.379144057e-05     8.945146392e+10     1.153167913e+29     32.05531493         92.74828152         0.0                 0.0
5.469853694e-05     9.096208611e+10     1.177049296e+29     32.07195348         92.92116433         0.0                 0.0
5.562092988e-05     9.249822946e+10     1.201340965e+29     32.09764997         93.12512944         0.0                 0.0
5.655887732e-05     9.406032969e+10     1.226148418e+29     32.12249624         93.32701033         0.0                 0.0
5.751264156e-05     9.564882506e+10     1.251551999e+29     32.13872945         93.50061397         0.0                 0.0
5.848248934e-05     9.72641399e+10      1.277353193e+29     32.15266083         93.6732485          0.0                 0.0
5.946869185e-05     9.890674512e+10     1.3036757e+29       32.17511026         93.87169611         0.0                 0.0
6.047152491e-05     1.00577106e+11      1.330554252e+29     32.20068076         94.07937811         0.0                 0.0
6.149126896e-05     1.022756947e+11     1.358041487e+29     32.21512678         94.25260251         0.0                 0.0
6.252820916e-05     1.040029695e+11     1.385968385e+29     32.23990955         94.46143853         0.0                 0.0
6.358263551e-05     1.057594239e+11     1.4144873e+29       32.26043083         94.65818809         0.0                 0.0
6.465484286e-05     1.075455521e+11     1.443639751e+29     32.27455705         94.83534023         0.0                 0.0
6.574513108e-05     1.093618558e+11     1.473355401e+29     32.30189328         95.05139407         0.0                 0.0
6.685380505e-05     1.112088425e+11     1.503695605e+29     32.31873494         95.23717153         0.0                 0.0
6.798117483e-05     1.130870344e+11     1.534622386e+29     32.33517272         95.42462398         0.0                 0.0
6.912755568e-05     1.149969553e+11     1.566078878e+29     32.3599457          95.64156862         0.0                 0.0
7.029326819e-05     1.169391494e+11     1.598307098e+29     32.37245518         95.81633044         0.0                 0.0
7.147863836e-05     1.189141522e+11     1.631121046e+29     32.39135335         96.0141268          0.0                 0.0
7.268399767e-05     1.209225242e+11     1.66454404e+29      32.41548554         96.23097874         0.0                 0.0
7.390968322e-05     1.22964841e+11      1.698633621e+29     32.43933434         96.44745778         0.0                 0.0
7.515603775e-05     1.250416378e+11     1.733551709e+29     32.45275892         96.62807361         0.0                 0.0
7.642340982e-05     1.271535322e+11     1.769149932e+29     32.46926046         96.82036769         0.0                 0.0
7.771215386e-05     1.293011238e+11     1.805385646e+29     32.49257859         97.03740285         0.0                 0.0
7.902263026e-05     1.314849761e+11     1.842326599e+29     32.51550184         97.25340087         0.0                 0.0
8.035520549e-05     1.337057348e+11     1.879915161e+29     32.53675135         97.46958035         0.0                 0.0
8.171025223e-05     1.359640187e+11     1.918280481e+29     32.55785564         97.68627611         0.0                 0.0
8.30881494e-05      1.38260448e+11      1.957544929e+29     32.5802613          97.90317158         0.0                 0.0
8.448928234e-05     1.40595681e+11      1.997409841e+29     32.60024342         98.11901474         0.0                 0.0
8.591404288e-05     1.429703687e+11     2.038200693e+29     32.61318031         98.31131613         0.0                 0.0
8.736282946e-05     1.453851803e+11     2.079889009e+29     32.62274786         98.49264431         0.0                 0.0
8.883604722e-05     1.478407947e+11     2.122229185e+29     32.64203659         98.70905968         0.0                 0.0
9.033410818e-05     1.50337896e+11      2.165419503e+29     32.66102989         98.92508134         0.0                 0.0
9.185743124e-05     1.528771901e+11     2.209498133e+29     32.67987456         99.14162104         0.0                 0.0
9.340644243e-05     1.554593874e+11     2.254481183e+29     32.69857077         99.35867635         0.0                 0.0
9.498157491e-05     1.580852018e+11     2.300331729e+29     32.71686229         99.57461825         0.0                 0.0
9.658326919e-05     1.607553967e+11     2.34709891e+29      32.74448391         99.81985815         0.0                 0.0
9.821197318e-05     1.634707187e+11     2.394824751e+29     32.77243619         100.0671198         0.0                 0.0
9.986814234e-05     1.662319145e+11     2.443534531e+29     32.79013305         100.2839378         0.0                 0.0
0.0001015522398     1.690397395e+11     2.492999439e+29     32.80544372         100.4998531         0.0                 0.0
0.0001032647366     1.718949934e+11     2.543579285e+29     32.82160313         100.7162492         0.0                 0.0
0.0001050061116     1.747985011e+11     2.595259874e+29     32.83824194         100.9331249         0.0                 0.0
0.0001067768517     1.777511594e+11     2.64775885e+29      32.85271134         101.1494761         0.0                 0.0
0.0001085774522     1.807536315e+11     2.701305901e+29     32.86690044         101.365505          0.0                 0.0
0.0001104084167     1.838068426e+11     2.755927658e+29     32.88666374         101.599828          0.0                 0.0
0.000112270257      1.869116743e+11     2.811636579e+29     32.91405319         101.8588054         0.0                 0.0
0.000114163494      1.900688449e+11     2.868460627e+29     32.92747159         102.0746703         0.0                 0.0
0.000116088657      1.932794448e+11     2.926429332e+29     32.94069496         102.290875          0.0                 0.0
0.0001180462844     1.965443713e+11     2.985568531e+29     32.9576308          102.5197175         0.0                 0.0
0.0001200369238     1.998645332e+11     3.045874746e+29     32.98434796         102.7798406         0.0                 0.0
0.0001220611317     2.032406253e+11     3.107120083e+29     32.99607285         102.9998985         0.0                 0.0
0.0001241194742     2.066738537e+11     3.169739789e+29     33.00725571         103.2163192         0.0                 0.0
0.000126212527      2.10165146e+11      3.233725711e+29     33.02105449         103.4397253         0.0                 0.0
0.0001283408754     2.137151374e+11     3.298672663e+29     33.04429467         103.699264          0.0                 0.0
0.0001305051146     2.173253315e+11     3.364923542e+29     33.05659048         103.9251524         0.0                 0.0
0.0001327058498     2.209965686e+11     3.432509502e+29     33.07097631         104.1588303         0.0                 0.0
0.0001349436964     2.247297934e+11     3.501444502e+29     33.09324104         104.4184951         0.0                 0.0
0.0001372192804     2.285262133e+11     3.571720882e+29     33.10159714         104.6343138         0.0                 0.0
0.0001395332379     2.323866457e+11     3.643390699e+29     33.11848225         104.8782481         0.0                 0.0
0.0001418862163     2.363122745e+11     3.716492173e+29     33.14008374         105.1383351         0.0                 0.0
0.0001442788734     2.403043405e+11     3.791032817e+29     33.16137927         105.3983843         0.0                 0.0
0.0001467118784     2.443639667e+11     3.866739986e+29     33.1681394          105.6191462         0.0                 0.0
0.0001491859117     2.484921056e+11     3.944101337e+29     33.18100506         105.8576484         0.0                 0.0
0.0001517016651     2.526899051e+11     4.023130671e+29     33.20115022         106.1179505         0.0                 0.0
0.0001542598421     2.569586499e+11     4.1033449e+29       33.21884471         106.3774252         0.0                 0.0
0.0001568611583     2.612996434e+11     4.185188251e+29     33.22602279         106.60401           0.0                 0.0
0.000159506341      2.657140205e+11     4.268737917e+29     33.23525348         106.8370442         0.0                 0.0
0.00016219613       2.702029635e+11     4.354039533e+29     33.25339023         107.0976322         0.0                 0.0
0.0001649312775     2.74767661e+11      4.440559072e+29     33.26861719         107.3565434         0.0                 0.0
0.0001677125483     2.79409487e+11      4.528923835e+29     33.28435549         107.6160413         0.0                 0.0
0.0001705407203     2.84129783e+11      4.619148245e+29     33.29698688         107.8653635         0.0                 0.0
0.0001734165843     2.889299262e+11     4.711203181e+29     33.29926681         108.0820148         0.0                 0.0
0.0001763409446     2.938112773e+11     4.804952614e+29     33.31283118         108.3356993         0.0                 0.0
0.0001793146191     2.987750504e+11     4.900347798e+29     33.32665851         108.5954498         0.0                 0.0
0.0001823384392     3.038226241e+11     4.997415691e+29     33.33901539         108.8557759         0.0                 0.0
0.0001854132507     3.089555299e+11     5.096312237e+29     33.3509393          109.1151899         0.0                 0.0
0.0001885399133     3.141751646e+11     5.197496807e+29     33.36432672         109.3744985         0.0                 0.0
0.0001917193015     3.19483031e+11      5.300608127e+29     33.37700543         109.6344508         0.0                 0.0
0.0001949523045     3.248806285e+11     5.405380566e+29     33.38751138         109.8950053         0.0                 0.0
0.0001982398262     3.303694497e+11     5.512208186e+29     33.39809222         110.1539147         0.0                 0.0
0.0002015827861     3.359510473e+11     5.621171119e+29     33.40842928         110.4134398         0.0                 0.0
0.000204982119      3.41626999e+11      5.732234052e+29     33.41823239         110.6735964         0.0                 0.0
0.0002084387756     3.473988907e+11     5.845210796e+29     33.42676537         110.9335834         0.0                 0.0
0.0002119537225     3.532681592e+11     5.960332079e+29     33.43486712         111.1927139         0.0                 0.0
0.0002155279427     3.592366928e+11     6.077741308e+29     33.44270479         111.4524516         0.0                 0.0
0.0002191624357     3.653061985e+11     6.197482221e+29     33.45027834         111.7128037         0.0                 0.0
0.000222858218      3.714781993e+11     6.319453308e+29     33.45741984         111.9721518         0.0                 0.0
0.000226616323      3.777544431e+11     6.443502273e+29     33.47268306         112.2629031         0.0                 0.0
0.0002304378017     3.841368357e+11     6.569921687e+29     33.48638999         112.5511377         0.0                 0.0
0.0002343237228     3.906272648e+11     6.698893267e+29     33.491366           112.8115536         0.0                 0.0
0.0002382751731     3.972271225e+11     6.830217172e+29     33.49586            113.0704842         0.0                 0.0
0.0002422932574     4.039386232e+11     6.964116787e+29     33.50009787         113.3300776         0.0                 0.0
0.0002463790996     4.107636283e+11     7.100652427e+29     33.50406619         113.5903012         0.0                 0.0
0.0002505338422     4.177039362e+11     7.239832126e+29     33.50765364         113.8501497         0.0                 0.0
0.0002547586471     4.247614574e+11     7.381300549e+29     33.50977979         114.1092933         0.0                 0.0
0.0002590546957     4.319383434e+11     7.525427785e+29     33.51728756         114.3891159         0.0                 0.0
0.0002634231895     4.392366251e+11     7.672299075e+29     33.53008865         114.6890427         0.0                 0.0
0.0002678653502     4.466580857e+11     7.821675594e+29     33.52972613         114.9483929         0.0                 0.0
0.0002723824199     4.54205056e+11      7.974164029e+29     33.52992126         115.2077742         0.0                 0.0
0.000276975662      4.618796274e+11     8.129559093e+29     33.53393959         115.4821777         0.0                 0.0
0.0002816463608     4.696838995e+11     8.287619886e+29     33.54517624         115.785918          0.0                 0.0
0.0002863958227     4.776199594e+11     8.448677853e+29     33.54389619         116.0467246         0.0                 0.0
0.0002912253757     4.856902176e+11     8.612896713e+29     33.54178801         116.3063315         0.0                 0.0
0.0002961363704     4.938969273e+11     8.780203125e+29     33.5416309          116.5753287         0.0                 0.0
0.0003011301803     5.02242284e+11      8.950177142e+29     33.54996106         116.8784021         0.0                 0.0
0.0003062082019     5.107287146e+11     9.12341565e+29      33.54760563         117.1450748         0.0                 0.0
0.0003113718552     5.19358616e+11      9.300015489e+29     33.54279166         117.404897          0.0                 0.0
0.0003166225843     5.281343974e+11     9.480013106e+29     33.53858152         117.6685603         0.0                 0.0
0.0003219618576     5.370584116e+11     9.663214421e+29     33.54529665         117.9709735         0.0                 0.0
0.0003273911681     5.461333562e+11     9.849679065e+29     33.54220906         118.2435649         0.0                 0.0
0.0003329120342     5.553616957e+11     1.003977061e+30     33.53506154         118.503592          0.0                 0.0
0.0003385259999     5.647458822e+11     1.023379308e+30     33.52848761         118.7639433         0.0                 0.0
0.000344234635      5.742832348e+11     1.004871566e+30     33.53004164         118.51931           0.03048196997       0.0
0.0003500395361     5.839843341e+11     1.000070678e+30     33.53015824         118.4630185         0.04990515672       0.0
0.0003559423264     5.93851654e+11      1.008152002e+30     33.52886585         118.5747005         0.05938586301       0.0
0.0003619446567     6.038854571e+11     1.015784627e+30     33.52797182         118.6757235         0.06926607696       0.0
0.0003680482056     6.140887046e+11     1.023461516e+30     33.52712364         118.7768995         0.07908273261       0.0
0.0003742546799     6.244641745e+11     1.031152037e+30     33.52587272         118.8770478         0.0888718281        0.0
0.0003805658153     6.350147069e+11     1.038864973e+30     33.52408273         118.975685          0.09862619338       0.0
0.0003869833767     6.457432587e+11     1.046683628e+30     33.52237321         119.0743141         0.1082624651        0.0
0.0003935091588     6.566528059e+11     1.054149922e+30     33.52116932         119.1648173         0.1181861204        0.0
0.0004001449865     6.677465185e+11     1.061633138e+30     33.51987684         119.2550886         0.1280714773        0.0
0.0004068927156     6.790275291e+11     1.069618253e+30     33.51782991         119.3533964         0.1375171265        0.0
0.000413754233      6.904988342e+11     1.077173662e+30     33.51648904         119.4399634         0.1472947078        0.0
0.0004207314577     7.021638488e+11     1.08471062e+30      33.51506717         119.5254942         0.1570607776        0.0
0.0004278263408     7.140258199e+11     1.09228748e+30      33.51353436         119.6109694         0.1667695348        0.0
0.0004350408664     7.260878473e+11     1.100033142e+30     33.51201468         119.6964287         0.1763257771        0.0
0.000442377052      7.383533463e+11     1.107860212e+30     33.5102865          119.7811143         0.1857880932        0.0
0.0004498369493     7.508258981e+11     1.11573062e+30      33.50846732         119.865808          0.1951949636        0.0
0.0004574226444     7.635090049e+11     1.123660819e+30     33.50659359         119.9506501         0.2045371126        0.0
0.0004651362586     7.764060983e+11     1.131809083e+30     33.50462369         120.0348363         0.2136972587        0.0
0.0004729799492     7.895207569e+11     1.140045367e+30     33.5026246          120.1191386         0.2227777377        0.0
0.0004809559096     8.028567758e+11     1.148172358e+30     33.50085638         120.2001991         0.231923057         0.0
0.0004890663703     8.164179324e+11     1.155953258e+30     33.49970697         120.2727289         0.241295929         0.0
0.0004973135993     8.302078272e+11     1.164460071e+30     33.49747007         120.355053          0.2501235312        0.0
0.0005056999032     8.442304461e+11     1.173138825e+30     33.49516634         120.4388242         0.2588271896        0.0
0.000514227627      8.58489728e+11      1.181931628e+30     33.49322189         120.5218084         0.2674654734        0.0
0.0005228991556     8.729896018e+11     1.190874186e+30     33.49302445         120.5980266         0.2760732546        0.0
0.0005317169141     8.877341418e+11     1.199430387e+30     33.48999325         120.6760133         0.2847663593        0.0
0.0005406833683     9.027275452e+11     1.208180299e+30     33.48663127         120.756524          0.2933143478        0.0
0.0005498010256     9.179739824e+11     1.217418954e+30     33.48400743         120.8396078         0.3016016564        0.0
0.000559072436      9.334776177e+11     1.226326123e+30     33.48245452         120.9111692         0.3100996597        0.0
0.0005685001921     9.492429417e+11     1.235685234e+30     33.48000553         120.9897671         0.3182941337        0.0
0.0005780869304     9.652743274e+11     1.245346407e+30     33.47706201         121.0723539         0.3262958828        0.0
0.0005878353319     9.815760622e+11     1.255188144e+30     33.47411213         121.1550463         0.3341932968        0.0
0.0005977481228     9.981529961e+11     1.26469852e+30      33.4721314          121.2270922         0.3422931374        0.0
0.0006078280751     1.015009686e+12     1.274591062e+30     33.4696577          121.3040796         0.3501657412        0.0
0.0006180780078     1.03215086e+12      1.284831167e+30     33.46675651         121.3851469         0.3578401678        0.0
0.0006285007872     1.049581382e+12     1.294694989e+30     33.46470784         121.4557579         0.3657302183        0.0
0.0006390993282     1.067305849e+12     1.305259023e+30     33.46176581         121.5351124         0.3732254714        0.0
0.0006498765946     1.085329449e+12     1.316114864e+30     33.4585209          121.6173819         0.3805702817        0.0
0.0006608356003     1.103657278e+12     1.3271009e+30       33.45525066         121.6996926         0.3878589149        0.0
0.0006719794101     1.122294112e+12     1.337673381e+30     33.4529516          121.7696419         0.3953739119        0.0
0.0006833111402     1.141245551e+12     1.348839342e+30     33.44994317         121.8472197         0.4025846865        0.0
0.0006948339597     1.160516912e+12     1.360237742e+30     33.44678415         121.9263012         0.4096908686        0.0
0.0007065510909     1.180113486e+12     1.371301961e+30     33.44440071         121.9965394         0.4169820758        0.0
0.0007184658106     1.200040531e+12     1.383237792e+30     33.44091191         122.0764786         0.4238387399        0.0
0.0007305814507     1.220304013e+12     1.395081529e+30     33.43664636         122.1557772         0.4307243993        0.0
0.0007429013993     1.240909584e+12     1.406825859e+30     33.4322059          122.2327454         0.4376590651        0.0
0.0007554291019     1.261862479e+12     1.419439597e+30     33.43087459         122.3071104         0.4443282671        0.0
0.0007681680618     1.283169022e+12     1.432285936e+30     33.42766712         122.3865359         0.4508514662        0.0
0.0007811218414     1.304835264e+12     1.44504099e+30      33.42424893         122.463582          0.4574259947        0.0
0.0007942940633     1.326867255e+12     1.457510798e+30     33.42155199         122.5335188         0.4641579237        0.0
0.0008076884112     1.349270665e+12     1.471050177e+30     33.41757643         122.6142846         0.4704184921        0.0
0.0008213086307     1.372052218e+12     1.484527268e+30     33.41469847         122.6895864         0.4767616592        0.0
0.0008351585309     1.395218318e+12     1.498055877e+30     33.41188672         122.7631587         0.4831101635        0.0
0.0008492419849     1.418775379e+12     1.511925968e+30     33.40713122         122.8418112         0.4892888862        0.0
0.0008635629311     1.442729803e+12     1.52635514e+30      33.40283602         122.921965          0.4952833837        0.0
0.0008781253745     1.467088542e+12     1.540700831e+30     33.39921763         122.9971485         0.5013586527        0.0
0.0008929333874     1.491858421e+12     1.554968638e+30     33.39608479         123.0679636         0.5075037456        0.0
0.0009079911109     1.51704615e+12      1.570166608e+30     33.39168858         123.1481848         0.5132899431        0.0
0.000923302756      1.542658781e+12     1.585677995e+30     33.38726671         123.2284424         0.5189944327        0.0
0.0009388726046     1.56870373e+12      1.601157268e+30     33.38325932         123.3048271         0.5247566408        0.0
0.0009547050108     1.595188367e+12     1.616368563e+30     33.38003359         123.3739445         0.5306636025        0.0
0.0009708044023     1.622119654e+12     1.632702839e+30     33.37543929         123.4534608         0.5361667914        0.0
0.0009871752811     1.649505495e+12     1.649311455e+30     33.37078671         123.5334126         0.5416157312        0.0
0.001003822226      1.677353531e+12     1.666183672e+30     33.36610264         123.6135995         0.5470168939        0.0
0.001020749891      1.705671334e+12     1.683395447e+30     33.36140217         123.6937575         0.5523419466        0.0
0.001037963011      1.734466578e+12     1.70032757e+30      33.35774858         123.7638375         0.5578146895        0.0
0.0010554664        1.763748318e+12     1.71773452e+30      33.35359071         123.8375653         0.5631627333        0.0
0.001073264951      1.793524894e+12     1.735801078e+30     33.34864777         123.9173458         0.5683275182        0.0
0.001091363644      1.823803677e+12     1.754281401e+30     33.34363852         123.9966033         0.5733974508        0.0
0.001109767539      1.854592718e+12     1.773118825e+30     33.33860246         124.0759254         0.5784024355        0.0
0.001128481782      1.885901204e+12     1.792228119e+30     33.33348212         124.155283          0.5833723631        0.0
0.001147511608      1.917738202e+12     1.811597446e+30     33.32823319         124.2344283         0.5883093418        0.0
0.001166862338      1.950111965e+12     1.830805575e+30     33.32446529         124.3028562         0.593360874         0.0
0.001186539383      1.983032617e+12     1.850684753e+30     33.31977167         124.3772129         0.5982470886        0.0
0.001206548246      2.016509163e+12     1.871177967e+30     33.31438844         124.4561444         0.6029959957        0.0
0.001226894523      2.050550164e+12     1.892132964e+30     33.30903833         124.5351901         0.6076640949        0.0
0.001247583903      2.085165826e+12     1.913479608e+30     33.30357333         124.613678          0.6122693109        0.0
0.001268622173      2.120365448e+12     1.935146426e+30     33.29801852         124.6921803         0.6168417846        0.0
0.001290015215      2.156158742e+12     1.957153976e+30     33.29238856         124.7707592         0.6213781829        0.0
0.001311769013      2.192555986e+12     1.979709832e+30     33.28677594         124.8491271         0.6258185327        0.0
0.00133388965       2.229568462e+12     2.002635446e+30     33.28106682         124.92728           0.6302170234        0.0
0.001356383312      2.267205683e+12     2.025916858e+30     33.2752865          125.0055106         0.6345833445        0.0
0.001379256289      2.305477237e+12     2.049605819e+30     33.26946216         125.0838382         0.6389053989        0.0
0.001402514978      2.344393257e+12     2.073815202e+30     33.26349668         125.1612772         0.6431446155        0.0
0.001426165883      2.383967487e+12     2.098424884e+30     33.25749794         125.238919          0.6473488711        0.0
0.001450215618      2.424210525e+12     2.123449435e+30     33.25147426         125.3168057         0.6515169993        0.0
0.001474670909      2.465131508e+12     2.149001138e+30     33.24544833         125.3946722         0.6556181417        0.0
0.001499538595      2.506743038e+12     2.17501293e+30      33.23925699         125.4718358         0.6596664068        0.0
0.00152482563       2.549056447e+12     2.201453908e+30     33.23302076         125.5491597         0.6636816043        0.0
0.001550539085      2.592083584e+12     2.228349552e+30     33.22677088         125.6267599         0.6676607666        0.0
0.001576686152      2.635839143e+12     2.255792637e+30     33.22039212         125.7035863         0.671571194         0.0
0.001603274142      2.680331669e+12     2.283720023e+30     33.21393774         125.7803285         0.6754402773        0.0
0.001630310491      2.725574641e+12     2.312109341e+30     33.20741587         125.8571619         0.6792780875        0.0
0.00165780276       2.771581564e+12     2.34100713e+30      33.20084354         125.9340124         0.683074607         0.0
0.001685758637      2.818364124e+12     2.370559584e+30     33.19426964         126.0104935         0.6867918138        0.0
0.001714185939      2.865936097e+12     2.400544778e+30     33.18754184         126.086755          0.6904893608        0.0
0.001743092617      2.914311092e+12     2.430997575e+30     33.18070148         126.1629526         0.6941625082        0.0
0.001772486755      2.963503366e+12     2.462133492e+30     33.1739328          126.2393463         0.6977655956        0.0
0.001802376572      3.013524959e+12     2.49385669e+30      33.16708684         126.3153682         0.7013175334        0.0
0.001832770427      3.064390905e+12     2.526092602e+30     33.16015527         126.3914218         0.7048437081        0.0
0.00186367682       3.11611566e+12      2.558850699e+30     33.15313126         126.4674937         0.7083443535        0.0
0.001895104394      3.168711585e+12     2.592241382e+30     33.14592105         126.5424868         0.7117840549        0.0
0.001927061938      3.222196147e+12     2.626798383e+30     33.13750964         126.6246286         0.7150693659        0.0
0.001959558389      3.276584099e+12     2.661981263e+30     33.12899053         126.7073357         0.7183200221        0.0
0.001992602834      3.331890324e+12     2.697182965e+30     33.12166454         126.7826401         0.7216576806        0.0
0.002026204515      3.388128346e+12     2.733092708e+30     33.11425348         126.8573413         0.724933425         0.0
0.002060372828      3.445315658e+12     2.769603664e+30     33.10678018         126.9321589         0.7281827016        0.0
0.002095117329      3.503468325e+12     2.806727717e+30     33.09924815         127.0070967         0.7314054262        0.0
0.002130447733      3.562601968e+12     2.84456426e+30      33.09167475         127.0817272         0.7345771913        0.0
0.002166373921      3.62273273e+12      2.883660196e+30     33.08487112         127.1593303         0.7376287795        0.0
0.00220290594       3.683879105e+12     2.923297946e+30     33.07650788         127.2384005         0.7406536832        0.0
0.002240054006      3.746058807e+12     2.963202872e+30     33.06569353         127.3180946         0.7436823251        0.0
0.002277828508      3.809285461e+12     3.003807986e+30     33.05774558         127.3916197         0.7467041332        0.0
0.00231624001       3.873579985e+12     3.045111988e+30     33.04975082         127.4652135         0.7496969682        0.0
0.002355299252      3.938959954e+12     3.087101471e+30     33.04168309         127.5388764         0.7526660243        0.0
0.002395017159      4.005442872e+12     3.129821033e+30     33.03352115         127.6123419         0.7556016536        0.0
0.002435404837      4.07304775e+12      3.174152103e+30     33.02352532         127.6942114         0.7583522366        0.0
0.002476473581      4.141794329e+12     3.21882618e+30      33.01425504         127.7718033         0.7611454536        0.0
0.002518234876      4.211701381e+12     3.263796641e+30     33.00581594         127.8446401         0.7639878504        0.0
0.0025607004        4.282785483e+12     3.309619677e+30     32.99734098         127.9171457         0.7667818439        0.0
0.00260388203       4.355070553e+12     3.356275354e+30     32.98880633         127.9894616         0.7695364572        0.0
0.00264779184       4.428575773e+12     3.404045353e+30     32.97938972         128.0656635         0.7722157971        0.0
0.002692442111      4.503321109e+12     3.453130501e+30     32.96868799         128.1476252         0.7747937717        0.0
0.002737845329      4.579327636e+12     3.502215517e+30     32.95982808         128.2189592         0.777456154         0.0
0.00278401419       4.65661787e+12      3.552168112e+30     32.95098958         128.2906634         0.7800898158        0.0
0.002830961607      4.735212497e+12     3.602942658e+30     32.94208438         128.362458          0.7827021955        0.0
0.002878700708      4.81513162e+12      3.654516477e+30     32.93299236         128.4336496         0.7852905086        0.0
0.002927244844      4.896401447e+12     3.70789419e+30      32.92200312         128.5129385         0.7877149668        0.0
0.002976607589      4.979042072e+12     3.761750622e+30     32.91173094         128.5883757         0.7901736281        0.0
0.003026802749      5.063076535e+12     3.815996779e+30     32.9023898          128.6590761         0.7926780656        0.0
0.003077844361      5.148530183e+12     3.871296388e+30     32.89307514         128.729678          0.7951330523        0.0
0.003129746698      5.235425323e+12     3.927731478e+30     32.88131811         128.8042281         0.7975119535        0.0
0.003182524274      5.323786676e+12     3.985254684e+30     32.87018735         128.8792339         0.7998606526        0.0
0.003236191851      5.413639011e+12     4.043899843e+30     32.8614101          128.9527215         0.8021955435        0.0
0.003290764435      5.505008127e+12     4.102915438e+30     32.85158075         129.0215762         0.8045432275        0.0
0.003346257288      5.597918707e+12     4.162951325e+30     32.84177252         129.0908595         0.806865473         0.0
0.003402685928      5.692397162e+12     4.224198223e+30     32.83133689         129.1625103         0.8091397417        0.0
0.003460066137      5.788470383e+12     4.287107038e+30     32.81899746         129.2402996         0.8113070265        0.0
0.00351841396       5.886165531e+12     4.350362228e+30     32.80869567         129.3101153         0.8135279027        0.0
0.003577745714      5.985509307e+12     4.414457336e+30     32.79852892         129.3785361         0.8157492607        0.0
0.003638077993      6.086529338e+12     4.479527427e+30     32.78820272         129.4467019         0.8179565289        0.0
0.003699427667      6.189253552e+12     4.54582206e+30      32.77792639         129.5148191         0.8201175904        0.0
0.003761811894      6.293711722e+12     4.613139396e+30     32.76749564         129.5823732         0.8222569274        0.0
0.00382524812       6.399933087e+12     4.681849332e+30     32.75608904         129.6530377         0.8243433353        0.0
0.003889754083      6.507947214e+12     4.752291729e+30     32.74308252         129.7293753         0.8263449745        0.0
0.003955347825      6.617782022e+12     4.822967883e+30     32.73234894         129.796156          0.8284065163        0.0
0.004022047687      6.729470949e+12     4.894786069e+30     32.72160094         129.8630411         0.8304501736        0.0
0.004089872323      6.843045344e+12     4.967415598e+30     32.71124556         129.9277458         0.8325120728        0.0
0.0041588407        6.958537356e+12     5.041954916e+30     32.69942081         129.9975206         0.8344712403        0.0
0.004228972106      7.075977305e+12     5.117563153e+30     32.6873573          130.0664928         0.836416656         0.0
0.004300286152      7.195398975e+12     5.194390816e+30     32.67518937         130.1351972         0.8383389035        0.0
0.004372802782      7.316836922e+12     5.272533053e+30     32.6630492          130.2040947         0.8402332272        0.0
0.004446542275      7.440321855e+12     5.350420746e+30     32.65403221         130.2605128         0.842242044         0.0
0.004521525253      7.565892977e+12     5.431058239e+30     32.64180321         130.328986          0.8440920521        0.0
0.004597772684      7.69358229e+12      5.512911397e+30     32.62926354         130.3966907         0.8459247924        0.0
0.004675305892      7.823427405e+12     5.59605789e+30      32.61663944         130.4641345         0.8477366051        0.0
0.004754146559      7.955462087e+12     5.680315342e+30     32.60366902         130.5302962         0.8495398217        0.0
0.004834316732      8.089725032e+12     5.765163721e+30     32.59411194         130.5890152         0.8513968875        0.0
0.004915838832      8.226254835e+12     5.852057701e+30     32.5818076          130.6538366         0.8531663707        0.0
0.004998735657      8.365087779e+12     5.940609758e+30     32.56884493         130.7203858         0.8548925054        0.0
0.005083030387      8.506264742e+12     6.030524821e+30     32.55577278         130.7866186         0.8566011239        0.0
0.005168746598      8.649822446e+12     6.121376033e+30     32.54364963         130.8489034         0.8583267096        0.0
0.005255908259      8.795802616e+12     6.213120052e+30     32.53285648         130.9067152         0.860074865         0.0
0.005344539746      8.94424676e+12      6.307314826e+30     32.51946286         130.9720256         0.8617249143        0.0
0.005434665844      9.095195954e+12     6.402997056e+30     32.50596702         131.0369878         0.8633550095        0.0
0.005526311757      9.248694078e+12     6.499061427e+30     32.49531351         131.0933632         0.8650512213        0.0
0.005619503115      9.404781386e+12     6.59743572e+30      32.4824087          131.1553603         0.8666675149        0.0
0.005714265978      9.563501542e+12     6.697653632e+30     32.46882874         131.2203265         0.868243103         0.0
0.005810626847      9.724901869e+12     6.79950815e+30      32.45468096         131.2831244         0.8697982197        0.0
0.00590861267       9.889025593e+12     6.901416445e+30     32.44442133         131.3358153         0.8714419936        0.0
0.006008250848      1.00559178e+13      7.006509029e+30     32.430338           131.3990902         0.872959841         0.0
0.006109569246      1.022562664e+13     7.113231777e+30     32.4161227          131.4619757         0.8744623598        0.0
0.006212596197      1.039819875e+13     7.220102888e+30     32.40559445         131.5138315         0.8760485767        0.0
0.006317360514      1.05736851e+13      7.330259871e+30     32.39119971         131.5761504         0.8775145329        0.0
0.006423891493      1.075213091e+13     7.441988549e+30     32.37707196         131.6370331         0.8789749868        0.0
0.006532218926      1.093358844e+13     7.554334404e+30     32.36598555         131.689523          0.8804931154        0.0
0.006642373108      1.111810806e+13     7.669926342e+30     32.35132936         131.7511584         0.8819056815        0.0
0.006754384843      1.130574134e+13     7.786983401e+30     32.33731142         131.8099958         0.8833251096        0.0
0.006868285455      1.149654317e+13     7.905095563e+30     32.32557073         131.8628882         0.8847799486        0.0
0.006984106798      1.169056133e+13     8.026310906e+30     32.31049416         131.92308           0.8861478223        0.0
0.00710188126       1.188785591e+13     8.147951958e+30     32.29931505         131.9729638         0.8875903305        0.0
0.007221641777      1.208847844e+13     8.273322689e+30     32.2841617          132.033081          0.88892089          0.0
0.007343421842      1.229248677e+13     8.399108769e+30     32.2728478          132.0825927         0.8903284113        0.0
0.007467255509      1.249993881e+13     8.528674636e+30     32.25746219         132.1418972         0.8916289708        0.0
0.007593177409      1.271089086e+13     8.660438162e+30     32.24195167         132.2008114         0.8929148411        0.0
0.007721222757      1.29254035e+13      8.792912468e+30     32.23052995         132.2501297         0.8942689791        0.0
0.007851427361      1.314353529e+13     8.929209049e+30     32.21475983         132.3081902         0.8955258591        0.0
0.007983827632      1.336534648e+13     9.06637104e+30      32.20314081         132.3568907         0.8968478447        0.0
0.008118460596      1.359090337e+13     9.20750376e+30      32.1871713          132.414305          0.8980746626        0.0
0.008255363905      1.382026558e+13     9.350195688e+30     32.17383008         132.4658175         0.8993363496        0.0
0.008394575843      1.405349793e+13     9.49586343e+30      32.1592291          132.519292          0.9005634392        0.0
0.008536135341      1.429066728e+13     9.644371979e+30     32.14470553         132.5731255         0.9017704072        0.0
0.008680081987      1.453183716e+13     9.795130286e+30     32.13113712         132.6240036         0.9029861785        0.0
0.008826456036      1.477707745e+13     9.949803366e+30     32.11477279         132.6803302         0.9041381205        0.0
0.00897529842       1.50264562e+13      1.01057268e+31      32.10257752         132.7271627         0.9053538842        0.0
0.009126650766      1.528004393e+13     1.026639289e+31     32.08598632         132.7827049         0.9064786731        0.0
0.009280555397      1.553790977e+13     1.042858476e+31     32.07371847         132.8293977         0.9076633067        0.0
0.009437055355      1.580012774e+13     1.059567307e+31     32.05691269         132.8842464         0.9087614747        0.0
0.009596194404      1.606677248e+13     1.076455835e+31     32.04420199         132.9305822         0.9099155587        0.0
0.009758017049      1.633791549e+13     1.093869333e+31     32.02764294         132.9853356         0.9109846404        0.0
0.009922568543      1.66136333e+13      1.111520223e+31     32.0136223          133.033461          0.9120921943        0.0
0.0100898949        1.689400252e+13     1.129628412e+31     31.9979944          133.0851612         0.9131558561        0.0
0.01026004292       1.717910894e+13     1.148176874e+31     31.9807313          133.1385887         0.9141881712        0.0
0.01043306019       1.746902435e+13     1.167010673e+31     31.9670803          133.1856162         0.9152596029        0.0
0.01060899507       1.776381929e+13     1.186362404e+31     31.95057886         133.2368406         0.916280182         0.0
0.01078789679       1.806361227e+13     1.206205731e+31     31.93312844         133.2897544         0.9172739218        0.0
0.01096981536       1.836845407e+13     1.226344925e+31     31.92014589         133.3342541         0.9183208477        0.0
0.01115480167       1.867843905e+13     1.247141485e+31     31.90248314         133.3864468         0.9192895936        0.0
0.01134290743       1.899365436e+13     1.268453773e+31     31.8848106          133.4387578         0.9202446141        0.0
0.01153418527       1.931419683e+13     1.29012568e+31      31.87171697         133.4830226         0.9212515274        0.0
0.01172868866       1.964012918e+13     1.312526276e+31     31.85387332         133.5347276         0.9221831825        0.0
0.011926472         1.997157978e+13     1.335510033e+31     31.83594742         133.5862176         0.9231034668        0.0
0.01212759061       2.03086109e+13      1.359106502e+31     31.81796934         133.6376102         0.9240112676        0.0
0.01233210072       2.06513479e+13      1.383311326e+31     31.79956279         133.6872589         0.9249161496        0.0
0.01254005953       2.099985265e+13     1.408248924e+31     31.78174905         133.7395048         0.9257945018        0.0
0.01275152519       2.135424651e+13     1.433815916e+31     31.76453578         133.7883788         0.9266822136        0.0
0.01296655684       2.171461568e+13     1.46009724e+31      31.74837849         133.837611          0.9275677024        0.0
0.01318521462       2.208108271e+13     1.487140569e+31     31.73132584         133.8832388         0.9284437824        0.0
0.01340755967       2.245372063e+13     1.515072369e+31     31.71315195         133.9331223         0.9292864088        0.0
0.01363365417       2.283264716e+13     1.543913225e+31     31.69318933         133.9852148         0.9300991952        0.0
0.01386356134       2.321797519e+13     1.573705811e+31     31.6714954          134.0391391         0.9308849326        0.0
0.01409734549       2.360979868e+13     1.60434791e+31      31.65256439         134.0890596         0.9316908131        0.0
0.014335072         2.400825774e+13     1.635973362e+31     31.63393215         134.1386748         0.9324892099        0.0
0.01457680733       2.441342635e+13     1.66863553e+31      31.61513015         134.1876047         0.9332790032        0.0
0.0148226191        2.482542415e+13     1.702572685e+31     31.59130775         134.2431505         0.9340048345        0.0
0.01507257604       2.524438402e+13     1.737500816e+31     31.57186613         134.2922121         0.9347700712        0.0
0.01532674806       2.567042757e+13     1.773752312e+31     31.54980543         134.3451695         0.9354953558        0.0
0.01558520624       2.610364521e+13     1.811225979e+31     31.52944909         134.3956328         0.9362288269        0.0
0.01584802285       2.65441821e+13      1.850163462e+31     31.50536162         134.4501745         0.9369190121        0.0
0.01611527139       2.699215248e+13     1.890465743e+31     31.48298303         134.5021429         0.9376173192        0.0
0.01638702661       2.74476799e+13      1.932264164e+31     31.46053595         134.5539678         0.9383067615        0.0
0.01666336448       2.791092324e+13     1.975673342e+31     31.43752967         134.6068735         0.9389794923        0.0
0.0169443623        2.83819572e+13      2.020864016e+31     31.41032065         134.6633066         0.9396087202        0.0
0.01723009865       2.88609514e+13      2.067670384e+31     31.38772758         134.7148692         0.9402703346        0.0
0.01752065343       2.934803452e+13     2.116483439e+31     31.35963833         134.7711826         0.9408780206        0.0
0.01781610789       2.984334204e+13     2.167081315e+31     31.33252299         134.8203392         0.9415154788        0.0
0.01811654467       3.034702206e+13     2.219913046e+31     31.30866474         134.8783394         0.9421146652        0.0
0.01842204777       3.085919266e+13     2.274931758e+31     31.28055442         134.9349654         0.9426948096        0.0
0.01873270264       3.138000068e+13     2.332215571e+31     31.25209962         134.9902757         0.9432698326        0.0
0.01904859614       3.190961833e+13     2.391915326e+31     31.22362522         135.0456666         0.9438363555        0.0
0.01936981662       3.244817547e+13     2.454171677e+31     31.19504106         135.1007076         0.9443962289        0.0
0.01969645392       3.29958223e+13      2.519244777e+31     31.16202802         135.1597886         0.9449102214        0.0
0.02002859936       3.35527234e+13      2.587044182e+31     31.13220997         135.2153419         0.9454471399        0.0
0.02036634585       3.411901816e+13     2.657958457e+31     31.09757629         135.2732589         0.9459415993        0.0
0.02070978782       3.469489394e+13     2.73187431e+31      31.06862207         135.3273553         0.9464715421        0.0
0.02105902133       3.528047915e+13     2.809280749e+31     31.03393004         135.3853263         0.9469506483        0.0
0.02141414403       3.587595203e+13     2.890196669e+31     30.99909838         135.4429178         0.9474230353        0.0
0.02177525525       3.648147506e+13     2.974804274e+31     30.96415589         135.5002105         0.9478883527        0.0
0.02214245596       3.709724657e+13     3.063426799e+31     30.92258763         135.5575883         0.9483153781        0.0
0.02251584885       3.77234085e+13      3.156114279e+31     30.88784063         135.6161043         0.9487606643        0.0
0.02289553835       3.836043613e+13     3.234532017e+31     30.46599478         133.9222286         0.9496874944        0.0
0.02328163063       3.900912621e+13     3.255723947e+31     28.81031896         126.6442193         0.9521517664        0.0
0.02367423366       3.966881685e+13     3.276138891e+31     27.12672313         119.2434793         0.9546575939        0.0
0.02407345724       4.033969564e+13     3.295725165e+31     25.41473647         111.7179391         0.9572056777        0.0
0.02447941302       4.102195343e+13     3.314428905e+31     23.67388022         104.0654941         0.9597967303        0.0
0.02489221451       4.171578432e+13     3.332193977e+31     21.90366755         96.28400433         0.9624314765        0.0
0.02531197716       4.24213858e+13      3.348961902e+31     20.1036034          88.37129367         0.9651106529        0.0
0.02573881835       4.313895875e+13     3.364671762e+31     18.2731844          80.3251493          0.9678350088        0.0
0.02617285746       4.386870752e+13     3.379260111e+31     16.41189866         72.14332111         0.9706053061        0.0
0.02661421586       4.461084e+13        3.392660884e+31     14.51922566         63.82352103         0.9734223196        0.0
0.02706301698       4.536556765e+13     3.404805297e+31     12.59463612         55.36342241         0.9762868369        0.0
0.02751938633       4.613310562e+13     3.415621748e+31     10.63759182         46.76065936         0.9791996591        0.0
0.02798345153       4.691367275e+13     3.425035714e+31     8.647545473         38.01282611         0.9821616009        0.0
0.02845534236       4.770749168e+13     3.432969641e+31     6.623940554         29.11747632         0.9851734906        0.0
0.02893519078       4.85147889e+13      3.439342834e+31     4.566211161         20.07212236         0.9882361704        0.0
0.02942313099       4.933579483e+13     3.444071342e+31     2.473781843         10.8742347          0.9913504968        0.0
0.02991929944       5.017074388e+13     3.447067838e+31     0.3460674505        1.521241127         0.9945173407        0.0
0.03042383488       5.10178647e+13      3.581103546e+31     0.0                 0.0                 0.9949258861        0.0
0.0309368784        5.187891175e+13     3.746139268e+31     0.0                 0.0                 0.9947969291        0.0
0.03145857349       5.275450339e+13     3.917517142e+31     0.0                 0.0                 0.9946657973        0.0
0.03198906603       5.36448857e+13      4.095465167e+31     0.0                 0.0                 0.9945324543        0.0
0.03252850438       5.455030898e+13     4.280219302e+31     0.0                 0.0                 0.9943968627        0.0
0.0330770394        5.547102774e+13     4.472023742e+31     0.0                 0.0                 0.9942589846        0.0
0.03363482447       5.640730086e+13     4.671131203e+31     0.0                 0.0                 0.9941187814        0.0
0.03420201559       5.735939158e+13     4.877803211e+31     0.0                 0.0                 0.993976214         0.0
0.03477877137       5.832756761e+13     5.092310412e+31     0.0                 0.0                 0.9938312424        0.0
0.03536525311       5.931210124e+13     5.31493288e+31      0.0                 0.0                 0.9936838261        0.0
0.03596162481       6.031326936e+13     5.545960445e+31     0.0                 0.0                 0.9935339239        0.0
0.03656805325       6.133135357e+13     5.785693027e+31     0.0                 0.0                 0.9933814938        0.0
0.03718470803       6.236664027e+13     6.034440983e+31     0.0                 0.0                 0.9932264933        0.0
0.03781176158       6.341942069e+13     6.292525468e+31     0.0                 0.0                 0.993068879         0.0
0.03844938927       6.448999107e+13     6.560278803e+31     0.0                 0.0                 0.9929086069        0.0
0.03909776941       6.557865263e+13     6.838044862e+31     0.0                 0.0                 0.992745632         0.0
0.03975708332       6.668571174e+13     7.126179468e+31     0.0                 0.0                 0.9925799088        0.0
0.04042751538       6.781168516e+13     7.506170159e+31     0.0                 0.0                 0.9923992958        0.0
0.04110925307       6.895681558e+13     7.949065534e+31     0.0                 0.0                 0.9922086485        0.0
0.04180248706       7.012131125e+13     8.410187745e+31     0.0                 0.0                 0.9920147863        0.0
0.04250741119       7.130550059e+13     8.890210052e+31     0.0                 0.0                 0.991817655         0.0
0.0432242226        7.250971763e+13     9.389829509e+31     0.0                 0.0                 0.9916171994        0.0
0.04395312176       7.373430209e+13     9.909767794e+31     0.0                 0.0                 0.9914133635        0.0
0.0446943125        7.497959947e+13     1.045077206e+32     0.0                 0.0                 0.9912060902        0.0
0.04544800209       7.62459612e+13      1.101361581e+32     0.0                 0.0                 0.9909953217        0.0
0.04621440131       7.753374469e+13     1.159909984e+32     0.0                 0.0                 0.9907809989        0.0
0.04699372448       7.884331344e+13     1.220805313e+32     0.0                 0.0                 0.9905630619        0.0
0.04778618954       8.017503718e+13     1.284133386e+32     0.0                 0.0                 0.9903414499        0.0
0.04859201811       8.152929194e+13     1.349983042e+32     0.0                 0.0                 0.9901161007        0.0
0.04941143553       8.290646018e+13     1.418446243e+32     0.0                 0.0                 0.9898869515        0.0
0.05024467096       8.430713809e+13     1.495075235e+32     0.0                 0.0                 0.9896485078        0.0
0.05109195742       8.573204003e+13     1.588362717e+32     0.0                 0.0                 0.9893927603        0.0
0.05195353184       8.718107966e+13     1.685538634e+32     0.0                 0.0                 0.9891327001        0.0
0.05282963518       8.865466774e+13     1.786747303e+32     0.0                 0.0                 0.9888682544        0.0
0.05372051243       9.015322208e+13     1.892138153e+32     0.0                 0.0                 0.9885993494        0.0
0.05462641273       9.167716766e+13     2.001865902e+32     0.0                 0.0                 0.9883259097        0.0
0.05554758942       9.322693677e+13     2.11609074e+32      0.0                 0.0                 0.988047859         0.0
0.0564843001        9.480296914e+13     2.23497852e+32      0.0                 0.0                 0.9877651194        0.0
0.05743680674       9.640571202e+13     2.358700953e+32     0.0                 0.0                 0.9874776119        0.0
0.05840537569       9.80356204e+13      2.487435812e+32     0.0                 0.0                 0.9871852562        0.0
0.05939027783       9.969315706e+13     2.621367139e+32     0.0                 0.0                 0.9868879704        0.0
0.06039178858       1.013792434e+14     2.770556526e+32     0.0                 0.0                 0.986579076         0.0
0.06141018801       1.030946558e+14     2.941716674e+32     0.0                 0.0                 0.9862545355        0.0
0.06244576093       1.048391938e+14     3.119995423e+32     0.0                 0.0                 0.9859245222        0.0
0.06349879693       1.066133556e+14     3.305656759e+32     0.0                 0.0                 0.9855889439        0.0
0.0645695905        1.084176475e+14     3.498974015e+32     0.0                 0.0                 0.9852477066        0.0
0.06565844109       1.102525848e+14     3.700230196e+32     0.0                 0.0                 0.984900715         0.0
0.06676565319       1.121186919e+14     3.909718313e+32     0.0                 0.0                 0.9845478719        0.0
0.06789153644       1.14016502e+14      4.127741732e+32     0.0                 0.0                 0.9841890788        0.0
0.0690364057        1.159465578e+14     4.354614529e+32     0.0                 0.0                 0.9838242353        0.0
0.07020058113       1.179096927e+14     4.59623087e+32      0.0                 0.0                 0.9834507965        0.0
0.0713843883        1.199075992e+14     4.875305179e+32     0.0                 0.0                 0.9830591268        0.0
0.07258815826       1.219395224e+14     5.165941033e+32     0.0                 0.0                 0.9826608523        0.0
0.07381222764       1.240060469e+14     5.468566557e+32     0.0                 0.0                 0.9822558616        0.0
0.07505693876       1.261077677e+14     5.783625023e+32     0.0                 0.0                 0.9818440415        0.0
0.0763226397        1.2824529e+14       6.11157538e+32      0.0                 0.0                 0.9814252767        0.0
0.07760968443       1.3041923e+14       6.452892795e+32     0.0                 0.0                 0.9809994502        0.0
0.07891843287       1.326302143e+14     6.808069213e+32     0.0                 0.0                 0.980566443         0.0
0.080249251         1.348792878e+14     7.185209102e+32     0.0                 0.0                 0.980124091         0.0
0.081602511         1.371685395e+14     7.611709323e+32     0.0                 0.0                 0.9796652654        0.0
0.08297859131       1.394968971e+14     8.055786375e+32     0.0                 0.0                 0.9791987027        0.0
0.08437787675       1.418650371e+14     8.51808985e+32      0.0                 0.0                 0.9787242721        0.0
0.08580075863       1.442736481e+14     8.999292308e+32     0.0                 0.0                 0.9782418412        0.0
0.08724763487       1.467234307e+14     9.500090071e+32     0.0                 0.0                 0.9777512749        0.0
0.08871891009       1.492150981e+14     1.002120404e+33     0.0                 0.0                 0.9772524361        0.0
0.09021499573       1.517497727e+14     1.057053236e+33     0.0                 0.0                 0.9767441434        0.0
0.09173631018       1.543302595e+14     1.118612432e+33     0.0                 0.0                 0.9762209664        0.0
0.09328327888       1.569549928e+14     1.182697137e+33     0.0                 0.0                 0.975688967         0.0
0.09485633443       1.596247435e+14     1.249400529e+33     0.0                 0.0                 0.9751479963        0.0
0.09645591675       1.623402966e+14     1.318819075e+33     0.0                 0.0                 0.9745979031        0.0
0.09808247317       1.651024509e+14     1.391052651e+33     0.0                 0.0                 0.9740385336        0.0
0.09973645854       1.679120199e+14     1.466204653e+33     0.0                 0.0                 0.9734697314        0.0
0.1014183354        1.707727668e+14     1.549572634e+33     0.0                 0.0                 0.9728884184        0.0
0.1031285741        1.736833126e+14     1.637338215e+33     0.0                 0.0                 0.972296751         0.0
0.104867653         1.766439859e+14     1.728680055e+33     0.0                 0.0                 0.9716951062        0.0
0.1066360583        1.796556677e+14     1.823729755e+33     0.0                 0.0                 0.9710833158        0.0
0.1084342846        1.827192551e+14     1.922623561e+33     0.0                 0.0                 0.9704612087        0.0
0.1102628347        1.858362499e+14     2.026529632e+33     0.0                 0.0                 0.9698286723        0.0
0.1121222201        1.890106494e+14     2.140945741e+33     0.0                 0.0                 0.9691858418        0.0
0.1140129607        1.922399605e+14     2.260020378e+33     0.0                 0.0                 0.9685321712        0.0
0.1159355852        1.955251561e+14     2.383924918e+33     0.0                 0.0                 0.9678674776        0.0
0.1178906314        1.988672272e+14     2.512836786e+33     0.0                 0.0                 0.9671915751        0.0
0.1198786459        2.02267183e+14      2.646939662e+33     0.0                 0.0                 0.9665042748        0.0
0.1219001847        2.05730727e+14      2.794487041e+33     0.0                 0.0                 0.9658093956        0.0
0.1239558132        2.092547777e+14     2.948555119e+33     0.0                 0.0                 0.9651030591        0.0
0.1260461061        2.128401179e+14     3.108858531e+33     0.0                 0.0                 0.9643848114        0.0
0.1281716481        2.164878446e+14     3.27562613e+33      0.0                 0.0                 0.9636544518        0.0
0.1303330336        2.201999448e+14     3.450574964e+33     0.0                 0.0                 0.9629129859        0.0
0.1325308669        2.239816675e+14     3.640947724e+33     0.0                 0.0                 0.9621657709        0.0
0.1347657628        2.278294901e+14     3.839026496e+33     0.0                 0.0                 0.9614059555        0.0
0.1370383462        2.317446064e+14     4.045094131e+33     0.0                 0.0                 0.9606333271        0.0
0.1393492527        2.35728233e+14      4.259443448e+33     0.0                 0.0                 0.9598476698        0.0
0.1416991284        2.397863891e+14     4.490383766e+33     0.0                 0.0                 0.9590570385        0.0
0.1440886306        2.43917695e+14      4.733800582e+33     0.0                 0.0                 0.9582562972        0.0
0.1465184275        2.481216521e+14     4.987025611e+33     0.0                 0.0                 0.9574420528        0.0
0.1489891986        2.523995869e+14     5.250418227e+33     0.0                 0.0                 0.9566140776        0.0
0.1515016348        2.567573193e+14     5.53168595e+33      0.0                 0.0                 0.9557809473        0.0
0.1540564387        2.611950975e+14     5.82935731e+33      0.0                 0.0                 0.9549397959        0.0
0.1566543249        2.65711385e+14      6.138999809e+33     0.0                 0.0                 0.9540844601        0.0
0.1592960197        2.703076305e+14     6.461051743e+33     0.0                 0.0                 0.9532147006        0.0
0.161982262         2.749915377e+14     6.805942976e+33     0.0                 0.0                 0.9523434819        0.0
0.1647138029        2.797609904e+14     7.168338013e+33     0.0                 0.0                 0.9514623414        0.0
0.1674914064        2.846153681e+14     7.545266116e+33     0.0                 0.0                 0.9505663421        0.0
0.1703158493        2.895572836e+14     7.938858854e+33     0.0                 0.0                 0.9496575381        0.0
0.1731879213        2.945958188e+14     8.361288289e+33     0.0                 0.0                 0.9487520226        0.0
0.1761084256        2.997246143e+14     8.800655215e+33     0.0                 0.0                 0.9478312373        0.0
0.179078179         3.049453723e+14     9.257579036e+33     0.0                 0.0                 0.9468949245        0.0
0.182098012         3.10267006e+14      9.743509218e+33     0.0                 0.0                 0.9459591744        0.0
0.1851687691        3.156877371e+14     1.025376154e+34     0.0                 0.0                 0.9450149504        0.0
0.188291309         3.212062947e+14     1.078438422e+34     0.0                 0.0                 0.9440548037        0.0
0.191466505         3.268297203e+14     1.134362854e+34     0.0                 0.0                 0.9430904589        0.0
0.1946952449        3.325612432e+14     1.193418359e+34     0.0                 0.0                 0.9421240616        0.0
0.1979784318        3.383969046e+14     1.254827661e+34     0.0                 0.0                 0.9411413676        0.0
0.2013169837        3.443434965e+14     1.319342509e+34     0.0                 0.0                 0.940153244         0.0
0.2047118344        3.504061229e+14     1.387476679e+34     0.0                 0.0                 0.9391658483        0.0
0.2081639331        3.565796877e+14     1.458320422e+34     0.0                 0.0                 0.9381618019        0.0
0.2116742453        3.628725988e+14     1.532803638e+34     0.0                 0.0                 0.9371553264        0.0
0.2152437526        3.692882233e+14     1.61118218e+34      0.0                 0.0                 0.9361480507        0.0
0.2188734533        3.758221175e+14     1.692669042e+34     0.0                 0.0                 0.9351237891        0.0
0.2225643624        3.824864139e+14     1.778620202e+34     0.0                 0.0                 0.9341047959        0.0
0.226317512         3.892786536e+14     1.868537784e+34     0.0                 0.0                 0.9330786885        0.0
0.2301339518        3.961975884e+14     1.962071729e+34     0.0                 0.0                 0.9320364641        0.0
0.2340147491        4.032598807e+14     2.061054566e+34     0.0                 0.0                 0.9310098303        0.0
0.237960989         4.104542285e+14     2.163947746e+34     0.0                 0.0                 0.929965884         0.0
0.2419737752        4.177910385e+14     2.27177567e+34      0.0                 0.0                 0.9289218429        0.0
0.2460542299        4.2527396e+14       2.384790531e+34     0.0                 0.0                 0.927878589         0.0
0.2502034941        4.328987511e+14     2.502337928e+34     0.0                 0.0                 0.9268195407        0.0
0.2544227283        4.406835681e+14     2.626220984e+34     0.0                 0.0                 0.9257780903        0.0
0.2587131123        4.48616149e+14      2.754971297e+34     0.0                 0.0                 0.9247190777        0.0
0.2630758459        4.567118406e+14     2.890007489e+34     0.0                 0.0                 0.9236691695        0.0
0.2675121492        4.649674159e+14     3.030870781e+34     0.0                 0.0                 0.9226130277        0.0
0.2720232629        4.733891259e+14     3.178007107e+34     0.0                 0.0                 0.9215565973        0.0
0.2766104484        4.819828806e+14     3.331862267e+34     0.0                 0.0                 0.9205042603        0.0
0.2812749885        4.907474099e+14     3.492170155e+34     0.0                 0.0                 0.919445048         0.0
0.2860181878        4.996953558e+14     3.65995465e+34      0.0                 0.0                 0.9183973606        0.0
0.2908413727        5.088204005e+14     3.834545926e+34     0.0                 0.0                 0.9173390448        0.0
0.2957458919        5.181394254e+14     4.017260004e+34     0.0                 0.0                 0.916296756         0.0
0.3007331171        5.276436188e+14     4.207289844e+34     0.0                 0.0                 0.9152428958        0.0
0.3058044429        5.373515399e+14     4.406000845e+34     0.0                 0.0                 0.9142066972        0.0
0.3109612876        5.472544988e+14     4.612671541e+34     0.0                 0.0                 0.9131607114        0.0
0.3162050932        5.573701185e+14     4.828518509e+34     0.0                 0.0                 0.9121312003        0.0
0.3215373262        5.676924939e+14     5.053084018e+34     0.0                 0.0                 0.9110963041        0.0
0.3269594778        5.782356582e+14     5.287282494e+34     0.0                 0.0                 0.910074017         0.0
0.3324730642        5.889991903e+14     5.531053763e+34     0.0                 0.0                 0.9090532219        0.0
0.3380796274        5.999908542e+14     5.784901413e+34     0.0                 0.0                 0.9080386302        0.0
0.3437807353        6.112184342e+14     6.049252202e+34     0.0                 0.0                 0.9070347252        0.0
0.3495779821        6.226807269e+14     6.324133504e+34     0.0                 0.0                 0.9060282478        0.0
0.3554729892        6.34396462e+14      6.610506875e+34     0.0                 0.0                 0.9050437875        0.0
0.361467405         6.463582112e+14     6.90812583e+34      0.0                 0.0                 0.9040559024        0.0
0.3675629059        6.585820451e+14     7.217814812e+34     0.0                 0.0                 0.9030831032        0.0
0.3737611965        6.710708871e+14     7.539797579e+34     0.0                 0.0                 0.9021189565        0.0
0.3800640101        6.838268706e+14     7.874363834e+34     0.0                 0.0                 0.9011554727        0.0
0.3864731095        6.968700338e+14     8.222343795e+34     0.0                 0.0                 0.9002165589        0.0
0.3929902868        7.101951625e+14     8.583786716e+34     0.0                 0.0                 0.8992803637        0.0
0.3996173647        7.238114488e+14     8.959238536e+34     0.0                 0.0                 0.8983506311        0.0
0.4063561964        7.37735434e+14      9.349340611e+34     0.0                 0.0                 0.8974432238        0.0
0.4132086664        7.51965001e+14      9.754359676e+34     0.0                 0.0                 0.8965413103        0.0
0.420176691         7.66508817e+14      1.017483978e+35     0.0                 0.0                 0.8956464936        0.0
0.427262219         7.813845761e+14     1.06113935e+35      0.0                 0.0                 0.8947748391        0.0
0.4344672316        7.965921766e+14     1.106442878e+35     0.0                 0.0                 0.8939122781        0.0
0.441793744         8.121403238e+14     1.153451159e+35     0.0                 0.0                 0.8930591793        0.0
0.4492438048        8.280408654e+14     1.202221907e+35     0.0                 0.0                 0.8922204887        0.0
0.4568194976        8.443060746e+14     1.252809682e+35     0.0                 0.0                 0.8914011797        0.0
0.4645229408        8.609402072e+14     1.305273947e+35     0.0                 0.0                 0.8905931966        0.0
0.4723562889        8.779534791e+14     1.359676932e+35     0.0                 0.0                 0.8897975394        0.0
0.4803217324        8.953563484e+14     1.416082138e+35     0.0                 0.0                 0.8890150991        0.0
0.4884214988        9.131639826e+14     1.47454716e+35      0.0                 0.0                 0.8882532675        0.0
0.4966578533        9.3138316e+14       1.535142312e+35     0.0                 0.0                 0.8875063655        0.0
0.5050330991        9.500242276e+14     1.597938077e+35     0.0                 0.0                 0.8867737124        0.0
0.5135495785        9.690987451e+14     1.663005562e+35     0.0                 0.0                 0.8860559284        0.0
0.5222096731        9.88618569e+14      1.730417905e+35     0.0                 0.0                 0.8853535534        0.0
0.5310158046        1.008595869e+15     1.800250459e+35     0.0                 0.0                 0.8846670633        0.0
0.5399704358        1.029043189e+15     1.872580724e+35     0.0                 0.0                 0.8839969524        0.0
0.5490760709        1.049975366e+15     1.947481489e+35     0.0                 0.0                 0.8833462457        0.0
0.5583352561        1.071402965e+15     2.025044174e+35     0.0                 0.0                 0.8827117072        0.0
0.567750581         1.093339518e+15     2.105354775e+35     0.0                 0.0                 0.8820936127        0.0
0.5773246785        1.115798925e+15     2.188502488e+35     0.0                 0.0                 0.8814922003        0.0
0.587060226         1.138795454e+15     2.274579678e+35     0.0                 0.0                 0.8809076451        0.0
0.5969599461        1.16234379e+15      2.363681859e+35     0.0                 0.0                 0.8803400847        0.0
0.6070266072        1.186459005e+15     2.455908085e+35     0.0                 0.0                 0.8797896132        0.0
0.6172630246        1.211156605e+15     2.551361241e+35     0.0                 0.0                 0.8792562857        0.0
0.6276720608        1.236452546e+15     2.650147822e+35     0.0                 0.0                 0.8787401273        0.0
0.6382566268        1.262363221e+15     2.752378499e+35     0.0                 0.0                 0.8782411305        0.0
0.6490196825        1.288905517e+15     2.858168285e+35     0.0                 0.0                 0.8777592659        0.0
0.659964238         1.316096781e+15     2.967636344e+35     0.0                 0.0                 0.8772944619        0.0
0.6710933537        1.343956868e+15     3.080895521e+35     0.0                 0.0                 0.8768488117        0.0
0.6824101421        1.372502521e+15     3.19808401e+35      0.0                 0.0                 0.8764203066        0.0
0.6939177679        1.401752596e+15     3.31933623e+35      0.0                 0.0                 0.8760087388        0.0
0.7056194492        1.431726595e+15     3.444791655e+35     0.0                 0.0                 0.8756139666        0.0
0.7175184584        1.462444609e+15     3.574595369e+35     0.0                 0.0                 0.8752358348        0.0
0.7296181231        1.493927322e+15     3.708898104e+35     0.0                 0.0                 0.874874169         0.0
0.7419218269        1.526199009e+15     3.847841438e+35     0.0                 0.0                 0.8745316389        0.0
0.7544330108        1.55927948e+15      3.991601325e+35     0.0                 0.0                 0.8742058583        0.0
0.7671551733        1.593190768e+15     4.140351428e+35     0.0                 0.0                 0.8738960389        0.0
0.7800918724        1.627956363e+15     4.294268723e+35     0.0                 0.0                 0.8736020943        0.0
0.7932467257        1.663604433e+15     4.453521539e+35     0.0                 0.0                 0.8733274424        0.0
0.8066234121        1.700155733e+15     4.618321963e+35     0.0                 0.0                 0.873068133         0.0
0.8202256724        1.73763616e+15      4.788870342e+35     0.0                 0.0                 0.8728242263        0.0
0.8340573104        1.776076483e+15     4.965366329e+35     0.0                 0.0                 0.8725990051        0.0
0.8481221943        1.81549947e+15      5.148044049e+35     0.0                 0.0                 0.8723884908        0.0
0.8624242573        1.855936248e+15     5.337130116e+35     0.0                 0.0                 0.872194748         0.0
0.8769674989        1.897415362e+15     5.532868686e+35     0.0                 0.0                 0.8720170549        0.0
0.8917559863        1.939966533e+15     5.735515326e+35     0.0                 0.0                 0.8718548953        0.0
0.9067938551        1.983622466e+15     5.945339149e+35     0.0                 0.0                 0.87170916          0.0
0.9220853106        2.028413877e+15     6.162620066e+35     0.0                 0.0                 0.8715786005        0.0
0.9376346292        2.074375352e+15     6.387656926e+35     0.0                 0.0                 0.8714639012        0.0
0.9534461591        2.121541178e+15     6.620763466e+35     0.0                 0.0                 0.8713647368        0.0
0.9695243223        2.169945627e+15     6.862257303e+35     0.0                 0.0                 0.871280186         0.0
0.9858736149        2.219629143e+15     7.112514801e+35     0.0                 0.0                 0.8712120276        0.0
1.002498609         2.270626346e+15     7.371873071e+35     0.0                 0.0                 0.8711581911        0.0
1.019403954         2.322977866e+15     7.640726467e+35     0.0                 0.0                 0.871119152         0.0
1.036594377         2.376726934e+15     7.919519264e+35     0.0                 0.0                 0.8710957842        0.0
1.054074686         2.431913425e+15     8.208654277e+35     0.0                 0.0                 0.8710867722        0.0
1.071849769         2.48858166e+15      8.508596099e+35     0.0                 0.0                 0.8710921964        0.0
1.089924598         2.546777679e+15     8.819842566e+35     0.0                 0.0                 0.871112132         0.0
1.108304225         2.606550993e+15     9.14296828e+35      0.0                 0.0                 0.8711471629        0.0
1.126993793         2.667948791e+15     9.478496169e+35     0.0                 0.0                 0.8711964879        0.0
1.145998526         2.731022415e+15     9.827032833e+35     0.0                 0.0                 0.8712601226        0.0
1.16532374          2.795825228e+15     1.018922914e+36     0.0                 0.0                 0.8713380755        0.0
1.18497484          2.862412712e+15     1.056578533e+36     0.0                 0.0                 0.8714303487        0.0
1.204957319         2.930842613e+15     1.095745579e+36     0.0                 0.0                 0.8715369539        0.0
1.225276768         3.001175078e+15     1.136505543e+36     0.0                 0.0                 0.871657914         0.0
1.245938868         3.073472777e+15     1.178946605e+36     0.0                 0.0                 0.8717932553        0.0
1.266949397         3.147801123e+15     1.223164392e+36     0.0                 0.0                 0.8719430454        0.0
1.288314232         3.224228415e+15     1.269262926e+36     0.0                 0.0                 0.8721073543        0.0
1.310039345         3.30282607e+15      1.317355961e+36     0.0                 0.0                 0.8722863298        0.0
1.332130814         3.383672981e+15     1.367585929e+36     0.0                 0.0                 0.8724805766        0.0
1.354594817         3.466844433e+15     1.420077879e+36     0.0                 0.0                 0.8726898813        0.0
1.377437634         3.552422676e+15     1.474983601e+36     0.0                 0.0                 0.8729144938        0.0
1.400665654         3.640495856e+15     1.532479478e+36     0.0                 0.0                 0.8731548792        0.0
1.424285374         3.731161503e+15     1.592786808e+36     0.0                 0.0                 0.8734119319        0.0
1.448303398         3.824509617e+15     1.6560883e+36       0.0                 0.0                 0.8736855681        0.0
1.472726443         3.920650642e+15     1.722671046e+36     0.0                 0.0                 0.8739769962        0.0
1.497561339         4.019691983e+15     1.792809031e+36     0.0                 0.0                 0.8742868263        0.0
1.52281503          4.121754189e+15     1.866854511e+36     0.0                 0.0                 0.8746162576        0.0
1.548494581         4.226962374e+15     1.945194031e+36     0.0                 0.0                 0.8749664859        0.0
1.57460717          4.335461055e+15     2.02835034e+36      0.0                 0.0                 0.8753395545        0.0
1.601160102         4.447389762e+15     2.116837596e+36     0.0                 0.0                 0.8757369882        0.0
1.628160802         4.562924987e+15     2.211456799e+36     0.0                 0.0                 0.8761621462        0.0
1.65561682          4.682247203e+15     2.313113814e+36     0.0                 0.0                 0.8766184935        0.0
1.683535835         4.805556933e+15     2.422965351e+36     0.0                 0.0                 0.8771105996        0.0
1.711925654         4.933090633e+15     2.542634886e+36     0.0                 0.0                 0.87764528          0.0
1.740794216         5.065125163e+15     2.674424038e+36     0.0                 0.0                 0.8782324107        0.0
1.770149595         5.201995177e+15     2.821808586e+36     0.0                 0.0                 0.8788872573        0.0
1.8                 5.344125055e+15     2.990538344e+36     0.0                 0.0                 0.87963566          0.0
