0.476E-14           0.790E+01           0.101E+11           26.00               56.00               0.000   
0.491E-14           0.815E+01           0.101E+12           26.00               56.00               0.000    
0.699E-14           0.116E+02           0.121E+13           26.00               56.00               0.000    
0.990E-14           0.164E+02           0.140E+14           26.00               56.00               0.000    
0.272E-13           0.451E+02           0.170E+15           26.00               56.00               0.000    
0.127E-12           0.212E+03           0.582E+16           26.00               56.00               0.000    
0.693E-12           0.115E+04           0.190E+18           26.00               56.00               0.000    
0.630E-11           0.104E+05           0.974E+19           26.00               56.00               0.000    
0.158E-10           0.262E+05           0.497E+20           26.00               56.00               0.000    
0.397E-10           0.659E+05           0.243E+21           26.00               56.00               0.000    
0.998E-10           0.165E+06           0.115E+22           26.00               56.00               0.000    
0.251E-09           0.416E+06           0.527E+22           26.00               56.00               0.000    
0.629E-09           0.104E+07           0.232E+23           26.00               56.00               0.000    
0.158E-08           0.262E+07           0.975E+23           26.00               56.00               0.000    
0.397E-08           0.659E+07           0.391E+24           26.00               56.00               0.000    
0.500E-08           0.829E+07           0.526E+24           28.00               62.00               0.000    
0.998E-08           0.166E+08           0.144E+25           28.00               62.00               0.000    
0.199E-07           0.330E+08           0.383E+25           28.00               62.00               0.000    
0.397E-07           0.659E+08           0.101E+26           28.00               62.00               0.000    
0.792E-07           0.132E+09           0.260E+26           28.00               62.00               0.000
1e-07               165688216.4         3.443004711e+25     29.7927942          67.99555            0.0
1.016532023e-07     168428024.2         3.520440173e+25     29.78985521         67.99555            0.0
1.033337354e-07     171213100.2         3.599457169e+25     29.79703679         68.02066931         0.0
1.050420511e-07     174044235.6         3.680156603e+25     29.80770855         68.05516            0.0
1.067786087e-07     176922323.1         3.762672582e+25     29.80327977         68.05516            0.0
1.085438751e-07     179847896.7         3.84693711e+25      29.81341538         68.0883992          0.0
1.103383249e-07     182821833.4         3.933124662e+25     29.82052533         68.11476            0.0
1.121624406e-07     185844971.2         4.021305572e+25     29.81607882         68.11476            0.0
1.140167127e-07     188918096.2         4.111265884e+25     29.8297753          68.15615384         0.0
1.159016396e-07     192042028.2         4.203309359e+25     29.83331684         68.17437            0.0
1.178177282e-07     195217647.6         4.297462644e+25     29.8319982          68.1815119          0.0
1.197654936e-07     198445965.9         4.393593325e+25     29.84612019         68.22393199         0.0
1.217454595e-07     201727467.3         4.491890867e+25     29.84607906         68.23397            0.0
1.237581582e-07     205063205.5         4.592406731e+25     29.8482855          68.24918158         0.0
1.258041309e-07     208454169.4         4.695131572e+25     29.86244321         68.29174175         0.0
1.278839277e-07     211901081.9         4.800103895e+25     29.85882045         68.29358            0.0
1.299981077e-07     215405120.3         4.907232209e+25     29.86375123         68.3168803          0.0
1.321472394e-07     218967197.6         5.016706745e+25     29.8741136          68.35318            0.0
1.343319006e-07     222588070.0         5.129191352e+25     29.87114707         68.35318            0.0
1.365526787e-07     226268924.0         5.243577661e+25     29.87972027         68.3846038          0.0
1.388101707e-07     230010617.6         5.360342627e+25     29.89234554         68.42709538         0.0
1.411049836e-07     233814046.4         5.479708812e+25     29.90497653         68.46963157         0.0
1.434377345e-07     237680531.9         5.602386568e+25     29.90302774         68.47239            0.0
1.458090504e-07     241610944.4         5.727448985e+25     29.90826619         68.49478426         0.0
1.48219569e-07      245606330.1         5.854990871e+25     29.91873796         68.53199            0.0
1.506699383e-07     249667772.4         5.985699321e+25     29.91428787         68.53199            0.0
1.531608172e-07     253796390.2         6.118922869e+25     29.9220839          68.56250373         0.0
1.556928753e-07     257993301.5         6.255240881e+25     29.9295308          68.5916             0.0
1.582667935e-07     262259643.0         6.395104398e+25     29.92580171         68.5916             0.0
1.608832638e-07     266596499.4         6.537444586e+25     29.93759563         68.63024893         0.0
1.635429896e-07     271005075.4         6.683122753e+25     29.94190146         68.6512             0.0
1.662466861e-07     275486565.4         6.83220395e+25      29.9392021          68.65564081         0.0
1.689950801e-07     280042205.1         6.983944612e+25     29.95173376         68.69802169         0.0
1.717889107e-07     284673159.4         7.139036582e+25     29.96425942         68.74040902         0.0
1.746289289e-07     289380696.1         7.297805003e+25     29.97180434         68.77041            0.0
1.775158983e-07     294166098.3         7.460526712e+25     29.96732131         68.77041            0.0
1.804505953e-07     299030604.0         7.626149379e+25     29.97797525         68.80815295         0.0
1.834338086e-07     303975622.1         7.795752589e+25     29.98225601         68.83002            0.0
1.864663406e-07     309002481.2         7.969493641e+25     29.97924313         68.83356023         0.0
1.895490064e-07     314112316.4         8.146546039e+25     29.99247276         68.87591899         0.0
1.926826349e-07     319306676.9         8.327528067e+25     30.00570843         68.91831477         0.0
1.958680687e-07     324587013.8         8.512555747e+25     30.01372423         68.94923            0.0
1.991061641e-07     329954841.2         8.701561018e+25     30.00773669         68.94923            0.0
2.023977918e-07     335411273.5         8.894721595e+25     30.01844106         68.98605478         0.0
2.057438367e-07     340957928.9         9.092252338e+25     30.03167348         69.02850911         0.0
2.091451986e-07     346596325.0         9.294227021e+25     30.04374256         69.06844            0.0
2.126027918e-07     352327947.9         9.500330182e+25     30.03776567         69.06844            0.0
2.16117546e-07      358154415.5         9.710904012e+25     30.0438593          69.09622157         0.0
2.196904063e-07     364077253.7         9.926155617e+25     30.05633724         69.13873406         0.0
2.233223331e-07     370097979.9         1.014611819e+26     30.06879643         69.18121903         0.0
2.270143031e-07     376218307.8         1.037153152e+26     30.06687607         69.18765            0.0
2.307673087e-07     382439869.5         1.060176814e+26     30.06986331         69.20641995         0.0
2.345823592e-07     388764340.2         1.083672657e+26     30.08163789         69.24725            0.0
2.384604801e-07     395193524.7         1.107750743e+26     30.07714764         69.24725            0.0
2.424027143e-07     401728960.6         1.132259875e+26     30.08241248         69.27412327         0.0
2.464101215e-07     408372438.8         1.157274197e+26     30.09369378         69.31664187         0.0
2.504837793e-07     415125786.2         1.182892017e+26     30.10611341         69.35911188         0.0
2.546247829e-07     421990835.8         1.209060629e+26     30.11848454         69.40146197         0.0
2.588342457e-07     428969437.6         1.235861114e+26     30.1237684          69.42606            0.0
2.631132994e-07     436063470.2         1.263322457e+26     30.11954548         69.4269016          0.0
2.674630945e-07     443274861.4         1.291169839e+26     30.13039254         69.46922312         0.0
2.718848005e-07     450605486.8         1.319692101e+26     30.14217819         69.51163509         0.0
2.763796063e-07     458057352.4         1.348912634e+26     30.15103676         69.54527            0.0
2.809487203e-07     465632536.4         1.378858236e+26     30.14650964         69.54527            0.0
2.85593371e-07      473332912.2         1.409282361e+26     30.15434436         69.57936645         0.0
2.903148072e-07     481160645.3         1.440385089e+26     30.16580087         69.62183994         0.0
2.951142982e-07     489117874.8         1.47224358e+26      30.17818984         69.66442143         0.0
2.999931346e-07     497206688.5         1.504790704e+26     30.17218802         69.66448            0.0
3.04952628e-07      505429380.8         1.538053283e+26     30.17699789         69.68954181         0.0
3.099941119e-07     513788092.0         1.572041922e+26     30.1892145          69.73207673         0.0
3.151189416e-07     522284830.2         1.606719965e+26     30.20077903         69.77450895         0.0
3.203284952e-07     530922232.6         1.642148763e+26     30.21231362         69.81687569         0.0
3.256241733e-07     539702537.1         1.678403702e+26     30.21721405         69.8433             0.0
3.310073996e-07     548628068.0         1.715522064e+26     30.2111384          69.8433             0.0
3.364796215e-07     557701066.7         1.753386471e+26     30.22297164         69.88462863         0.0
3.420423104e-07     566924237.9         1.792031436e+26     30.23439224         69.92705388         0.0
3.476969617e-07     576300031.7         1.831510367e+26     30.24543559         69.96959471         0.0
3.534450959e-07     585830818.2         1.871938999e+26     30.25770207         70.01201269         0.0
3.592882583e-07     595519266.8         1.913271753e+26     30.25600043         70.02211            0.0
3.6522802e-07       605367981.4         1.955481431e+26     30.25591884         70.0372612          0.0
3.712659781e-07     615379606.6         1.998522657e+26     30.26668231         70.0798127          0.0
3.774037558e-07     625556844.1         2.042592094e+26     30.27882678         70.12213252         0.0
3.836430033e-07     635902370.8         2.087579929e+26     30.29022957         70.16456319         0.0
3.899853983e-07     646418969.1         2.133511708e+26     30.30096506         70.20710523         0.0
3.964326458e-07     657109459.1         2.180422178e+26     30.31166146         70.24951487         0.0
4.029864794e-07     667976833.5         2.228491255e+26     30.30993308         70.26053            0.0
4.096486612e-07     679023989.0         2.277673791e+26     30.30997282         70.27477733         0.0
4.164209823e-07     690253874.8         2.327920185e+26     30.32220741         70.31731354         0.0
4.233052635e-07     701669540.5         2.379075798e+26     30.33295013         70.35963956         0.0
4.303033559e-07     713274031.4         2.431363277e+26     30.34361119         70.40207646         0.0
4.374171408e-07     725070460.8         2.484818916e+26     30.35429192         70.44462422         0.0
4.446485311e-07     737061940.3         2.53940992e+26      30.36492408         70.48701915         0.0
4.519994708e-07     749251770.5         2.5951929e+26       30.37554627         70.52940056         0.0
4.594719364e-07     761643229.7         2.652292631e+26     30.38092461         70.55855            0.0
4.670679371e-07     774239633.7         2.710805454e+26     30.37478819         70.55855            0.0
4.747895149e-07     787044453.9         2.770343072e+26     30.38390526         70.59714694         0.0
4.826387461e-07     800061056.8         2.831189713e+26     30.39451376         70.63958988         0.0
4.906177409e-07     813292944.3         2.893395517e+26     30.40513887         70.68214281         0.0
4.987286447e-07     826743738.8         2.956916859e+26     30.41570751         70.72451596         0.0
5.069736381e-07     840416898.6         3.021828756e+26     30.42627233         70.76690631         0.0
5.15354938e-07      854316205.5         3.08818981e+26      30.43685782         70.80941045         0.0
5.238747976e-07     868445486.1         3.156004144e+26     30.44743376         70.85191668         0.0
5.325355078e-07     882808568.6         3.225251687e+26     30.45795746         70.89425449         0.0
5.413393971e-07     897409217.1         3.296179263e+26     30.46043229         70.91618            0.0
5.502888325e-07     912251352.6         3.368797121e+26     30.45550697         70.91966245         0.0
5.593862201e-07     927339060.4         3.442473247e+26     30.46448168         70.96202084         0.0
5.686340059e-07     942676286.2         3.517922781e+26     30.47449247         71.00441727         0.0
5.780346764e-07     958267162.9         3.595131613e+26     30.48502155         71.04692767         0.0
5.875907589e-07     974115846.2         3.674022514e+26     30.49553549         71.0894188          0.0
5.973048229e-07     990226751.9         3.754589279e+26     30.50600286         71.13176247         0.0
6.071794799e-07     1.006604161e+09     3.836834706e+26     30.51577715         71.17421788         0.0
6.17217385e-07      1.023252472e+09     3.920788435e+26     30.52483041         71.21678318         0.0
6.27421237e-07      1.040176224e+09     4.006745842e+26     30.53527088         71.25913375         0.0
6.377937794e-07     1.057379911e+09     4.094599734e+26     30.54571425         71.30153382         0.0
6.483378008e-07     1.07486818e+09      4.18434357e+26      30.55579032         71.34404683         0.0
6.590561362e-07     1.092645727e+09     4.275820489e+26     30.56469092         71.38653047         0.0
6.699516674e-07     1.110717265e+09     4.36948578e+26      30.57485469         71.42887491         0.0
6.810273238e-07     1.129087729e+09     4.465285292e+26     30.58527441         71.47133233         0.0
6.922860831e-07     1.14776208e+09      4.563211135e+26     30.59565286         71.51390339         0.0
7.037309726e-07     1.166745479e+09     4.66287867e+26      30.60447861         71.556239           0.0
7.153650692e-07     1.186042764e+09     4.764947812e+26     30.61428804         71.59864523         0.0
7.271915009e-07     1.205659246e+09     4.869335168e+26     30.62432985         71.64116412         0.0
7.392134476e-07     1.225600409e+09     4.975722304e+26     30.63315364         71.68363299         0.0
7.514341413e-07     1.245871325e+09     5.084375624e+26     30.64193462         71.7259837          0.0
7.638568678e-07     1.266477563e+09     5.195590448e+26     30.65138425         71.76845019         0.0
7.76484967e-07      1.287424692e+09     5.30948039e+26      30.66173131         71.81103407         0.0
7.893218344e-07     1.308718217e+09     5.425379418e+26     30.67047619         71.85334772         0.0
8.023709211e-07     1.330364064e+09     5.54384493e+26      30.67923329         71.89576173         0.0
8.156357356e-07     1.352368026e+09     5.665022499e+26     30.68832937         71.93829058         0.0
8.291198443e-07     1.374735909e+09     5.789106926e+26     30.6986293          71.98073711         0.0
8.428268726e-07     1.397473796e+09     5.91553689e+26      30.70764444         72.02309855         0.0
8.567605059e-07     1.420587842e+09     6.044699036e+26     30.71636885         72.06557246         0.0
8.709244902e-07     1.444084275e+09     6.176730031e+26     30.72510781         72.10815243         0.0
8.853226339e-07     1.46796946e+09      6.311480263e+26     30.73377422         72.15045395         0.0
8.999588081e-07     1.492249727e+09     6.449226538e+26     30.74245361         72.1928739          0.0
9.148369478e-07     1.516931621e+09     6.590077109e+26     30.75129264         72.23540894         0.0
9.299610532e-07     1.542021752e+09     6.734120992e+26     30.7607369          72.27784059         0.0
9.453351907e-07     1.567526929e+09     6.881261518e+26     30.77015685         72.32020779         0.0
9.609634938e-07     1.593454087e+09     7.031586817e+26     30.77929778         72.36268783         0.0
9.768501644e-07     1.619810228e+09     7.185092213e+26     30.78795723         72.40525301         0.0
9.929994738e-07     1.646602272e+09     7.341775887e+26     30.7965471          72.4475674          0.0
1.009415764e-06     1.673837601e+09     7.501652171e+26     30.80425797         72.4899922          0.0
1.026103448e-06     1.701523443e+09     7.664915931e+26     30.81454411         72.53955578         0.0
1.043067014e-06     1.729666753e+09     7.831968106e+26     30.84113979         72.62439496         0.0
1.060311022e-06     1.75827673e+09      8.002726795e+26     30.85400582         72.67692732         0.0
1.077840108e-06     1.787359874e+09     8.177113386e+26     30.8620083          72.71941428         0.0
1.095658986e-06     1.816923199e+09     8.35497257e+26      30.86899343         72.76196426         0.0
1.113772445e-06     1.846976808e+09     8.53706683e+26      30.8774295          72.80428499         0.0
1.132185357e-06     1.877526422e+09     8.723225481e+26     30.88595041         72.84671543         0.0
1.150902671e-06     1.908580719e+09     8.913515358e+26     30.89448258         72.88925552         0.0
1.169929421e-06     1.940150864e+09     9.107842155e+26     30.90296931         72.93165734         0.0
1.189270721e-06     1.972243147e+09     9.305912755e+26     30.91027585         72.97403738         0.0
1.208931772e-06     2.004865916e+09     9.508148909e+26     30.92318546         73.03072297         0.0
1.22891786e-06      2.038027538e+09     9.71469149e+26      30.94808745         73.11579855         0.0
1.249234358e-06     2.071738662e+09     9.926312807e+26     30.95761781         73.16099498         0.0
1.269886729e-06     2.106006936e+09     1.014232253e+27     30.96521766         73.20343231         0.0
1.290880526e-06     2.140841686e+09     1.036287263e+27     30.97226769         73.24598476         0.0
1.312221392e-06     2.176253658e+09     1.058869384e+27     30.98066763         73.28837206         0.0
1.333915066e-06     2.212251462e+09     1.081889219e+27     30.98791622         73.33075723         0.0
1.355967381e-06     2.248844859e+09     1.105392109e+27     31.00033399         73.38654434         0.0
1.378384265e-06     2.286043705e+09     1.129393938e+27     31.02508826         73.47159309         0.0
1.401171745e-06     2.323857032e+09     1.153913509e+27     31.03343069         73.51771174         0.0
1.424335949e-06     2.362296049e+09     1.179017008e+27     31.04098015         73.56015128         0.0
1.447883103e-06     2.401371384e+09     1.204698152e+27     31.05083111         73.60703042         0.0
1.47181954e-06      2.441094755e+09     1.230752353e+27     31.07381826         73.69178338         0.0
1.496151694e-06     2.481474161e+09     1.257502519e+27     31.08657902         73.74707871         0.0
1.520886109e-06     2.522520732e+09     1.284878225e+27     31.09441348         73.78958304         0.0
1.546029433e-06     2.564245389e+09     1.312786233e+27     31.10110513         73.83208764         0.0
1.571588427e-06     2.606662567e+09     1.341280153e+27     31.10775161         73.87442625         0.0
1.597569963e-06     2.649781484e+09     1.37034806e+27      31.12224187         73.93734563         0.0
1.623981026e-06     2.693613386e+09     1.400006108e+27     31.14388618         74.01904518         0.0
1.650828718e-06     2.738169979e+09     1.43039094e+27      31.15048485         74.06140224         0.0
1.678120256e-06     2.783463742e+09     1.461437816e+27     31.15707875         74.10379872         0.0
1.705862979e-06     2.82950702e+09      1.493164601e+27     31.16850334         74.15779075         0.0
1.734064345e-06     2.87631235e+09      1.525558479e+27     31.19294107         74.24277912         0.0
1.762731936e-06     2.923892738e+09     1.558656272e+27     31.20184294         74.29074843         0.0
1.791873461e-06     2.97225947e+09      1.592488784e+27     31.2083847          74.33320038         0.0
1.821496754e-06     3.021425342e+09     1.627060771e+27     31.21589643         74.37829053         0.0
1.851609781e-06     3.071406402e+09     1.662219464e+27     31.23854992         74.46298298         0.0
1.882220636e-06     3.122213694e+09     1.698237181e+27     31.2506602          74.52012017         0.0
1.913337551e-06     3.17386143e+09      1.735063946e+27     31.26118105         74.57321545         0.0
1.944968891e-06     3.226364215e+09     1.772570774e+27     31.28383037         74.65817337         0.0
1.977123162e-06     3.279735674e+09     1.810892349e+27     31.29138684         74.70706669         0.0
2.009809007e-06     3.333990142e+09     1.850117907e+27     31.29691213         74.74952795         0.0
2.043035216e-06     3.389142196e+09     1.890274237e+27     31.30396967         74.79373163         0.0
2.076810721e-06     3.445206992e+09     1.931104868e+27     31.32643966         74.87839411         0.0
2.111144604e-06     3.502199461e+09     1.972931841e+27     31.33876267         74.93644742         0.0
2.146046095e-06     3.560134615e+09     2.015704954e+27     31.34881437         74.9886415          0.0
2.181524578e-06     3.619027052e+09     2.059261225e+27     31.3712902          75.07356902         0.0
2.217589593e-06     3.678895279e+09     2.103765728e+27     31.37909887         75.12338539         0.0
2.254250835e-06     3.739754081e+09     2.149241979e+27     31.39119671         75.18360179         0.0
2.291518161e-06     3.801619395e+09     2.195699981e+27     31.41335794         75.2680363          0.0
2.329401592e-06     3.864509381e+09     2.243146175e+27     31.41798781         75.31035618         0.0
2.367911313e-06     3.928439154e+09     2.291611287e+27     31.4333947          75.3786226          0.0
2.407057677e-06     3.993426434e+09     2.341136876e+27     31.45209384         75.45490283         0.0
2.44685121e-06      4.05948976e+09      2.391746932e+27     31.45668356         75.49734851         0.0
2.487302611e-06     4.126645801e+09     2.443397925e+27     31.47540023         75.57368537         0.0
2.528422754e-06     4.194912928e+09     2.496193424e+27     31.49063563         75.64178765         0.0
2.570222698e-06     4.264309553e+09     2.550175123e+27     31.49519081         75.68437344         0.0
2.612713678e-06     4.334855105e+09     2.60504372e+27      31.51558387         75.76880086         0.0
2.655907121e-06     4.406567186e+09     2.661354225e+27     31.52764099         75.8286957          0.0
2.699814638e-06     4.479465559e+09     2.718997931e+27     31.53644437         75.87910338         0.0
2.744448036e-06     4.553571078e+09     2.777519719e+27     31.5568929          75.96397191         0.0
2.789819314e-06     4.628902842e+09     2.837470489e+27     31.56482737         76.01563392         0.0
2.835940671e-06     4.70548095e+09      2.898699168e+27     31.5752512          76.07405243         0.0
2.882824507e-06     4.783325782e+09     2.961108832e+27     31.59568483         76.15918735         0.0
2.930483428e-06     4.862459167e+09     3.024801308e+27     31.61595058         76.24381111         0.0
2.978930248e-06     4.942901416e+09     3.090038526e+27     31.6272246          76.30462828         0.0
3.028177991e-06     5.02467458e+09      3.15678048e+27      31.63419967         76.35413938         0.0
3.078239899e-06     5.107802098e+09     3.224701211e+27     31.65443418         76.43897198         0.0
3.129129432e-06     5.192304018e+09     3.294238518e+27     31.67586852         76.52371314         0.0
3.180860272e-06     5.278204081e+09     3.365297205e+27     31.69092914         76.59364807         0.0
3.233446327e-06     5.365525829e+09     3.437790358e+27     31.6935431          76.63620437         0.0
3.286901736e-06     5.454293213e+09     3.511719161e+27     31.71277512         76.7188248          0.0
3.341240871e-06     5.544528626e+09     3.587264974e+27     31.73286751         76.80368818         0.0
3.396478342e-06     5.636256655e+09     3.664511512e+27     31.75071873         76.88270847         0.0
3.452629e-06        5.729503584e+09     3.743648165e+27     31.75489159         76.92510941         0.0
3.509707942e-06     5.824294232e+09     3.824243106e+27     31.77070925         76.99873273         0.0
3.567730514e-06     5.920653292e+09     3.906429741e+27     31.7901581          77.083716           0.0
3.626712317e-06     6.018605785e+09     3.990210752e+27     31.80847947         77.16879133         0.0
3.686669208e-06     6.118180566e+09     4.076298109e+27     31.8135391          77.21404628         0.0
3.747617309e-06     6.219402352e+09     4.163982662e+27     31.82501103         77.27870486         0.0
3.809573004e-06     6.322298549e+09     4.253312792e+27     31.84344572         77.363807           0.0
3.872552953e-06     6.426898749e+09     4.344767557e+27     31.86324154         77.44858675         0.0
3.936574087e-06     6.533228525e+09     4.438182376e+27     31.88300117         77.53335394         0.0
4.00165362e-06      6.641318053e+09     4.533546137e+27     31.90226175         77.61834863         0.0
4.06780905e-06      6.751197642e+09     4.630745613e+27     31.92034109         77.7033945          0.0
4.135058163e-06     6.862893815e+09     4.730317407e+27     31.92402014         77.74958015         0.0
4.203419039e-06     6.976439021e+09     4.832069523e+27     31.93500482         77.81333803         0.0
4.272910059e-06     7.091864081e+09     4.935978671e+27     31.95452414         77.89844624         0.0
4.343549907e-06     7.209199374e+09     5.041731351e+27     31.97240371         77.98319586         0.0
4.415357574e-06     7.328475364e+09     5.149750496e+27     31.99024988         78.06797532         0.0
4.488352366e-06     7.449725005e+09     5.260128027e+27     32.00811138         78.15298223         0.0
4.562553911e-06     7.572981405e+09     5.372869827e+27     32.02593799         78.23799815         0.0
4.637982157e-06     7.698279268e+09     5.488285287e+27     32.04515305         78.32266994         0.0
4.714657385e-06     7.825649645e+09     5.606079213e+27     32.06376645         78.40756959         0.0
4.792600209e-06     7.955126533e+09     5.726240328e+27     32.08151608         78.49269557         0.0
4.871831586e-06     8.086747174e+09     5.848885881e+27     32.09912839         78.57741552         0.0
4.952372817e-06     8.220546964e+09     5.974170114e+27     32.11672092         78.66220741         0.0
5.034245559e-06     8.356561011e+09     6.102189292e+27     32.13433123         78.74722655         0.0
5.117471822e-06     8.494824068e+09     6.232939243e+27     32.15190087         78.83221227         0.0
5.202073984e-06     8.635376031e+09     6.366408133e+27     32.1693585          78.91689564         0.0
5.28807479e-06      8.778255008e+09     6.502685873e+27     32.18643841         79.00180735         0.0
5.375497364e-06     8.923499362e+09     6.641812209e+27     32.20306864         79.08694586         0.0
5.46436521e-06      9.071144877e+09     6.783787249e+27     32.21956019         79.1716357          0.0
5.554702222e-06     9.221235993e+09     6.928981509e+27     32.23659894         79.25643509         0.0
5.646532686e-06     9.373811774e+09     7.077426266e+27     32.25395189         79.34146116         0.0
5.739881295e-06     9.528910519e+09     7.229015845e+27     32.27124849         79.42641748         0.0
5.834773144e-06     9.686576276e+09     7.383343481e+27     32.28699812         79.51111273         0.0
5.931233748e-06     9.846852199e+09     7.541181249e+27     32.3032442          79.59603625         0.0
6.02928904e-06      1.000978156e+10     7.702739449e+27     32.32040825         79.68118669         0.0
6.128965385e-06     1.017540632e+10     7.867070354e+27     32.33576451         79.76584703         0.0
6.230289582e-06     1.034377267e+10     8.035304872e+27     32.3522016          79.85066316         0.0
6.333288873e-06     1.051492607e+10     8.207286524e+27     32.36889917         79.9357065          0.0
6.43799095e-06      1.068891226e+10     8.382451257e+27     32.38419246         80.02063281         0.0
6.544423964e-06     1.086577692e+10     8.561273916e+27     32.39939974         80.10534068         0.0
6.652616532e-06     1.104556913e+10     8.743926789e+27     32.4217589          80.20796801         0.0
6.762597741e-06     1.122833767e+10     8.930470464e+27     32.45390409         80.33503815         0.0
6.874397162e-06     1.141412986e+10     9.120918963e+27     32.46895981         80.41966864         0.0
6.988044854e-06     1.160299807e+10     9.315505529e+27     32.48401613         80.50449669         0.0
7.103571372e-06     1.179499289e+10     9.514329882e+27     32.49907875         80.5895519          0.0
7.221007778e-06     1.199016461e+10     9.717330031e+27     32.51406803         80.67444835         0.0
7.340385644e-06     1.218856731e+10     9.924583491e+27     32.52898075         80.75916858         0.0
7.461737068e-06     1.239025384e+10     1.01362797e+28      32.55065095         80.86090332         0.0
7.585094677e-06     1.259527797e+10     1.035247641e+28     32.582697           80.98864447         0.0
7.710491637e-06     1.280369654e+10     1.057246809e+28     32.59580637         81.07349132         0.0
7.837961662e-06     1.301556408e+10     1.07976686e+28      32.60983738         81.15833154         0.0
7.967539024e-06     1.323093815e+10     1.102789821e+28     32.62740832         81.25121379         0.0
8.099258562e-06     1.344987742e+10     1.126213208e+28     32.65735829         81.37851736         0.0
8.233155691e-06     1.367244023e+10     1.150206025e+28     32.6753205          81.47260175         0.0
8.36926641e-06      1.389868738e+10     1.174742536e+28     32.68991908         81.55755711         0.0
8.507627315e-06     1.41286799e+10      1.199810035e+28     32.70451728         81.64269096         0.0
8.648275605e-06     1.436247823e+10     1.225283913e+28     32.7337237          81.76847506         0.0
8.791249096e-06     1.46001472e+10      1.251317145e+28     32.75378476         81.87177659         0.0
8.936586228e-06     1.484175075e+10     1.277919447e+28     32.76921519         81.96376829         0.0
9.084326077e-06     1.50873523e+10      1.305056952e+28     32.79873521         82.09102017         0.0
9.234508365e-06     1.53370184e+10      1.332778412e+28     32.81534267         82.1860369          0.0
9.387173469e-06     1.559081765e+10     1.361105357e+28     32.82783929         82.27100864         0.0
9.542362437e-06     1.584881869e+10     1.390042406e+28     32.84031503         82.35611224         0.0
9.700116992e-06     1.611109033e+10     1.419546471e+28     32.86869452         82.48098886         0.0
9.860479549e-06     1.637770344e+10     1.449699934e+28     32.88874656         82.58521239         0.0
1.002349322e-05     1.664872992e+10     1.48051331e+28      32.90346756         82.67631571         0.0
1.018920184e-05     1.692424204e+10     1.511943558e+28     32.93256158         82.80352996         0.0
1.035764996e-05     1.720431103e+10     1.543955347e+28     32.96024678         82.9306609          0.0
1.052888287e-05     1.748901986e+10     1.576673013e+28     32.98248441         83.04405943         0.0
1.07029466e-05      1.777845131e+10     1.610180149e+28     32.99459598         83.12913585         0.0
1.087988796e-05     1.807265799e+10     1.644241021e+28     33.02050693         83.25311208         0.0
1.105975452e-05     1.837174352e+10     1.679102544e+28     33.0396631          83.35826012         0.0
1.124259464e-05     1.867578718e+10     1.714769929e+28     33.05343826         83.44847588         0.0
1.142845747e-05     1.898484676e+10     1.751036473e+28     33.08026611         83.57564144         0.0
1.161739299e-05     1.929902536e+10     1.788068413e+28     33.10702198         83.70279111         0.0
1.1809452e-05       1.961841132e+10     1.825947464e+28     33.12915324         83.81711242         0.0
1.200468613e-05     1.994309517e+10     1.864741356e+28     33.14089533         83.90215905         0.0
1.220314788e-05     2.027313277e+10     1.904180495e+28     33.16603896         84.02523304         0.0
1.24048906e-05      2.060863896e+10     1.94445489e+28      33.19257201         84.15256551         0.0
1.260996854e-05     2.094970556e+10     1.985600647e+28     33.21745622         84.27603165         0.0
1.281843683e-05     2.129640761e+10     2.027612483e+28     33.22710822         84.36076966         0.0
1.303035152e-05     2.164885781e+10     2.070493643e+28     33.24827391         84.4749188          0.0
1.324576959e-05     2.200714749e+10     2.11424435e+28      33.27405147         84.60243297         0.0
1.346474896e-05     2.237136893e+10     2.158805367e+28     33.29844577         84.72995104         0.0
1.36873485e-05      2.274161925e+10     2.204418776e+28     33.32427319         84.85696354         0.0
1.391362806e-05     2.311798897e+10     2.250954243e+28     33.34943734         84.98431369         0.0
1.414364847e-05     2.350058016e+10     2.298416921e+28     33.37379067         85.11199823         0.0
1.43774716e-05      2.388952887e+10     2.346998243e+28     33.39962123         85.2390723          0.0
1.461516029e-05     2.428491053e+10     2.396636799e+28     33.41427421         85.33780121         0.0
1.485677845e-05     2.468683697e+10     2.447298059e+28     33.42739539         85.4341892          0.0
1.510239106e-05     2.509542146e+10     2.498859425e+28     33.45126992         85.56166851         0.0
1.535206413e-05     2.551075343e+10     2.551480706e+28     33.47496391         85.68869036         0.0
1.560586481e-05     2.593296923e+10     2.605232281e+28     33.49865718         85.81605521         0.0
1.586386132e-05     2.636218678e+10     2.66013797e+28      33.52234905         85.94376249         0.0
1.612612304e-05     2.679849568e+10     2.716150636e+28     33.54581544         86.07079784         0.0
1.639272048e-05     2.724203779e+10     2.773348056e+28     33.56924178         86.19800317         0.0
1.666372531e-05     2.769292431e+10     2.831771756e+28     33.59266575         86.32554859         0.0
1.69392104e-05      2.815125969e+10     2.891420855e+28     33.61598846         86.4529828          0.0
1.721924982e-05     2.861719959e+10     2.952294799e+28     33.63914699         86.58002544         0.0
1.750391885e-05     2.909085769e+10     3.014359042e+28     33.66867448         86.72595174         0.0
1.779329404e-05     2.957235767e+10     3.077610582e+28     33.70593828         86.89474437         0.0
1.808745319e-05     3.006180713e+10     3.142382912e+28     33.72883003         87.02172664         0.0
1.838647538e-05     3.055937372e+10     3.208541163e+28     33.75169674         87.14894805         0.0
1.869044101e-05     3.106518478e+10     3.276067571e+28     33.7741342          87.27651236         0.0
1.899943181e-05     3.157936084e+10     3.344807498e+28     33.79499014         87.40390143         0.0
1.931353086e-05     3.210204349e+10     3.415163458e+28     33.81724924         87.53096155         0.0
1.963282259e-05     3.263339005e+10     3.486963075e+28     33.8390507          87.65836642         0.0
1.995739287e-05     3.317354952e+10     3.560143532e+28     33.85996409         87.78672836         0.0
2.028732894e-05     3.372263057e+10     3.634735858e+28     33.89670088         87.95597713         0.0
2.062271953e-05     3.428081114e+10     3.710950073e+28     33.92352652         88.09989849         0.0
2.096365481e-05     3.484823866e+10     3.788814493e+28     33.94390388         88.22748489         0.0
2.131022643e-05     3.542505563e+10     3.868286033e+28     33.96415269         88.35482322         0.0
2.166252758e-05     3.60114137e+10      3.949338261e+28     33.99726178         88.51576342         0.0
2.202065299e-05     3.66074881e+10      4.03213417e+28      34.0272333          88.66892883         0.0
2.238469893e-05     3.721344689e+10     4.116739813e+28     34.04729312         88.79666889         0.0
2.275476328e-05     3.782941624e+10     4.203027246e+28     34.06710445         88.92358962         0.0
2.313094555e-05     3.84555942e+10      4.290927281e+28     34.09526688         89.07567952         0.0
2.351334688e-05     3.909214538e+10     4.380608009e+28     34.12676222         89.23805877         0.0
2.390207007e-05     3.973922356e+10     4.472458291e+28     34.14637981         89.36535273         0.0
2.429721964e-05     4.039702195e+10     4.565891862e+28     34.17693921         89.52540161         0.0
2.469890183e-05     4.106572277e+10     4.661247785e+28     34.20463212         89.67949621         0.0
2.510722465e-05     4.174550929e+10     4.758665775e+28     34.22209868         89.80719127         0.0
2.552229786e-05     4.243651622e+10     4.857936817e+28     34.25498272         89.97522524         0.0
2.594423308e-05     4.313897467e+10     4.959571739e+28     34.28033041         90.12100847         0.0
2.637314373e-05     4.385307414e+10     5.063439899e+28     34.30142581         90.2554809          0.0
2.680914515e-05     4.457899877e+10     5.168723661e+28     34.33258916         90.42515048         0.0
2.725235456e-05     4.53169355e+10      5.276458163e+28     34.36506897         90.59463999         0.0
2.770289111e-05     4.606709654e+10     5.386605813e+28     34.39236214         90.74966273         0.0
2.816087594e-05     4.6829691e+10       5.499137147e+28     34.40913173         90.87731225         0.0
2.862643219e-05     4.760490148e+10     5.613836996e+28     34.44089461         91.04445154         0.0
2.909968502e-05     4.839295316e+10     5.730727216e+28     34.47238422         91.21418205         0.0
2.958076169e-05     4.919405841e+10     5.849964305e+28     34.50098279         91.37841245         0.0
3.006979152e-05     5.000842366e+10     5.972082653e+28     34.51728311         91.50561584         0.0
3.0566906e-05       5.0836272e+10       6.096669678e+28     34.54520915         91.66388152         0.0
3.107223879e-05     5.167783177e+10     6.223718079e+28     34.57671074         91.83385134         0.0
3.158592576e-05     5.253333062e+10     6.353095353e+28     34.60679102         92.00399325         0.0
3.210810501e-05     5.340298535e+10     6.485070878e+28     34.63656533         92.17329036         0.0
3.263891694e-05     5.428686648e+10     6.608628585e+28     34.66631296         92.34304516         0.0
3.317850427e-05     5.518525738e+10     6.726692338e+28     34.69603162         92.51325405         0.0
3.372701206e-05     5.609881432e+10     6.866234688e+28     34.72548043         92.68280356         0.0
3.42845878e-05      5.702751592e+10     7.008660798e+28     34.75480483         92.85233626         0.0
3.485138139e-05     5.797160759e+10     7.15409304e+28      34.78410314         93.02232488         0.0
3.542754523e-05     5.893133719e+10     7.302546707e+28     34.81329266         93.19240967         0.0
3.601323422e-05     5.990694421e+10     7.453450477e+28     34.84036396         93.3617308          0.0
3.660860584e-05     6.089871285e+10     7.607763757e+28     34.86822219         93.53150945         0.0
3.721382015e-05     6.190691162e+10     7.765622821e+28     34.89706284         93.70174247         0.0
3.782903988e-05     6.293179541e+10     7.926635153e+28     34.92562536         93.87123322         0.0
3.845443044e-05     6.397366192e+10     8.090554737e+28     34.9526617          94.0407961          0.0
3.909015997e-05     6.503278666e+10     8.257728148e+28     34.97902988         94.21081167         0.0
3.973639939e-05     6.610944291e+10     8.428347265e+28     35.00526891         94.38082738         0.0
4.039332246e-05     6.720393432e+10     8.602955531e+28     35.03305507         94.55017249         0.0
4.106110579e-05     6.831655541e+10     8.780615901e+28     35.06658207         94.7402704          0.0
4.173992894e-05     6.944760518e+10     8.961289317e+28     35.10510306         94.94984026         0.0
4.24299744e-05      7.059737901e+10     9.146293945e+28     35.13067048         95.11926564         0.0
4.313142772e-05     7.176620442e+10     9.33513085e+28      35.1561384          95.28885025         0.0
4.384447747e-05     7.295438936e+10     9.52789657e+28      35.18572537         95.47020048         0.0
4.456931538e-05     7.416223513e+10     9.724514165e+28     35.22663866         95.68265887         0.0
4.530613633e-05     7.539009554e+10     9.925186903e+28     35.25378189         95.85782945         0.0
4.605513841e-05     7.66382962e+10      1.012973148e+29     35.27778882         96.02765237         0.0
4.681652302e-05     7.790717153e+10     1.033816481e+29     35.30158896         96.2002861          0.0
4.759049485e-05     7.919705654e+10     1.055131665e+29     35.34171006         96.41200416         0.0
4.837726201e-05     8.050831141e+10     1.076845659e+29     35.37031868         96.59652051         0.0
4.917703602e-05     8.184128773e+10     1.098986086e+29     35.39646556         96.77698699         0.0
4.999003191e-05     8.319633167e+10     1.121564789e+29     35.43415532         96.98937187         0.0
5.081646826e-05     8.457381179e+10     1.144608166e+29     35.45853213         97.16548982         0.0
5.165656728e-05     8.597411859e+10     1.168128242e+29     35.48712037         97.35382069         0.0
5.251055484e-05     8.739763321e+10     1.192130196e+29     35.52441955         97.56669621         0.0
5.337866054e-05     8.884470556e+10     1.216601531e+29     35.56127206         97.77833439         0.0
5.426111778e-05     9.031575031e+10     1.241591113e+29     35.58838773         97.9637914          0.0
5.515816383e-05     9.181116865e+10     1.26710498e+29      35.61312278         98.14338264         0.0
5.607003986e-05     9.333136361e+10     1.293121614e+29     35.64961736         98.35568639         0.0
5.699699105e-05     9.487672441e+10     1.319574154e+29     35.68407411         98.56746235         0.0
5.793926662e-05     9.64476813e+10      1.346579676e+29     35.71852953         98.77980578         0.0
5.88971199e-05      9.804465925e+10     1.37417876e+29      35.75354987         98.99271031         0.0
5.987080844e-05     9.966809448e+10     1.402314194e+29     35.78810164         99.20427401         0.0
6.086059402e-05     1.013184233e+11     1.430999419e+29     35.82192733         99.41634468         0.0
6.186674276e-05     1.029960932e+11     1.460258127e+29     35.85526448         99.62898464         0.0
6.288952518e-05     1.047015501e+11     1.490103577e+29     35.88833885         99.84122074         0.0
6.392921625e-05     1.064352497e+11     1.520546767e+29     35.92113235         100.0530052         0.0
6.498609553e-05     1.081976738e+11     1.551621723e+29     35.9538692          100.2653843         0.0
6.606044715e-05     1.099892996e+11     1.58334079e+29      35.98654671         100.4783373         0.0
6.715255998e-05     1.118105772e+11     1.615673491e+29     36.01872641         100.6898518         0.0
6.826272765e-05     1.136620287e+11     1.648599093e+29     36.04956292         100.9019376         0.0
6.939124863e-05     1.155441588e+11     1.682174663e+29     36.07981198         101.1145915         0.0
7.053842635e-05     1.174574795e+11     1.716531775e+29     36.11156831         101.3267313         0.0
7.170456923e-05     1.194024794e+11     1.751470073e+29     36.1413646          101.5385472         0.0
7.288999082e-05     1.213797065e+11     1.7871521e+29       36.17142023         101.7509595         0.0
7.409500982e-05     1.233896997e+11     1.823660366e+29     36.2027769          101.9638384         0.0
7.531995023e-05     1.254329657e+11     1.860707805e+29     36.24606895         102.216422          0.0
7.656514138e-05     1.275100905e+11     1.898528529e+29     36.28123074         102.4471014         0.0
7.783091805e-05     1.296216352e+11     1.937141102e+29     36.30971586         102.6597858         0.0
7.911762058e-05     1.317681529e+11     1.976517694e+29     36.33789014         102.871851          0.0
8.04255949e-05      1.339502246e+11     2.016662906e+29     36.37712195         103.1157305         0.0
8.175519268e-05     1.361684496e+11     2.057609692e+29     36.41432595         103.3558127         0.0
8.310677141e-05     1.384234228e+11     2.099356953e+29     36.44089328         103.568544          0.0
8.448069446e-05     1.407157519e+11     2.141883969e+29     36.48114418         103.8202443         0.0
8.587733125e-05     1.430460553e+11     2.18534804e+29      36.51464498         104.0518669         0.0
8.729705726e-05     1.454149657e+11     2.229733219e+29     36.54347025         104.2704864         0.0
8.874025422e-05     1.478231265e+11     2.274807285e+29     36.58281595         104.5249468         0.0
9.020731014e-05     1.502711793e+11     2.32078244e+29      36.62186689         104.779218          0.0
9.169861946e-05     1.527597939e+11     2.367699464e+29     36.66081309         105.0341527         0.0
9.321458315e-05     1.552896346e+11     2.415565988e+29     36.69957337         105.2893407         0.0
9.475560878e-05     1.578613792e+11     2.46438978e+29      36.7241801          105.5040564         0.0
9.632211068e-05     1.604757372e+11     2.514199596e+29     36.75526618         105.7383169         0.0
9.791451003e-05     1.631334152e+11     2.565014199e+29     36.7933684          105.9936728         0.0
9.953323496e-05     1.658351141e+11     2.616820762e+29     36.83099972         106.2479719         0.0
0.0001011787207     1.685815764e+11     2.669510743e+29     36.86674043         106.5022602         0.0
0.0001028514096     1.713735366e+11     2.723280858e+29     36.90241995         106.7572515         0.0
0.0001045517515     1.742117183e+11     2.778288435e+29     36.93949445         107.0124169         0.0
0.0001062802035     1.77097066e+11      2.834150955e+29     36.9739775          107.2663941         0.0
0.0001080372302     1.800301763e+11     2.891249375e+29     37.00928493         107.5210457         0.0
0.0001098233042     1.830118209e+11     2.949613077e+29     37.04542474         107.7763733         0.0
0.0001116389056     1.860428446e+11     3.008886005e+29     37.07898042         108.030586          0.0
0.0001134845225     1.891240762e+11     3.069343658e+29     37.11232116         108.2849547         0.0
0.0001153606513     1.922563484e+11     3.131020054e+29     37.14969064         108.5521579         0.0
0.0001172677962     1.95440476e+11      3.193899137e+29     37.19715834         108.8496679         0.0
0.0001192064701     1.986776031e+11     3.258035121e+29     37.23132507         109.1086226         0.0
0.0001211771942     2.019682532e+11     3.323344844e+29     37.26254953         109.3633423         0.0
0.0001231804984     2.053132758e+11     3.389847152e+29     37.29366752         109.6219622         0.0
0.0001252169212     2.087139356e+11     3.457854772e+29     37.33977516         109.9184431         0.0
0.0001272870102     2.121707812e+11     3.52705703e+29      37.37444258         110.1868518         0.0
0.000129391322      2.156848931e+11     3.597565052e+29     37.40720125         110.4531381         0.0
0.0001315304223     2.192573985e+11     3.669434714e+29     37.45023947         110.7505463         0.0
0.0001337048863     2.228889434e+11     3.743004e+29        37.48253914         111.01051           0.0
0.0001359152985     2.265807493e+11     3.817946875e+29     37.51844916         111.2846            0.0
0.0001381622534     2.303338451e+11     3.894204029e+29     37.55993546         111.5802743         0.0
0.0001404463549     2.341488209e+11     3.971961934e+29     37.58734084         111.8343002         0.0
0.0001427682173     2.380271463e+11     4.05124532e+29      37.62375088         112.1161754         0.0
0.0001451284647     2.419698409e+11     4.132027802e+29     37.66445628         112.4138245         0.0
0.0001475277318     2.45977916e+11      4.214128473e+29     37.70292703         112.7111318         0.0
0.0001499666637     2.500522444e+11     4.298115398e+29     37.74295662         113.0075497         0.0
0.000152445916      2.541940586e+11     4.383689145e+29     37.78216793         113.3047937         0.0
0.0001549661554     2.58404507e+11      4.47076714e+29      37.81983842         113.6028668         0.0
0.0001575280595     2.626848901e+11     4.559494714e+29     37.85683051         113.8991376         0.0
0.000160132317      2.670361237e+11     4.650241437e+29     37.89516421         114.1959778         0.0
0.0001627796281     2.714594211e+11     4.742875017e+29     37.93371472         114.4936269         0.0
0.0001654707047     2.759559997e+11     4.836995879e+29     37.96994163         114.7908941         0.0
0.0001682062702     2.8052708e+11       4.932928505e+29     38.00569668         115.0873657         0.0
0.0001709870601     2.851739389e+11     5.030787444e+29     38.04127627         115.3846235         0.0
0.0001738138221     2.898978372e+11     5.130608408e+29     38.07681292         115.683173          0.0
0.0001766873162     2.94700015e+11      5.23179116e+29      38.1229566          116.0217197         0.0
0.000179608315      2.995817654e+11     5.335302806e+29     38.16199955         116.3354224         0.0
0.0001825776038     3.045444136e+11     5.441000224e+29     38.19580706         116.6330958         0.0
0.0001855959809     3.095892647e+11     5.548360941e+29     38.22717005         116.9301908         0.0
0.0001886642579     3.147177171e+11     5.657724048e+29     38.26910848         117.2604902         0.0
0.0001917832598     3.199312029e+11     5.769476515e+29     38.30926301         117.5836903         0.0
0.000194953825      3.252311383e+11     5.883816459e+29     38.34230661         117.8817166         0.0
0.0001981768061     3.306188064e+11     5.999707212e+29     38.38574952         118.219737          0.0
0.0002014530697     3.360957934e+11     6.117938913e+29     38.42111623         118.5344103         0.0
0.0002047834964     3.416635883e+11     6.238488949e+29     38.45276096         118.839826          0.0
0.0002081689819     3.473236757e+11     6.361049319e+29     38.49410292         119.1792431         0.0
0.0002116104363     3.530774401e+11     6.485973804e+29     38.53495903         119.5181521         0.0
0.0002151087849     3.589265682e+11     6.613483866e+29     38.57609175         119.8579971         0.0
0.0002186649683     3.648726799e+11     6.743695962e+29     38.61780023         120.1985481         0.0
0.0002222799425     3.709173642e+11     6.875750656e+29     38.65619146         120.5370291         0.0
0.0002259546797     3.770622106e+11     7.010386886e+29     38.69426788         120.8764182         0.0
0.0002296901676     3.833088826e+11     7.147728333e+29     38.73232183         121.2167244         0.0
0.0002334874108     3.89659028e+11      7.287955051e+29     38.77092824         121.5560931         0.0
0.00023734743       3.961144433e+11     7.430882944e+29     38.8090667          121.8950688         0.0
0.0002412712632     4.026768898e+11     7.576520536e+29     38.84652051         122.2349622         0.0
0.0002452599652     4.093481169e+11     7.724787738e+29     38.88281897         122.5753968         0.0
0.0002493146086     4.161300388e+11     7.737131828e+29     38.87764248         122.5702747         0.0150462052
0.0002534362835     4.230242274e+11     7.774022159e+29     38.88294376         122.6447047         0.02727403433
0.0002576260979     4.300325214e+11     7.838974889e+29     38.89896784         122.7994877         0.03646904275
0.0002618851785     4.371567121e+11     7.899098355e+29     38.91334045         122.9257548         0.04628990855
0.0002662146703     4.443988707e+11     7.960700885e+29     38.92784904         123.0525819         0.0559562034
0.0002706157373     4.517609194e+11     8.022361453e+29     38.94226629         123.1839206         0.06557727312
0.0002750895629     4.592447147e+11     8.083338604e+29     38.95632081         123.3235002         0.07517422914
0.0002796373499     4.668523266e+11     8.141754139e+29     38.96923205         123.4466944         0.08505769565
0.000284260321      4.745858875e+11     8.199140134e+29     38.98180954         123.5611247         0.09507343069
0.0002889597191     4.824474843e+11     8.256253776e+29     38.99425561         123.6704817         0.1051276149
0.0002937368079     4.904391624e+11     8.317707089e+29     39.00739135         123.793932          0.114675403
0.0002985928715     4.985629041e+11     8.37974826e+29      39.02035787         123.9170258         0.1241500499
0.0003035292157     5.068211396e+11     8.440536841e+29     39.03289129         124.0348971         0.1337444507
0.0003085471677     5.152162175e+11     8.498325533e+29     39.04452519         124.140545          0.1436253534
0.0003136480766     5.237499129e+11     8.562189928e+29     39.05718107         124.2617003         0.1528791533
0.0003188333138     5.324248929e+11     8.624446028e+29     39.06932291         124.3760515         0.162286888
0.0003241042735     5.412435134e+11     8.684689999e+29     39.08087891         124.481915          0.1718828446
0.0003294623728     5.502079183e+11     8.748776211e+29     39.09291074         124.5891139         0.1811377636
0.0003349090523     5.593206042e+11     8.814040238e+29     39.10496333         124.7060616         0.1902147656
0.0003404457764     5.685841688e+11     8.879082595e+29     39.11682581         124.8230914         0.1992929036
0.0003460740338     5.78001156e+11      8.942718734e+29     39.12811166         124.9284871         0.20852027
0.0003517953377     5.875737493e+11     9.013210088e+29     39.14057217         125.0497536         0.2171299431
0.0003576112263     5.973047669e+11     9.082377616e+29     39.15256015         125.1648697         0.2258646347
0.0003635232633     6.071968415e+11     9.149140099e+29     39.16384237         125.2707272         0.2348100847
0.0003695330383     6.172524741e+11     9.21813152e+29      39.17511635         125.3763963         0.2435643252
0.000375642167      6.274745031e+11     9.291661365e+29     39.18724188         125.494269          0.2519337973
0.0003818522919     6.378657461e+11     9.366360799e+29     39.19946967         125.6137599         0.2602187024
0.0003881650828     6.484289497e+11     9.438223198e+29     39.21071038         125.7199034         0.2687502799
0.0003945822368     6.591666564e+11     9.514564903e+29     39.22254204         125.8278197         0.276965346
0.0004011054794     6.700821294e+11     9.592045884e+29     39.23441407         125.9425512         0.2850704307
0.0004077365645     6.811783595e+11     9.670082611e+29     39.24617523         126.0642129         0.2931010087
0.0004144772747     6.924581503e+11     9.747923884e+29     39.25735362         126.1704123         0.3012089008
0.0004213294225     7.039245232e+11     9.83062625e+29      39.2694027          126.2887562         0.3089612339
0.0004282948502     7.155806663e+11     9.915097057e+29     39.281627           126.4095779         0.3166088961
0.0004353754305     7.274297291e+11     9.996844516e+29     39.29281529         126.5163963         0.3244890961
0.0004425730672     7.394745505e+11     1.008545934e+30     39.30507907         126.6385081         0.3318849211
0.0004498896953     7.517187581e+11     1.017380245e+30     39.31704374         126.756137          0.3393401197
0.0004573272821     7.641657145e+11     1.026024855e+30     39.32836009         126.8643634         0.3469680618
0.0004648878272     7.768184857e+11     1.035469504e+30     39.34078353         126.9896991         0.3540535855
0.0004725733635     7.896806407e+11     1.044756967e+30     39.35256709         127.1043559         0.3613040139
0.0004803859572     8.027556723e+11     1.054087895e+30     39.36419148         127.2166135         0.3685668114
0.0004883277089     8.160469933e+11     1.063982455e+30     39.3765399          127.3424141         0.3754725515
0.0004964007538     8.295582069e+11     1.074164474e+30     39.38901316         127.4686032         0.3822431964
0.0005046072624     8.432930147e+11     1.084282827e+30     39.40097656         127.5935011         0.3890830782
0.0005129494413     8.572550808e+11     1.094222361e+30     39.41215733         127.7160703         0.3960494392
0.0005214295332     8.714480445e+11     1.105004277e+30     39.42477723         127.8287965         0.4026688232
0.0005300498183     8.858759355e+11     1.115973939e+30     39.4373577          127.9503773         0.4091863054
0.000538812614      9.005426434e+11     1.127132244e+30     39.44993846         128.0780397         0.4156208917
0.0005477202766     9.154519717e+11     1.138564395e+30     39.46254697         128.2057894         0.421953749
0.0005567752008     9.306079146e+11     1.150220729e+30     39.47506424         128.3332901         0.4282138917
0.0005659798212     9.460147481e+11     1.162067867e+30     39.48760289         128.4612447         0.4344316796
0.0005753366126     9.616766448e+11     1.174133388e+30     39.50017951         128.5896822         0.4405960361
0.0005848480907     9.775972243e+11     1.186549722e+30     39.51269735         128.7175832         0.4466283767
0.0005945168128     9.937814501e+11     1.199173678e+30     39.52526371         128.8460404         0.452621057
0.0006043453784     1.010233656e+12     1.212013026e+30     39.53787628         128.9750421         0.4585731622
0.0006143364301     1.026958023e+12     1.225164941e+30     39.55046726         129.1039575         0.4644326577
0.0006244926541     1.04395902e+12      1.238621006e+30     39.56307275         129.2329596         0.4702101476
0.000634816781      1.061241435e+12     1.252303198e+30     39.57569043         129.3623891         0.4759529806
0.0006453115866     1.078809949e+12     1.266221941e+30     39.58827846         129.4920665         0.4816576542
0.0006559798926     1.09666889e+12      1.280592538e+30     39.60095031         129.6217391         0.4872195197
0.0006668245672     1.114823356e+12     1.295520708e+30     39.61442653         129.7544165         0.4926197399
0.0006778485263     1.133278284e+12     1.310877639e+30     39.62828816         129.8910698         0.4979088995
0.0006890547337     1.152038663e+12     1.326146983e+30     39.64075026         130.0355948         0.5032406868
0.0007004462024     1.171109386e+12     1.341740977e+30     39.65335051         130.1695552         0.5085646104
0.0007120259951     1.190495765e+12     1.357821629e+30     39.66646457         130.3071091         0.5137687645
0.0007237972253     1.210203016e+12     1.374619549e+30     39.68040779         130.4574421         0.5187294847
0.0007357630576     1.230236347e+12     1.391310678e+30     39.69334058         130.5901196         0.5238681609
0.0007479267094     1.250601118e+12     1.408606287e+30     39.70670832         130.7318742         0.5288312589
0.0007602914509     1.271302855e+12     1.426516087e+30     39.72052673         130.8824726         0.5336250108
0.0007728606067     1.292347229e+12     1.444861658e+30     39.73445105         131.0333494         0.5383421378
0.000785637556      1.313739841e+12     1.463168597e+30     39.74753779         131.1706514         0.5432137533
0.0007986257341     1.3354865e+12       1.481857108e+30     39.76071715         131.3095503         0.5480405066
0.0008118286331     1.357592938e+12     1.501355102e+30     39.77466472         131.4614718         0.5526316215
0.0008252498028     1.380065177e+12     1.521385259e+30     39.7886668          131.6133734         0.5571272534
0.0008388928515     1.402909397e+12     1.541803171e+30     39.80268522         131.7658184         0.5615971085
0.0008527614474     1.426131739e+12     1.562616805e+30     39.81671184         131.918781          0.5660419251
0.0008668593192     1.449738226e+12     1.583941133e+30     39.83068567         132.071453          0.5704144399
0.0008811902574     1.473735442e+12     1.605747389e+30     39.84469211         132.2244813         0.5747367892
0.000895758115      1.498129872e+12     1.627996487e+30     39.85874361         132.3781527         0.5790310337
0.0009105668087     1.522927929e+12     1.650729275e+30     39.87278789         132.5320897         0.5832837144
0.0009256203201     1.548136244e+12     1.674063001e+30     39.88684928         132.6859275         0.587453387
0.0009409226966     1.573761817e+12     1.698167376e+30     39.90149515         132.8498381         0.5914745437
0.0009564780522     1.599811566e+12     1.723014296e+30     39.91662071         133.0222176         0.5953692722
0.0009722905693     1.626292396e+12     1.747896264e+30     39.93062789         133.1767558         0.599428639
0.0009883644994     1.653211488e+12     1.773356013e+30     39.94471595         133.331862          0.6034405225
0.001004704164      1.680576139e+12     1.799530717e+30     39.959186           133.493161          0.607355804
0.001021313956      1.708393554e+12     1.826741335e+30     39.97444128         133.6685076         0.6110563642
0.001038198342      1.736670875e+12     1.854224367e+30     39.98903632         133.8278478         0.6148616493
0.001055361861      1.765416679e+12     1.882354238e+30     40.00370487         133.9934999         0.6186037981
0.001072809128      1.794638847e+12     1.911233668e+30     40.01858717         134.1686501         0.6222489188
0.001090544833      1.824344655e+12     1.940996143e+30     40.03397635         134.3453037         0.625783417
0.001108573745      1.854541937e+12     1.971424885e+30     40.0491483          134.5216634         0.6292853781
0.001126900712      1.885238545e+12     2.002503933e+30     40.06428269         134.698518          0.6327664401
0.00114553066       1.916441869e+12     2.034283334e+30     40.07951833         134.8760072         0.6362114716
0.001164468599      1.948162916e+12     2.066854336e+30     40.0947912          135.0535681         0.6395980745
0.001183719621      1.98040993e+12      2.100110666e+30     40.11005715         135.2317215         0.6429696791
0.001203288901      2.013191409e+12     2.134064471e+30     40.12529243         135.4103932         0.6463274867
0.001223181701      2.046512843e+12     2.168900932e+30     40.14053203         135.5888282         0.64961405
0.001243403369      2.080386439e+12     2.204488524e+30     40.15573946         135.7676741         0.6528819913
0.001263959342      2.114821057e+12     2.241003283e+30     40.17123894         135.9520031         0.6560803304
0.001284855147      2.149825321e+12     2.278894528e+30     40.18761046         136.1516622         0.6590694993
0.001306096401      2.185409329e+12     2.317124258e+30     40.20301633         136.3346885         0.6621984527
0.001327688817      2.221582757e+12     2.356373534e+30     40.21876491         136.5238899         0.6652522281
0.001349638199      2.258355322e+12     2.39686551e+30      40.23515725         136.724671          0.6681705469
0.001371950449      2.295735429e+12     2.437686896e+30     40.25037023         136.9054641         0.6712424142
0.001394631565      2.333733829e+12     2.479813894e+30     40.2662056          137.0990655         0.6741692253
0.001417687646      2.372361313e+12     2.523130001e+30     40.2824751          137.3009815         0.6770018023
0.001441124891      2.411629284e+12     2.567492291e+30     40.29883394         137.5034271         0.6797936168
0.001464949601      2.451548325e+12     2.612834783e+30     40.31496678         137.7052695         0.6825631346
0.001489168181      2.492127633e+12     2.659192232e+30     40.3311426          137.9080068         0.6853168811
0.001513787144      2.533377415e+12     2.70661715e+30      40.34742313         138.1118396         0.6880491047
0.001538813108      2.575308776e+12     2.755262458e+30     40.36372095         138.3154205         0.690716845
0.001564252801      2.617936018e+12     2.804957003e+30     40.37995778         138.5195128         0.6933797356
0.001590113065      2.661269746e+12     2.855743631e+30     40.39617809         138.7243091         0.6960343367
0.001616400851      2.705319009e+12     2.907743114e+30     40.41239618         138.9293163         0.6986521884
0.001643123227      2.750097793e+12     2.961499107e+30     40.42934            139.1502339         0.7010878478
0.001670287377      2.795618352e+12     3.016333898e+30     40.44610776         139.3683238         0.7035481372
0.001697900607      2.841893007e+12     3.071964606e+30     40.46225459         139.5748319         0.7061156232
0.001725970339      2.888932919e+12     3.129604585e+30     40.47916954         139.8002228         0.7084552936
0.00175450412       2.936752271e+12     3.188218179e+30     40.49571263         140.0156691         0.7108779052
0.001783509622      2.985363632e+12     3.248014193e+30     40.51211211         140.2273706         0.7133297978
0.001812994644      3.034778633e+12     3.30971478e+30      40.52904395         140.4549395         0.7156138983
0.001842967114      3.085011808e+12     3.372860487e+30     40.54596247         140.6828453         0.7178721603
0.001873435088      3.136076585e+12     3.437451731e+30     40.56292279         140.9118198         0.720118668
0.00190440676       3.18798647e+12      3.503533106e+30     40.57990325         141.141676          0.7223501586
0.001935890457      3.240756329e+12     3.571206946e+30     40.59680539         141.3710158         0.7245394727
0.001967894642      3.294400711e+12     3.640767292e+30     40.61413481         141.6123728         0.7266297645
0.002000427922      3.348933637e+12     3.712101642e+30     40.63169312         141.8604245         0.7286642847
0.002033499042      3.40436753e+12      3.78457734e+30      40.64855226         142.0916861         0.7308064865
0.002067116895      3.460719809e+12     3.858699872e+30     40.6652721          142.3228934         0.7329346469
0.002101290519      3.51800509e+12      3.934745407e+30     40.68227174         142.5620462         0.7349981845
0.002136029102      3.576238172e+12     4.013003239e+30     40.69981807         142.8153082         0.7369389125
0.002171341984      3.635435763e+12     4.093087887e+30     40.71720574         143.0678859         0.738849445
0.00220723866       3.695614315e+12     4.174596336e+30     40.73362256         143.31813           0.7408189913
0.00224372878       3.756789725e+12     4.257735906e+30     40.74959148         143.5655068         0.7428260406
0.002280822156      3.818976165e+12     4.343624655e+30     40.76797435         143.8062898         0.7447275564
0.00231852876       3.882193099e+12     4.431403259e+30     40.78550641         144.0574913         0.746589441
0.002356858731      3.946457075e+12     4.521378614e+30     40.8029764          144.3201126         0.7483858699
0.002395822374      4.011784771e+12     4.613883921e+30     40.82088909         144.5971908         0.7500672006
0.002435430164      4.078195129e+12     4.707919814e+30     40.8379771          144.8549136         0.7518631158
0.002475692752      4.145705214e+12     4.80410026e+30      40.85507187         145.1123995         0.7536605495
0.002516620961      4.214332923e+12     4.902597917e+30     40.87228213         145.3734662         0.7554318605
0.002558225797      4.284094961e+12     5.003910886e+30     40.88979899         145.6517088         0.7570556885
0.002600518444      4.355013091e+12     5.107130775e+30     40.9068625          145.9163341         0.7587671516
0.002643510275      4.42710644e+12      5.212743001e+30     40.92392409         146.1823513         0.7604712777
0.002687212848      4.500394345e+12     5.321243325e+30     40.94131593         146.4630401         0.7620651893
0.002731637912      4.574893844e+12     5.432250301e+30     40.95855962         146.7433382         0.7636366049
0.002776797413      4.650627863e+12     5.54583437e+30      40.97580174         147.0249068         0.7652017346
0.002822703492      4.727617009e+12     5.662056974e+30     40.99303284         147.3077142         0.7667607861
0.002869368491      4.805879829e+12     5.780933461e+30     41.01003062         147.5897699         0.7683009244
0.002916804956      4.885439596e+12     5.902570991e+30     41.02697958         147.872617          0.7698298532
0.002965025643      4.966317192e+12     6.02721174e+30      41.04405635         148.1625035         0.7713150665
0.003014043515      5.048533282e+12     6.155187952e+30     41.06140942         148.4676218         0.7726924186
0.003063871752      5.132111584e+12     6.285550181e+30     41.07816463         148.7544584         0.7741683751
0.00311452375       5.21707323e+12      6.419148041e+30     41.09502891         149.0496673         0.7755939252
0.003166013128      5.303441013e+12     6.556176738e+30     41.11207446         149.3568502         0.7769457891
0.00321835373       5.391241081e+12     6.696289188e+30     41.12881029         149.6630391         0.7782832816
0.003271559628      5.480495387e+12     6.839407777e+30     41.14564162         149.9581111         0.7796777243
0.003325645127      5.571227622e+12     6.985831201e+30     41.16218385         150.2571392         0.7810600619
0.003380624768      5.663460915e+12     7.135918425e+30     41.17765645         150.5813959         0.7823168611
0.003436513335      5.757223009e+12     7.289773972e+30     41.19468023         150.8953649         0.7835644955
0.003493325852      5.852538906e+12     7.447077615e+30     41.21151439         151.207457          0.7848307428
0.003551077596      5.949434074e+12     7.607804214e+30     41.22776466         151.5189466         0.786119781
0.003609784092      6.047931116e+12     7.772093954e+30     41.24363604         151.8290049         0.7873981182
0.003669461126      6.148061525e+12     7.940608277e+30     41.25964814         152.1534912         0.7885877293
0.003730124741      6.249851346e+12     8.113286676e+30     41.2757373          152.4869072         0.7897265759
0.003791791249      6.353325794e+12     8.289936624e+30     41.29171192         152.8208848         0.7908532726
0.003854477229      6.458513918e+12     8.470033222e+30     41.30715919         153.1370406         0.7920753372
0.003918199535      6.565444495e+12     8.654455333e+30     41.32256179         153.4599385         0.7932633442
0.0039829753        6.674146379e+12     8.843513974e+30     41.33800983         153.7959775         0.7943787211
0.004048821939      6.784649518e+12     9.036788853e+30     41.35312606         154.1307813         0.7954786002
0.004115757157      6.896983199e+12     9.235034978e+30     41.36843753         154.4812377         0.7965014896
0.004183798949      7.011176429e+12     9.437817225e+30     41.38314784         154.8377719         0.7974846605
0.004252965609      7.127262802e+12     9.644560383e+30     41.39794067         155.1675587         0.7986100773
0.004323275734      7.245271906e+12     9.85684627e+30      41.41258412         155.5264881         0.7995677803
0.004394748228      7.3652349e+12       1.007316847e+31     41.4270282          155.8574287         0.8006794124
0.004467402307      7.487184697e+12     1.029504232e+31     41.44079438         156.2157851         0.8016457883
0.004541257504      7.611155366e+12     1.052216995e+31     41.45485431         156.5765954         0.8025860714
0.004616333678      7.737181125e+12     1.075438669e+31     41.46844731         156.9371224         0.8035302997
0.004692651012      7.865293204e+12     1.099194472e+31     41.48196208         157.2987166         0.8044637097
0.004770230027      7.995527415e+12     1.12348555e+31      41.49509583         157.6603663         0.8053970123
0.004849091579      8.127920779e+12     1.148327182e+31     41.50799297         158.0224997         0.8063273358
0.004929256873      8.262506929e+12     1.173739043e+31     41.52091465         158.3862061         0.8072471841
0.00501074746       8.399322512e+12     1.199803819e+31     41.53501838         158.7558623         0.8080934723
0.005093585253      8.538403952e+12     1.226378822e+31     41.5451158          159.1413959         0.8089249117
0.005177792521      8.67979144e+12      1.253564919e+31     41.55717451         159.5062623         0.8098285776
0.005263391906      8.823518251e+12     1.281434135e+31     41.56851517         159.8998478         0.8105828634
0.005350406422      8.969628803e+12     1.309865524e+31     41.57992276         160.2652488         0.8114789276
0.005438859464      9.118159919e+12     1.339007379e+31     41.59054936         160.6594313         0.8122274166
0.005528774814      9.269152647e+12     1.368808965e+31     41.60086927         161.05417           0.8129710085
0.005620176646      9.422646454e+12     1.399216016e+31     41.61148583         161.4211982         0.8138545479
0.005713089535      9.578682708e+12     1.430380014e+31     41.62123318         161.8170562         0.8145880624
0.005807538463      9.737304909e+12     1.462239936e+31     41.6304569          162.2126934         0.8153251632
0.005903548822      9.898555969e+12     1.494825865e+31     41.63954652         162.6094579         0.8160502931
0.006001146427      1.006247659e+13     1.528135656e+31     41.64777373         163.0083277         0.816771171
0.006100357518      1.022911678e+13     1.562205411e+31     41.65638816         163.403191          0.8175004493
0.006201208769      1.039851534e+13     1.597054732e+31     41.66413497         163.8075733         0.8181845993
0.006303727294      1.057072392e+13     1.632703643e+31     41.67066324         164.2255586         0.8188052646
0.006407940659      1.074578334e+13     1.669134988e+31     41.67816625         164.6251352         0.8195051233
0.006513876881      1.092374423e+13     1.706420621e+31     41.68390021         165.0489392         0.8200904514
0.006621564444      1.110465476e+13     1.744491742e+31     41.69007728         165.44962           0.8207878695
0.006731032299      1.128856174e+13     1.783477536e+31     41.69504546         165.8769955         0.8213517049
0.00684230988       1.147551877e+13     1.82333527e+31      41.70194859         166.2817752         0.822003157
0.006955427104      1.166557355e+13     1.864012569e+31     41.70389872         166.7064215         0.8226012518
0.007070414385      1.185877564e+13     1.905637691e+31     41.70723702         167.128166          0.8231961717
0.007187302638      1.205518048e+13     1.948242352e+31     41.71042735         167.55671           0.8237372986
0.00730612329       1.225484105e+13     1.991768526e+31     41.71303615         167.9798913         0.8243117922
0.007426908288      1.245781174e+13     2.036205962e+31     41.71352922         168.4069863         0.8248971441
0.007549690107      1.266414358e+13     2.081766331e+31     41.71585113         168.8372951         0.8254041991
0.007674501757      1.287389672e+13     2.128272297e+31     41.71647221         169.2651656         0.825950063
0.007801376797      1.308712563e+13     2.175810443e+31     41.71631596         169.693788          0.8264921568
0.007930349337      1.330388821e+13     2.224443945e+31     41.71523227         170.136831          0.8269569755
0.008061454055      1.352424292e+13     2.274130998e+31     41.71344601         170.5723576         0.8274601539
0.008194726199      1.374825054e+13     2.324936849e+31     41.71024746         171.0184834         0.8279097188
0.0083302016        1.397596964e+13     2.376864575e+31     41.70781667         171.4518445         0.8284135288
0.008467916685      1.420746546e+13     2.429957355e+31     41.70318492         171.9010473         0.8288411948
0.008607908478      1.444279658e+13     2.48422227e+31      41.69863873         172.3415978         0.8293029175
0.008750214619      1.4682028e+13       2.539684169e+31     41.69332647         172.7814151         0.8297670177
0.008894873368      1.492522693e+13     2.596366068e+31     41.68719983         173.2201125         0.8302335866
0.009041923619      1.517245415e+13     2.654333314e+31     41.67841768         173.6809618         0.8305888585
0.009191404908      1.542378035e+13     2.713562895e+31     41.67069573         174.1225349         0.831030985
0.009343357425      1.567927412e+13     2.774093167e+31     41.66239933         174.5594861         0.8314924771
0.009497822025      1.593900101e+13     2.836000779e+31     41.65119624         175.0224839         0.8318195478
0.009654840237      1.620303353e+13     2.899249839e+31     41.63859058         175.4823313         0.8321603157
0.009814454278      1.647144415e+13     2.963888751e+31     41.62806065         175.9173564         0.832613944
0.009976707061      1.674430247e+13     3.029973853e+31     41.61408714         176.3765975         0.8329414888
0.01014164221       1.702169075e+13     3.097516839e+31     41.59913111         176.8344798         0.8332709153
0.01030930407       1.730367174e+13     3.166543063e+31     41.58324894         177.2909884         0.8335987381
0.01047973773       1.759031288e+13     3.237098071e+31     41.56662214         177.7471462         0.8339193645
0.01065298899       1.788172382e+13     3.30918912e+31      41.54852611         178.1996489         0.8342531615
0.01082910445       1.817796223e+13     3.382886404e+31     41.52987291         178.6525322         0.8345735609
0.01100813145       1.847911962e+13     3.458191764e+31     41.50984641         179.1021716         0.8349045684
0.01119011814       1.878526534e+13     3.535149913e+31     41.48870054         179.5496887         0.8352354716
0.01137511343       1.909648475e+13     3.613833975e+31     41.46383875         180.0219142         0.8354296963
0.01156316706       1.94128608e+13      3.694222644e+31     41.44065842         180.4661358         0.8357553566
0.01175432961       1.973447047e+13     3.776392153e+31     41.4162818          180.9116419         0.8360630309
0.01194865245       2.006141647e+13     3.860356895e+31     41.38765104         181.3723778         0.8362799797
0.01214618785       2.039379976e+13     3.946181139e+31     41.35765373         181.8340089         0.836477958
0.01234698891       2.073169336e+13     4.033886767e+31     41.32972609         182.2684826         0.8368064155
0.01255110961       2.107518827e+13     4.123525626e+31     41.29711551         182.7244112         0.8370054604
0.01275860484       2.14243535e+13      4.215136535e+31     41.26307457         183.1770338         0.837204967
0.01296953039       2.177933305e+13     4.308812853e+31     41.23077127         183.6187804         0.8374460889
0.01318394297       2.21402011e+13      4.404524688e+31     41.19600951         184.0565325         0.8376941416
0.01340190022       2.250703754e+13     4.502256708e+31     41.1541811          184.5056301         0.8378572754
0.01362346074       2.287996756e+13     4.602126464e+31     41.11091229         184.9456391         0.8380499763
0.0138486841        2.325908187e+13     4.704376395e+31     41.07269649         185.3823496         0.8382434775
0.01407763087       2.364447022e+13     4.808789076e+31     41.02863044         185.8197849         0.8384073241
0.01431036258       2.403625571e+13     4.915524451e+31     40.98437519         186.2471808         0.8386059682
0.01454694183       2.443454318e+13     5.024663581e+31     40.93949016         186.6744754         0.8387825231
0.0147874322        2.483943274e+13     5.136101538e+31     40.88650928         187.107346          0.8388913851
0.01503189837       2.525103229e+13     5.250078829e+31     40.83694392         187.5213954         0.8390863388
0.01528040606       2.566946731e+13     5.366592078e+31     40.78561118         187.9308561         0.8392814168
0.01553302209       2.60948306e+13      5.485664527e+31     40.72846712         188.3529326         0.8393637195
0.01578981437       2.652726358e+13     5.607529149e+31     40.67544722         188.7655203         0.8394876538
0.01605085194       2.696685187e+13     5.73186285e+31      40.612679           189.1623321         0.8396429544
0.01631620499       2.741373939e+13     5.859060936e+31     40.54905936         189.5662558         0.8397246198
0.01658594487       2.786803366e+13     5.98912791e+31      40.48477331         189.964415          0.8398160174
0.01686014409       2.832986455e+13     6.122109056e+31     40.41908414         190.345275          0.8399556647
0.01713887638       2.879936998e+13     6.258099023e+31     40.35199884         190.7228448         0.8400866935
0.01742221668       2.927663704e+13     6.397110409e+31     40.2802795          191.1001091         0.8401649795
0.01771024116       2.976182949e+13     6.539251675e+31     40.20565796         191.4715306         0.8402313547
0.01800302728       3.025507292e+13     6.684623316e+31     40.13026394         191.8319482         0.840324615
0.01830065374       3.075649899e+13     6.83326609e+31      40.05025737         192.1885935         0.8403764144
0.01860320057       3.126623359e+13     6.985324092e+31     39.9709361          192.5301387         0.8404876888
0.01891074911       3.178443201e+13     7.140794119e+31     39.88542243         192.8710785         0.8405260753
0.01922338205       3.231122571e+13     7.299803482e+31     39.79614286         193.2059591         0.8405358574
0.01954118344       3.284674448e+13     7.462556509e+31     39.71106499         193.5177478         0.8406741261
0.01986423873       3.339116444e+13     7.628968264e+31     39.61684108         193.8336858         0.8406824237
0.02019263478       3.394461962e+13     7.799196464e+31     39.51950827         194.136668          0.8406997427
0.02052645989       3.450723621e+13     7.973404575e+31     39.42090499         194.4286239         0.8407309252
0.02086580379       3.507920842e+13     8.151714627e+31     39.32257216         194.7052005         0.8408138507
0.02121075774       3.566065764e+13     8.334169898e+31     39.21970352         194.9745784         0.8408577951
0.02156141448       3.625175172e+13     8.520850741e+31     39.11139379         195.2324484         0.8408752182
0.02191786828       3.685264227e+13     8.71193998e+31      39.00058705         195.4798605         0.8408848038
0.02228021498       3.746353251e+13     8.907547296e+31     38.8864036          195.7125073         0.8409035489
0.022648552         3.808453666e+13     9.107819544e+31     38.7696579          195.9338689         0.8409128622
0.02302297839       3.871585284e+13     9.312885975e+31     38.64987279         196.1418391         0.8409227529
0.02340359479       3.935763833e+13     9.522866897e+31     38.5266817          196.3340314         0.8409394839
0.02379050356       4.001008194e+13     9.737939055e+31     38.40061736         196.5132722         0.840950762
0.02418380871       4.067333932e+13     9.958232231e+31     38.27126876         196.6771256         0.8409640381
0.02458361599       4.134760932e+13     1.018391634e+32     38.1388147          196.8262308         0.8409764493
0.0249900329        4.203308017e+13     1.041515686e+32     38.00296581         196.9592006         0.8409889653
0.0254031687        4.272990215e+13     1.065212218e+32     37.86394783         197.0766115         0.8409993612
0.02582313447       4.343831561e+13     1.08950027e+32      37.72159542         197.1778126         0.8410091685
0.02625004312       4.415846595e+13     1.114386361e+32     37.57130378         197.2599418         0.8409666764
0.02668400944       4.489056245e+13     1.139901001e+32     37.4173776          197.3241302         0.8409231617
0.02712515009       4.563483887e+13     1.166073354e+32     37.26303122         197.3704246         0.8409179283
0.0275735837        4.639144044e+13     1.192919648e+32     37.10654692         197.3993862         0.8409275247
0.02802943082       4.716061186e+13     1.220460419e+32     36.94651823         197.4096764         0.8409353151
0.02849281401       4.794255279e+13     1.248719498e+32     36.78303469         197.4014958         0.8409390925
0.02896385787       4.873747154e+13     1.277719634e+32     36.61565649         197.3724077         0.8409466142
0.02944268903       4.954558642e+13     1.307489251e+32     36.44480524         197.3239464         0.8409493501
0.02992943624       5.036711732e+13     1.338052544e+32     36.26993099         197.2535077         0.8409569241
0.03042423037       5.120228461e+13     1.369441427e+32     36.09159394         197.1632256         0.8409567793
0.03092720445       5.205133489e+13     1.401683559e+32     35.90942708         197.0513159         0.8409567363
0.0314384937        5.291446376e+13     1.434810655e+32     35.7232391          196.9160849         0.8409563105
0.0319582356        5.379192439e+13     1.468866613e+32     35.53702798         196.764116          0.8409901403
0.03248656989       5.468395585e+13     1.503887204e+32     35.35083886         196.5965026         0.8410497731
0.03302363861       5.559080888e+13     1.539881855e+32     35.15516255         196.3964253         0.8410627967
0.03356958616       5.651271722e+13     1.57693837e+32      34.96721108         196.1937177         0.8411676668
0.03412455933       5.744994344e+13     1.615026286e+32     34.76237052         195.9448239         0.8411607198
0.03468870733       5.840271633e+13     1.654264877e+32     34.56732335         195.6966299         0.8412645593
0.03526218184       5.937133634e+13     1.694648228e+32     34.36364492         195.4158505         0.8413280688
0.03584513704       6.03560467e+13      1.736231483e+32     34.15500864         195.1093228         0.8413743066
0.03643772967       6.135710031e+13     1.779115281e+32     33.95760902         194.8099144         0.8415354761
0.03704011905       6.237479272e+13     1.823294745e+32     33.75311507         194.4853942         0.841622092
0.03765246715       6.340938655e+13     1.868814092e+32     33.53705364         194.1092421         0.8417316046
0.0382749386        6.446117588e+13     1.915793024e+32     33.32906739         193.7399301         0.8418866648
0.03890770077       6.553045919e+13     1.964254888e+32     33.11799366         193.3495161         0.8420318863
0.03955092377       6.661748036e+13     2.014320588e+32     32.91993637         192.9766146         0.8422841976
0.04020478055       6.772258268e+13     2.065950602e+32     32.7020154          192.5392715         0.842426242
0.04086944691       6.884604308e+13     2.119328678e+32     32.4977669          192.1232336         0.8426709271
0.04154510154       6.998820156e+13     2.174476264e+32     32.2907187          191.6872531         0.8429067175
0.04223192612       7.114957645e+13     2.205529444e+32     29.93437592         178.0587117         0.8522153595
0.04293010529       7.233052865e+13     2.211588711e+32     25.47092248         151.5087421         0.8704198509
0.04363982678       7.353116126e+13     2.216734608e+32     20.93367912         124.5198478         0.8889252993
0.0443612814        7.475180487e+13     2.220918246e+32     16.32142595         97.08477253         0.9077366802
0.04509466312       7.599279569e+13     2.224088801e+32     11.6329229          69.19613994         0.9268590513
0.04584016913       7.72544757e+13      2.226193448e+32     6.866909419         40.84645183         0.9462975538
0.04659799986       7.85371927e+13      2.22717728e+32      2.022104089         12.02808603         0.9660574142
0.04736835906       7.984033065e+13     2.260861099e+32     0.0                 0.0                 0.9741139933
0.04815145386       8.116446575e+13     2.319485485e+32     0.0                 0.0                 0.9737858229
0.0489474948        8.251059276e+13     2.380362519e+32     0.0                 0.0                 0.9734562906
0.04975669591       8.387908621e+13     2.443534016e+32     0.0                 0.0                 0.9731248598
0.05057927475       8.5270331e+13       2.508989343e+32     0.0                 0.0                 0.9727907922
0.05141545249       8.668470823e+13     2.576954839e+32     0.0                 0.0                 0.9724548569
0.05226545393       8.812257355e+13     2.647697293e+32     0.0                 0.0                 0.9721178226
0.05312950762       8.958434275e+13     2.721092988e+32     0.0                 0.0                 0.9717782499
0.05400784586       9.107041684e+13     2.797274942e+32     0.0                 0.0                 0.9714362397
0.05490070481       9.258120191e+13     2.876827365e+32     0.0                 0.0                 0.9710940069
0.05580832452       9.4117118e+13       2.959469836e+32     0.0                 0.0                 0.9707493418
0.05673094902       9.567858569e+13     3.04533752e+32      0.0                 0.0                 0.9704022375
0.05766882638       9.726602488e+13     3.135018982e+32     0.0                 0.0                 0.9700546061
0.05862220874       9.887987176e+13     3.228445455e+32     0.0                 0.0                 0.9697053021
0.05959135244       1.005205709e+14     3.325635596e+32     0.0                 0.0                 0.9693536703
0.06057651805       1.02188561e+14      3.427077634e+32     0.0                 0.0                 0.9690009404
0.06157797044       1.038843392e+14     3.53309387e+32      0.0                 0.0                 0.9686474866
0.06259597886       1.056083578e+14     3.643509305e+32     0.0                 0.0                 0.9682918289
0.06363081702       1.073610819e+14     3.758655965e+32     0.0                 0.0                 0.9679344294
0.06468276315       1.091429999e+14     3.879387506e+32     0.0                 0.0                 0.9675773237
0.06575210008       1.109545899e+14     4.005262876e+32     0.0                 0.0                 0.9672181588
0.06683911531       1.12796351e+14      4.136514103e+32     0.0                 0.0                 0.9668569415
0.0679441011        1.146688422e+14     4.274320591e+32     0.0                 0.0                 0.9664963557
0.06906735454       1.165725319e+14     4.418277497e+32     0.0                 0.0                 0.9661342419
0.07020917763       1.185079523e+14     4.568530097e+32     0.0                 0.0                 0.9657702155
0.07136987737       1.204756559e+14     4.726100899e+32     0.0                 0.0                 0.9654061793
0.07254976582       1.224762026e+14     4.891215923e+32     0.0                 0.0                 0.9650417042
0.07374916022       1.245101315e+14     5.06370549e+32      0.0                 0.0                 0.9646754682
0.07496838303       1.265780003e+14     5.24434439e+32      0.0                 0.0                 0.9643084885
0.07620776206       1.286804023e+14     5.43421666e+32      0.0                 0.0                 0.9639422519
0.07746763054       1.308179137e+14     5.63272831e+32      0.0                 0.0                 0.9635744211
0.07874832719       1.32991129e+14      5.840297558e+32     0.0                 0.0                 0.9632050579
0.08005019634       1.352006648e+14     6.059141835e+32     0.0                 0.0                 0.9628376904
0.08137358803       1.374471414e+14     6.288108574e+32     0.0                 0.0                 0.9624689034
0.08271885805       1.397311833e+14     6.527663973e+32     0.0                 0.0                 0.9620987178
0.08408636812       1.420534471e+14     6.779859728e+32     0.0                 0.0                 0.9617298801
0.08547648589       1.444145814e+14     7.044459571e+32     0.0                 0.0                 0.9613608021
0.08688958512       1.468152332e+14     7.321465985e+32     0.0                 0.0                 0.9609905091
0.08832604574       1.492560934e+14     7.612565157e+32     0.0                 0.0                 0.9606207521
0.08978625395       1.517378665e+14     7.918849581e+32     0.0                 0.0                 0.9602520588
0.09127060237       1.542612323e+14     8.239664093e+32     0.0                 0.0                 0.9598823405
0.09277949006       1.568269196e+14     8.576152787e+32     0.0                 0.0                 0.9595122828
0.09431332273       1.594356787e+14     8.93117913e+32      0.0                 0.0                 0.9591446714
0.09587251275       1.620882117e+14     9.303217555e+32     0.0                 0.0                 0.9587762283
0.09745747933       1.647852705e+14     9.693054916e+32     0.0                 0.0                 0.958406988
0.09906864862       1.675277098e+14     1.010465038e+33     0.0                 0.0                 0.9580406662
0.1007064538        1.703162269e+14     1.053655433e+33     0.0                 0.0                 0.9576742034
0.1023713352        1.731516275e+14     1.098929084e+33     0.0                 0.0                 0.9573071418
0.1040637405        1.760348795e+14     1.146628908e+33     0.0                 0.0                 0.9569420886
0.1057841246        1.789666249e+14     1.196812931e+33     0.0                 0.0                 0.9565783349
0.1075329502        1.81947632e+14      1.249354651e+33     0.0                 0.0                 0.9562134375
0.1093106874        1.84979039e+14      1.304712963e+33     0.0                 0.0                 0.9558507537
0.1111178142        1.880616179e+14     1.36293596e+33      0.0                 0.0                 0.9554893005
0.1129548165        1.911962061e+14     1.424167907e+33     0.0                 0.0                 0.9551291451
0.1148221881        1.943840084e+14     1.488463913e+33     0.0                 0.0                 0.9547680959
0.1167204311        1.97625531e+14      1.555214701e+33     0.0                 0.0                 0.9543358749
0.118650056         2.009218111e+14     1.624767634e+33     0.0                 0.0                 0.9538597472
0.1206115814        2.042737317e+14     1.697523128e+33     0.0                 0.0                 0.9533550688
0.1226055349        2.076827586e+14     1.773813671e+33     0.0                 0.0                 0.9528286837
0.1246324524        2.111495848e+14     1.85377744e+33      0.0                 0.0                 0.9522865003
0.126692879         2.146753358e+14     1.937776022e+33     0.0                 0.0                 0.9517308872
0.1287873685        2.182605619e+14     2.025985619e+33     0.0                 0.0                 0.9511645641
0.1309164843        2.219068008e+14     2.118585986e+33     0.0                 0.0                 0.9505892048
0.1330807986        2.256153443e+14     2.21606425e+33      0.0                 0.0                 0.9500067033
0.1352808934        2.293866429e+14     2.318445796e+33     0.0                 0.0                 0.9494180343
0.1375173603        2.332225175e+14     2.426089642e+33     0.0                 0.0                 0.9488242666
0.1397908004        2.371236978e+14     2.539393215e+33     0.0                 0.0                 0.9482269546
0.1421018252        2.410915992e+14     2.658464878e+33     0.0                 0.0                 0.9476260757
0.1444510558        2.45127273e+14      2.783788756e+33     0.0                 0.0                 0.9470232132
0.146839124         2.492320784e+14     2.915660451e+33     0.0                 0.0                 0.9464187989
0.1492666717        2.534071355e+14     3.054270884e+33     0.0                 0.0                 0.9458127874
0.1517343518        2.576541674e+14     3.200311208e+33     0.0                 0.0                 0.9452072456
0.1542428276        2.619737015e+14     3.353881927e+33     0.0                 0.0                 0.9446013746
0.1567927736        2.663678499e+14     3.515396958e+33     0.0                 0.0                 0.94399563
0.1593848753        2.708374117e+14     3.685561954e+33     0.0                 0.0                 0.943391959
0.1620198297        2.753843313e+14     3.864457802e+33     0.0                 0.0                 0.9427888843
0.1646983453        2.800096275e+14     4.0527399e+33       0.0                 0.0                 0.9421878728
0.1674211421        2.847151296e+14     4.250968629e+33     0.0                 0.0                 0.941589405
0.1701889523        2.89501991e+14      4.459358265e+33     0.0                 0.0                 0.9409925403
0.1730025199        2.943719348e+14     4.6788311e+33       0.0                 0.0                 0.9403994755
0.1758626016        2.993266047e+14     4.909708483e+33     0.0                 0.0                 0.9398091979
0.1787699661        3.043673474e+14     5.152420299e+33     0.0                 0.0                 0.9392214283
0.1817253953        3.094960314e+14     5.408164426e+33     0.0                 0.0                 0.9386387668
0.1847296837        3.14714567e+14      5.676989657e+33     0.0                 0.0                 0.9380589947
0.1877836391        3.20024223e+14      5.959773742e+33     0.0                 0.0                 0.9374831966
0.1908880826        3.254272205e+14     6.257480136e+33     0.0                 0.0                 0.9369124356
0.1940438487        3.309247837e+14     6.570348536e+33     0.0                 0.0                 0.9363451109
0.1972517861        3.365193049e+14     6.899675618e+33     0.0                 0.0                 0.9357831277
0.2005127572        3.422127296e+14     7.246059229e+33     0.0                 0.0                 0.9352258799
0.2038276387        3.480063317e+14     7.610026772e+33     0.0                 0.0                 0.9346725206
0.2071973219        3.539029064e+14     7.993362704e+33     0.0                 0.0                 0.934125863
0.2106227128        3.599042293e+14     8.396165717e+33     0.0                 0.0                 0.9335834554
0.2141047323        3.660122551e+14     8.819657002e+33     0.0                 0.0                 0.9330460429
0.2176443166        3.722291412e+14     9.265298819e+33     0.0                 0.0                 0.9325150215
0.2212424175        3.785573269e+14     9.733457992e+33     0.0                 0.0                 0.9319884375
0.2249000022        3.849989169e+14     1.022593649e+34     0.0                 0.0                 0.9314680749
0.2286180542        3.91556451e+14      1.074369104e+34     0.0                 0.0                 0.930953403
0.2323975732        3.982316152e+14     1.128746813e+34     0.0                 0.0                 0.9304433899
0.2362395752        4.050278247e+14     1.185984384e+34     0.0                 0.0                 0.9299407202
0.2401450933        4.119471406e+14     1.246100675e+34     0.0                 0.0                 0.929442899
0.2441151775        4.189921275e+14     1.309273165e+34     0.0                 0.0                 0.928950762
0.2481508952        4.261653765e+14     1.375708853e+34     0.0                 0.0                 0.9284653394
0.2522533315        4.334695872e+14     1.445464926e+34     0.0                 0.0                 0.9279847174
0.2564235894        4.409080074e+14     1.518813266e+34     0.0                 0.0                 0.9275107803
0.26066279          4.4848331e+14       1.595873955e+34     0.0                 0.0                 0.9270425485
0.2649720733        4.561978441e+14     1.676775574e+34     0.0                 0.0                 0.9265792482
0.2693525977        4.64055823e+14      1.761879821e+34     0.0                 0.0                 0.9261233522
0.273805541         4.720592318e+14     1.851205943e+34     0.0                 0.0                 0.9256722335
0.2783321005        4.802117484e+14     1.945047887e+34     0.0                 0.0                 0.9252269433
0.2829334932        4.885170476e+14     2.043659822e+34     0.0                 0.0                 0.9247878491
0.2876109562        4.969779189e+14     2.147147384e+34     0.0                 0.0                 0.9243534052
0.2923657471        5.055984068e+14     2.255931419e+34     0.0                 0.0                 0.9239256229
0.2971991444        5.143816572e+14     2.370124653e+34     0.0                 0.0                 0.9235028167
0.3021124475        5.233314458e+14     2.489998135e+34     0.0                 0.0                 0.9230849328
0.3071069774        5.324524869e+14     2.615976732e+34     0.0                 0.0                 0.9226733344
0.312184077         5.417469965e+14     2.748139083e+34     0.0                 0.0                 0.9222659687
0.3173451114        5.512210167e+14     2.886969934e+34     0.0                 0.0                 0.9218641294
0.322591468         5.608773673e+14     3.032713514e+34     0.0                 0.0                 0.9214672047
0.3279245576        5.707202045e+14     3.185597835e+34     0.0                 0.0                 0.9210742186
0.3333458139        5.807557597e+14     3.346277537e+34     0.0                 0.0                 0.9206870603
0.3388566946        5.909866131e+14     3.514798018e+34     0.0                 0.0                 0.9203034871
0.3444586812        6.014184838e+14     3.691696698e+34     0.0                 0.0                 0.9199243011
0.3501532801        6.120563229e+14     3.877412152e+34     0.0                 0.0                 0.9195494372
0.3559420221        6.22904009e+14      4.072161367e+34     0.0                 0.0                 0.9191775929
0.3618264638        6.339693699e+14     4.276735939e+34     0.0                 0.0                 0.9188103042
0.3678081873        6.452550822e+14     4.491281718e+34     0.0                 0.0                 0.9184458485
0.3738888007        6.56767553e+14      4.716369409e+34     0.0                 0.0                 0.9180843426
0.3800699389        6.685135331e+14     4.952667072e+34     0.0                 0.0                 0.9177261975
0.3863532639        6.804972232e+14     5.200392868e+34     0.0                 0.0                 0.917369923
0.3927404649        6.927264414e+14     5.460465154e+34     0.0                 0.0                 0.9170165152
0.3992332593        7.052064171e+14     5.733213519e+34     0.0                 0.0                 0.9166648069
0.4058333927        7.179434576e+14     6.019213646e+34     0.0                 0.0                 0.9163144234
0.4125426397        7.309463268e+14     6.319445596e+34     0.0                 0.0                 0.9159659126
0.4193628041        7.442192438e+14     6.634111824e+34     0.0                 0.0                 0.9156177862
0.4262957196        7.577717589e+14     6.96429824e+34      0.0                 0.0                 0.9152705188
0.4333432503        7.716099607e+14     7.310554045e+34     0.0                 0.0                 0.9149233573
0.4405072908        7.857409952e+14     7.673468844e+34     0.0                 0.0                 0.9145755989
0.4477897675        8.001762761e+14     8.054413284e+34     0.0                 0.0                 0.9142276804
0.4551926382        8.149198657e+14     8.453577709e+34     0.0                 0.0                 0.9138782372
0.4627178934        8.29983263e+14      8.872226815e+34     0.0                 0.0                 0.9135273113
0.4703675562        8.453746028e+14     9.31123767e+34      0.0                 0.0                 0.9131743376
0.4781436835        8.61101003e+14      9.771178938e+34     0.0                 0.0                 0.9128185124
0.4860483658        8.771770604e+14     1.025389076e+35     0.0                 0.0                 0.912459865
0.4940837286        8.936077568e+14     1.075960014e+35     0.0                 0.0                 0.9120973419
0.5022519321        9.104049587e+14     1.128973362e+35     0.0                 0.0                 0.9117305718
0.5105551726        9.275811979e+14     1.184564959e+35     0.0                 0.0                 0.9113589894
0.5189956825        9.451428123e+14     1.242792412e+35     0.0                 0.0                 0.9109818832
0.527575731         9.631080618e+14     1.303872533e+35     0.0                 0.0                 0.9105986403
0.5362976251        9.814831624e+14     1.367863158e+35     0.0                 0.0                 0.9102086035
0.5451637098        1.000281475e+15     1.434910035e+35     0.0                 0.0                 0.9098111146
0.5541763688        1.019519676e+15     1.505219317e+35     0.0                 0.0                 0.9094052942
0.5633380253        1.039204702e+15     1.578847264e+35     0.0                 0.0                 0.9089906872
0.5726511424        1.059356123e+15     1.656037229e+35     0.0                 0.0                 0.9085661754
0.5821182243        1.079985386e+15     1.736911833e+35     0.0                 0.0                 0.9081311509
0.5917418161        1.101104465e+15     1.82159934e+35      0.0                 0.0                 0.9076850529
0.6015245055        1.122737485e+15     1.910416573e+35     0.0                 0.0                 0.9072261558
0.6114689224        1.144891555e+15     2.003407228e+35     0.0                 0.0                 0.9067545326
0.6215777407        1.167586747e+15     2.100829101e+35     0.0                 0.0                 0.9062688236
0.6318536782        1.190843135e+15     2.202924003e+35     0.0                 0.0                 0.9057678037
0.6422994977        1.214671207e+15     2.30979909e+35      0.0                 0.0                 0.9052513829
0.6529180078        1.239098487e+15     2.421815615e+35     0.0                 0.0                 0.9047173515
0.6637120633        1.264139206e+15     2.53912074e+35      0.0                 0.0                 0.9041654252
0.6746845664        1.289809808e+15     2.661910376e+35     0.0                 0.0                 0.9035950214
0.6858384671        1.316143917e+15     2.790634655e+35     0.0                 0.0                 0.9030030969
0.6971767644        1.343150141e+15     2.925358432e+35     0.0                 0.0                 0.9023905602
0.7087025067        1.370854755e+15     3.066422756e+35     0.0                 0.0                 0.9017555791
0.7204187929        1.399288263e+15     3.214215796e+35     0.0                 0.0                 0.9010958679
0.7323287729        1.428463671e+15     3.368876577e+35     0.0                 0.0                 0.9004120328
0.744435649         1.458414592e+15     3.530847149e+35     0.0                 0.0                 0.899701382
0.7567426763        1.48916774e+15      3.700456783e+35     0.0                 0.0                 0.8989625183
0.7692531636        1.520741226e+15     3.877920404e+35     0.0                 0.0                 0.8981956731
0.7819704746        1.553176665e+15     4.06378897e+35      0.0                 0.0                 0.8973972715
0.7948980284        1.586497489e+15     4.258341546e+35     0.0                 0.0                 0.8965668583
0.8080393009        1.620727172e+15     4.461871783e+35     0.0                 0.0                 0.895704412
0.8213978252        1.655914843e+15     4.675031552e+35     0.0                 0.0                 0.894805301
0.8349771929        1.692082333e+15     4.898082564e+35     0.0                 0.0                 0.8938700127
0.8487810551        1.729259235e+15     5.131389732e+35     0.0                 0.0                 0.8928980395
0.862813123         1.767499759e+15     5.375681461e+35     0.0                 0.0                 0.8918844592
0.8770771693        1.80682874e+15      5.631269745e+35     0.0                 0.0                 0.8908298016
0.8915770293        1.847280499e+15     5.898566888e+35     0.0                 0.0                 0.8897336691
0.9063166012        1.888911309e+15     6.178336249e+35     0.0                 0.0                 0.888591189
0.9212998481        1.931758806e+15     6.471035878e+35     0.0                 0.0                 0.887401929
0.9365307984        1.97585616e+15      6.777090919e+35     0.0                 0.0                 0.8861659316
0.952013547         2.02125659e+15      7.097241178e+35     0.0                 0.0                 0.8848796907
0.9677522569        2.068021536e+15     7.432235417e+35     0.0                 0.0                 0.8835397083
0.9837511594        2.116178855e+15     7.782446626e+35     0.0                 0.0                 0.8821475896
1.000014556         2.165780928e+15     8.148545329e+35     0.0                 0.0                 0.8807017159
1.01654682          2.216911566e+15     8.531635615e+35     0.0                 0.0                 0.8791951456
1.033352395         2.2696012e+15       8.93209378e+35      0.0                 0.0                 0.8776303671
1.050435801         2.323905629e+15     9.350644271e+35     0.0                 0.0                 0.8760062012
1.06780163          2.379887331e+15     9.788119656e+35     0.0                 0.0                 0.8743202978
1.085454551         2.43764117e+15      1.024570417e+36     0.0                 0.0                 0.8725663368
1.10339931          2.497199932e+15     1.07238585e+36      0.0                 0.0                 0.8707474899
1.121640733         2.55863195e+15      1.122345172e+36     0.0                 0.0                 0.8688622629
1.140183723         2.622007102e+15     1.174540495e+36     0.0                 0.0                 0.8669089186
1.159033267         2.687439671e+15     1.22911778e+36      0.0                 0.0                 0.8648802493
1.178194432         2.754971337e+15     1.286131482e+36     0.0                 0.0                 0.8627800331
1.197672369         2.824683779e+15     1.345683172e+36     0.0                 0.0                 0.8606069637
1.217472316         2.896652795e+15     1.407877553e+36     0.0                 0.0                 0.8583598204
1.237599596         2.970977037e+15     1.472835857e+36     0.0                 0.0                 0.8560364613
1.258059621         3.047784222e+15     1.540722474e+36     0.0                 0.0                 0.8536314645
1.278857892         3.127126368e+15     1.611606616e+36     0.0                 0.0                 0.851148825
1.3                 3.209105025e+15     1.685616948e+36     0.0                 0.0                 0.8485873286
