0.476E-14           0.790E+01           0.101E+11           26.00               56.00               0.000               0.0
0.491E-14           0.815E+01           0.101E+12           26.00               56.00               0.000               0.0    
0.699E-14           0.116E+02           0.121E+13           26.00               56.00               0.000               0.0    
0.990E-14           0.164E+02           0.140E+14           26.00               56.00               0.000               0.0    
0.272E-13           0.451E+02           0.170E+15           26.00               56.00               0.000               0.0    
0.127E-12           0.212E+03           0.582E+16           26.00               56.00               0.000               0.0    
0.693E-12           0.115E+04           0.190E+18           26.00               56.00               0.000               0.0    
0.630E-11           0.104E+05           0.974E+19           26.00               56.00               0.000               0.0    
0.158E-10           0.262E+05           0.497E+20           26.00               56.00               0.000               0.0    
0.397E-10           0.659E+05           0.243E+21           26.00               56.00               0.000               0.0    
0.998E-10           0.165E+06           0.115E+22           26.00               56.00               0.000               0.0    
0.251E-09           0.416E+06           0.527E+22           26.00               56.00               0.000               0.0    
0.629E-09           0.104E+07           0.232E+23           26.00               56.00               0.000               0.0    
0.158E-08           0.262E+07           0.975E+23           26.00               56.00               0.000               0.0    
0.397E-08           0.659E+07           0.391E+24           26.00               56.00               0.000               0.0    
0.500E-08           0.829E+07           0.526E+24           28.00               62.00               0.000               0.0    
0.998E-08           0.166E+08           0.144E+25           28.00               62.00               0.000               0.0    
0.199E-07           0.330E+08           0.383E+25           28.00               62.00               0.000               0.0    
0.397E-07           0.659E+08           0.101E+26           28.00               62.00               0.000               0.0    
0.792E-07           0.132E+09           0.260E+26           28.00               62.00               0.000               0.0
1e-07               165682822.4         3.365258927e+25     27.36539526         63.58481            0.0                 0.0
1.016736947e-07     168456476.9         3.441769601e+25     27.36191839         63.58481            0.0                 0.0
1.03375402e-07      171276535.3         3.519775951e+25     27.36841158         63.61097133         0.0                 0.0
1.051055907e-07     174143820.3         3.599469819e+25     27.37751818         63.64442            0.0                 0.0
1.068647374e-07     177059231.4         3.681182729e+25     27.37332256         63.64442            0.0                 0.0
1.086533269e-07     180023315.4         3.764414737e+25     27.38338992         63.68027282         0.0                 0.0
1.104718519e-07     183037075.7         3.849645809e+25     27.38863305         63.70402            0.0                 0.0
1.123208135e-07     186101376.6         3.93699496e+25      27.38550236         63.70673441         0.0                 0.0
1.14200721e-07      189216734.3         4.025893768e+25     27.3983475          63.74961063         0.0                 0.0
1.161120925e-07     192384321.3         4.11679949e+25      27.41119709         63.79252727         0.0                 0.0
1.180554544e-07     195605041.1         4.209888477e+25     27.4191813          63.82323            0.0                 0.0
1.200313424e-07     198879846.7         4.305336568e+25     27.41496942         63.82323            0.0                 0.0
1.220403006e-07     202209235.4         4.402503198e+25     27.42609826         63.86183975         0.0                 0.0
1.240828827e-07     205594453.4         4.502052112e+25     27.43022585         63.88284            0.0                 0.0
1.261596514e-07     209036429.0         4.604023002e+25     27.42816016         63.88826957         0.0                 0.0
1.282711788e-07     212535799.7         4.707854146e+25     27.44097666         63.93118416         0.0                 0.0
1.304180468e-07     216093840.9         4.814066105e+25     27.44020015         63.94244            0.0                 0.0
1.326008468e-07     219711485.3         4.922694407e+25     27.44103259         63.95748804         0.0                 0.0
1.348201802e-07     223389701.4         5.0337254e+25       27.45388495         64.00057227         0.0                 0.0
1.370766584e-07     227129634.0         5.147556173e+25     27.4502665          64.00205            0.0                 0.0
1.393709032e-07     230932067.7         5.263739662e+25     27.45583507         64.02674901         0.0                 0.0
1.417035467e-07     234798082.2         5.382377148e+25     27.46865982         64.06979826         0.0                 0.0
1.440752315e-07     238728862.8         5.503625275e+25     27.4814529          64.11276711         0.0                 0.0
1.464866111e-07     242725515.4         5.627622203e+25     27.4794752          64.12126            0.0                 0.0
1.489383498e-07     246789094.3         5.754422027e+25     27.481455           64.13903551         0.0                 0.0
1.514311231e-07     250920698.7         5.884063216e+25     27.49376197         64.18086            0.0                 0.0
1.539656178e-07     255121364.1         6.016967998e+25     27.48954952         64.18086            0.0                 0.0
1.565425322e-07     259392466.2         6.152555015e+25     27.49617328         64.20829808         0.0                 0.0
1.591625764e-07     263735132.0         6.290930005e+25     27.50859211         64.25133142         0.0                 0.0
1.61826472e-07      268150477.0         6.432046951e+25     27.51994751         64.29434543         0.0                 0.0
1.645349532e-07     272639634.8         6.577101565e+25     27.51779668         64.30007            0.0                 0.0
1.67288766e-07      277203962.0         6.725105256e+25     27.52098441         64.32057649         0.0                 0.0
1.700886693e-07     281844746.3         6.876024378e+25     27.53089107         64.35967            0.0                 0.0
1.729354344e-07     286563313.9         7.031176162e+25     27.52665768         64.35967            0.0                 0.0
1.758298456e-07     291360898.7         7.189371992e+25     27.53433817         64.38985562         0.0                 0.0
1.787727005e-07     296238767.4         7.35082297e+25      27.54662184         64.43287425         0.0                 0.0
1.817648098e-07     301198194.4         7.515545429e+25     27.55793553         64.47592618         0.0                 0.0
1.848069978e-07     306240785.3         7.684896517e+25     27.55477165         64.47888            0.0                 0.0
1.879001028e-07     311367730.1         7.85753275e+25      27.55892498         64.50212538         0.0                 0.0
1.910449769e-07     316580466.8         8.033636216e+25     27.56758436         64.53849            0.0                 0.0
1.942424867e-07     321880614.2         8.214167731e+25     27.56192129         64.53849            0.0                 0.0
1.974935129e-07     327269481.1         8.398572671e+25     27.57031744         64.57141537         0.0                 0.0
2.007989515e-07     332748550.5         8.586909503e+25     27.58245672         64.61441428         0.0                 0.0
2.041597129e-07     338319325.0         8.779146864e+25     27.5937383          64.65751932         0.0                 0.0
2.075767233e-07     343983510.0         8.976824043e+25     27.58956163         64.6577             0.0                 0.0
2.11050924e-07      349742450.7         9.178151274e+25     27.59467072         64.68367931         0.0                 0.0
2.145832722e-07     355597752.1         9.383480307e+25     27.60591491         64.72672116         0.0                 0.0
2.181747411e-07     361551057.1         9.593319373e+25     27.61713612         64.76971061         0.0                 0.0
2.218263203e-07     367604184.0         9.808710154e+25     27.61488225         64.77691            0.0                 0.0
2.255390157e-07     373758601.3         1.002881468e+26     27.61739173         64.79596156         0.0                 0.0
2.293138503e-07     380015955.4         1.025340776e+26     27.62929316         64.8390464          0.0                 0.0
2.331518642e-07     386378209.9         1.048245594e+26     27.6404544          64.88192116         0.0                 0.0
2.370541147e-07     392846999.2         1.071725583e+26     27.64033866         64.89612            0.0                 0.0
2.410216769e-07     399424107.7         1.095742795e+26     27.6393966          64.90826247         0.0                 0.0
2.45055644e-07      406111345.5         1.120225688e+26     27.65058293         64.95129068         0.0                 0.0
2.491571274e-07     412910547.5         1.145304615e+26     27.66298224         64.99414439         0.0                 0.0
2.533272571e-07     419823545.3         1.170971468e+26     27.66628637         65.01532            0.0                 0.0
2.575671821e-07     426852262.3         1.197219038e+26     27.66262349         65.02057273         0.0                 0.0
2.618780705e-07     433998793.5         1.223941497e+26     27.67374821         65.06349297         0.0                 0.0
2.662611099e-07     441264927.4         1.251254898e+26     27.68485724         65.10639308         0.0                 0.0
2.707175081e-07     448652688.9         1.279186182e+26     27.69598782         65.14940073         0.0                 0.0
2.752484928e-07     456164116.8         1.307745045e+26     27.70713267         65.19248172         0.0                 0.0
2.798553123e-07     463801407.4         1.337020677e+26     27.70207094         65.19414            0.0                 0.0
2.845392359e-07     471566525.9         1.3668973e+26       27.70594673         65.21866068         0.0                 0.0
2.893015542e-07     479461655.8         1.397399087e+26     27.71706117         65.26171161         0.0                 0.0
2.94143579e-07      487489128.8         1.428566182e+26     27.72814019         65.30467767         0.0                 0.0
2.990666446e-07     495650806.3         1.460514755e+26     27.72580649         65.31335            0.0                 0.0
3.040721073e-07     503949215.7         1.49311859e+26      27.72635744         65.33094716         0.0                 0.0
3.091613462e-07     512386752.2         1.52632396e+26      27.73604913         65.37404183         0.0                 0.0
3.143357633e-07     520965306.0         1.560332381e+26     27.74706558         65.41689181         0.0                 0.0
3.195967844e-07     529687542.8         1.595105641e+26     27.75809296         65.4598196          0.0                 0.0
3.24945859e-07      538555889.3         1.63066509e+26      27.76914064         65.50285363         0.0                 0.0
3.303844607e-07     547572836.1         1.667009428e+26     27.78017715         65.54586516         0.0                 0.0
3.359140881e-07     556740640.8         1.704264282e+26     27.77673713         65.55177            0.0                 0.0
3.415362645e-07     566061976.3         1.742256326e+26     27.77822593         65.57209854         0.0                 0.0
3.472525389e-07     575539432.1         1.780973938e+26     27.78793928         65.61517512         0.0                 0.0
3.530644864e-07     585175505.2         1.82062978e+26      27.79890575         65.65806401         0.0                 0.0
3.589737081e-07     594972967.4         1.861167142e+26     27.80986999         65.70097665         0.0                 0.0
3.649818322e-07     604934515.6         1.902579048e+26     27.82040331         65.74399623         0.0                 0.0
3.710905139e-07     615062889.9         1.944821198e+26     27.82994008         65.78704615         0.0                 0.0
3.773014362e-07     625360779.5         1.988247572e+26     27.82529514         65.79018            0.0                 0.0
3.836163105e-07     635831200.4         2.032585936e+26     27.82849535         65.81324742         0.0                 0.0
3.900368765e-07     646476993.2         2.077822646e+26     27.83924006         65.85631276         0.0                 0.0
3.965649032e-07     657300787.8         2.123913149e+26     27.84871106         65.89924656         0.0                 0.0
4.032021891e-07     668306001.3         2.171126526e+26     27.85927185         65.94214197         0.0                 0.0
4.099505629e-07     679495521.1         2.219383682e+26     27.86964711         65.98514354         0.0                 0.0
4.168118839e-07     690872349.4         2.268631259e+26     27.87912352         66.02823875         0.0                 0.0
4.237880424e-07     702439737.6         2.319109348e+26     27.87203774         66.0286             0.0                 0.0
4.308809606e-07     714200836.1         2.370704008e+26     27.87568424         66.05440539         0.0                 0.0
4.380925925e-07     726158877.6         2.423410623e+26     27.88627269         66.09745259         0.0                 0.0
4.454249252e-07     738317118.5         2.477136153e+26     27.895687           66.1404321          0.0                 0.0
4.528799787e-07     750678968.0         2.532168118e+26     27.90626994         66.18331027         0.0                 0.0
4.60459807e-07      763247829.7         2.588392866e+26     27.91648275         66.22629383         0.0                 0.0
4.681664986e-07     776027163.7         2.645782778e+26     27.92589431         66.26938032         0.0                 0.0
4.760021766e-07     789020456.8         2.704386535e+26     27.93524547         66.3122518          0.0                 0.0
4.83969e-07         802231300.6         2.764358563e+26     27.94507576         66.3551713          0.0                 0.0
4.920691636e-07     815663382.3         2.825781917e+26     27.95053439         66.38623            0.0                 0.0
5.003048993e-07     829320454.9         2.888744733e+26     27.94396876         66.38623            0.0                 0.0
5.086784761e-07     843206182.6         2.952739587e+26     27.95156924         66.42447502         0.0                 0.0
5.17192201e-07      857324370.7         3.018135479e+26     27.96089323         66.46744032         0.0                 0.0
5.258484196e-07     871678946.9         3.085002389e+26     27.97023423         66.51051504         0.0                 0.0
5.346495169e-07     886274130.6         3.153299564e+26     27.97952439         66.5534251          0.0                 0.0
5.435979177e-07     901113586.8         3.223100046e+26     27.98879952         66.59632972         0.0                 0.0
5.526960874e-07     916201542.3         3.294469481e+26     27.99808829         66.63934088         0.0                 0.0
5.619465327e-07     931542246.8         3.367430629e+26     28.00738183         66.68241192         0.0                 0.0
5.713518023e-07     947139770.5         3.441930882e+26     28.01661273         66.72525561         0.0                 0.0
5.809144873e-07     962998376.2         3.518104821e+26     28.02585286         66.76820275         0.0                 0.0
5.906372225e-07     979122510.3         3.595990724e+26     28.03510429         66.81125474         0.0                 0.0
6.005226866e-07     995516858.9         3.675564055e+26     28.04432883         66.85421747         0.0                 0.0
6.105736032e-07     1.012185731e+09     3.756866055e+26     28.05351887         66.89710071         0.0                 0.0
6.207927414e-07     1.029133747e+09     3.839994683e+26     28.06272383         66.94009251         0.0                 0.0
6.311829168e-07     1.046365579e+09     3.924991839e+26     28.0719465          66.98319494         0.0                 0.0
6.417469921e-07     1.063885833e+09     4.011773669e+26     28.0810963          67.02603519         0.0                 0.0
6.524878777e-07     1.081699596e+09     4.100318049e+26     28.08932468         67.06896171         0.0                 0.0
6.634085329e-07     1.099811707e+09     4.190902138e+26     28.0933384          67.10148            0.0                 0.0
6.745119666e-07     1.118226998e+09     4.283971202e+26     28.0859651          67.10148            0.0                 0.0
6.858012379e-07     1.136950778e+09     4.378719932e+26     28.09274208         67.13826589         0.0                 0.0
6.972794571e-07     1.155988131e+09     4.475213872e+26     28.10891502         67.20139522         0.0                 0.0
7.089497866e-07     1.175344281e+09     4.573584819e+26     28.1304537          67.2803             0.0                 0.0
7.208154419e-07     1.195024491e+09     4.675071757e+26     28.12308054         67.2803             0.0                 0.0
7.32879692e-07      1.215034391e+09     4.778292707e+26     28.12611183         67.31012328         0.0                 0.0
7.451458608e-07     1.235379392e+09     4.883570884e+26     28.13925214         67.36638048         0.0                 0.0
7.576173278e-07     1.256064965e+09     4.991110909e+26     28.16483293         67.45248051         0.0                 0.0
7.702975292e-07     1.27709709e+09      5.101578743e+26     28.15930785         67.45911            0.0                 0.0
7.831899583e-07     1.298481447e+09     5.214101603e+26     28.16868151         67.50488477         0.0                 0.0
7.962981674e-07     1.32022391e+09      5.328811325e+26     28.19115421         67.58466677         0.0                 0.0
8.096257679e-07     1.342330381e+09     5.446539798e+26     28.20015944         67.62760512         0.0                 0.0
8.231764318e-07     1.364807133e+09     5.566546782e+26     28.20801749         67.67049788         0.0                 0.0
8.369538924e-07     1.387660362e+09     5.689146039e+26     28.21552761         67.71349873         0.0                 0.0
8.509619456e-07     1.41089636e+09      5.814482457e+26     28.22304453         67.75659832         0.0                 0.0
8.652044509e-07     1.434521245e+09     5.942843048e+26     28.23196196         67.79942676         0.0                 0.0
8.796853322e-07     1.45854197e+09      6.073836484e+26     28.24002099         67.84236269         0.0                 0.0
8.944085793e-07     1.482965076e+09     6.207591361e+26     28.24748762         67.88540696         0.0                 0.0
9.093782486e-07     1.507797044e+09     6.344246394e+26     28.25493069         67.92839089         0.0                 0.0
9.245984644e-07     1.533044854e+09     6.483841718e+26     28.26233834         67.9712655          0.0                 0.0
9.400734202e-07     1.558715485e+09     6.626558209e+26     28.26975407         68.01424915         0.0                 0.0
9.558073796e-07     1.584816019e+09     6.772478762e+26     28.27721659         68.05734304         0.0                 0.0
9.718046774e-07     1.611353763e+09     6.921698691e+26     28.28533137         68.10020463         0.0                 0.0
9.880697211e-07     1.638335963e+09     7.074229265e+26     28.29344439         68.14312763         0.0                 0.0
1.004606992e-06     1.665770042e+09     7.230106371e+26     28.30136055         68.18615795         0.0                 0.0
1.021421046e-06     1.693663489e+09     7.389219072e+26     28.30871809         68.22918022         0.0                 0.0
1.038516517e-06     1.72202367e+09      7.551129419e+26     28.33048666         68.31010674         0.0                 0.0
1.055898113e-06     1.750859488e+09     7.716910899e+26     28.34598112         68.37461201         0.0                 0.0
1.073570624e-06     1.78017887e+09      7.886737276e+26     28.35330028         68.41768911         0.0                 0.0
1.091538919e-06     1.809988315e+09     8.060173795e+26     28.36057273         68.46059589         0.0                 0.0
1.109807948e-06     1.84029737e+09      8.236991044e+26     28.36674354         68.50349669         0.0                 0.0
1.128382746e-06     1.871113864e+09     8.417787962e+26     28.37301306         68.54650647         0.0                 0.0
1.147268428e-06     1.902445796e+09     8.602977134e+26     28.38027754         68.58958022         0.0                 0.0
1.166470199e-06     1.934302432e+09     8.792062116e+26     28.38748319         68.63241833         0.0                 0.0
1.18599335e-06      1.966694012e+09     8.98493401e+26      28.40383781         68.69953284         0.0                 0.0
1.205843258e-06     1.999628566e+09     9.181787616e+26     28.42419368         68.77802862         0.0                 0.0
1.226025393e-06     2.033111545e+09     9.382986163e+26     28.42986043         68.82098728         0.0                 0.0
1.246545315e-06     2.067158189e+09     9.589061128e+26     28.43669278         68.86387219         0.0                 0.0
1.267408679e-06     2.101774889e+09     9.799878278e+26     28.4438501          68.90686508         0.0                 0.0
1.288621231e-06     2.136969863e+09     1.001538877e+27     28.45098938         68.94996734         0.0                 0.0
1.310188817e-06     2.172754149e+09     1.023470558e+27     28.45658308         68.99280495         0.0                 0.0
1.332117378e-06     2.209138639e+09     1.045877076e+27     28.47326216         69.06264019         0.0                 0.0
1.354412956e-06     2.246133103e+09     1.068780007e+27     28.49232714         69.13837932         0.0                 0.0
1.377081695e-06     2.283747266e+09     1.092195515e+27     28.49788745         69.18138507         0.0                 0.0
1.400129839e-06     2.321990614e+09     1.116174663e+27     28.50471131         69.22425048         0.0                 0.0
1.423563738e-06     2.360874574e+09     1.140663676e+27     28.51105286         69.26722246         0.0                 0.0
1.447389849e-06     2.400410097e+09     1.165647993e+27     28.51787562         69.31375393         0.0                 0.0
1.471614737e-06     2.440608314e+09     1.191063306e+27     28.53947496         69.39952822         0.0                 0.0
1.496245075e-06     2.481478724e+09     1.217166239e+27     28.55097877         69.45571028         0.0                 0.0
1.52128765e-06      2.523033197e+09     1.243884028e+27     28.55750535         69.49873184         0.0                 0.0
1.546749362e-06     2.565283653e+09     1.2711273e+27       28.56295435         69.54177467         0.0                 0.0
1.572637224e-06     2.608242982e+09     1.29884085e+27      28.58311706         69.62398186         0.0                 0.0
1.598958371e-06     2.651921649e+09     1.32722075e+27      28.59611385         69.6871914          0.0                 0.0
1.625720053e-06     2.696331752e+09     1.35628655e+27      28.60151525         69.73025881         0.0                 0.0
1.652929644e-06     2.74148645e+09      1.385971749e+27     28.60687518         69.77318683         0.0                 0.0
1.68059464e-06      2.787396531e+09     1.416282395e+27     28.62549093         69.84847311         0.0                 0.0
1.708722664e-06     2.834075501e+09     1.44725148e+27      28.64170042         69.91869071         0.0                 0.0
1.737321465e-06     2.881536681e+09     1.478890301e+27     28.64626213         69.96178737         0.0                 0.0
1.766398923e-06     2.929792413e+09     1.51118676e+27      28.6507717          70.00461772         0.0                 0.0
1.795963049e-06     2.978856678e+09     1.544151822e+27     28.6652307          70.07300362         0.0                 0.0
1.826021988e-06     3.028742864e+09     1.577843195e+27     28.6832518          70.1502081          0.0                 0.0
1.856584022e-06     3.079464203e+09     1.612371264e+27     28.68849425         70.19318213         0.0                 0.0
1.887657571e-06     3.131035288e+09     1.647638034e+27     28.69370568         70.23606229         0.0                 0.0
1.919251196e-06     3.183470098e+09     1.683625284e+27     28.70581095         70.29756878         0.0                 0.0
1.951373602e-06     3.236783058e+09     1.72033369e+27      28.72631602         70.38174596         0.0                 0.0
1.98403364e-06      3.290990336e+09     1.757955507e+27     28.73146501         70.4246052          0.0                 0.0
2.017240306e-06     3.34610469e+09      1.79621871e+27      28.74607074         70.49571391         0.0                 0.0
2.051002751e-06     3.402141915e+09     1.835307929e+27     28.76175843         70.5701626          0.0                 0.0
2.085330276e-06     3.459118165e+09     1.875461031e+27     28.76687457         70.61318929         0.0                 0.0
2.120232339e-06     3.517047706e+09     1.916316102e+27     28.78600794         70.69393388         0.0                 0.0
2.155718556e-06     3.575948048e+09     1.958073357e+27     28.79836792         70.75861438         0.0                 0.0
2.191798704e-06     3.635835687e+09     2.000769546e+27     28.80379778         70.80641319         0.0                 0.0
2.228482723e-06     3.696726923e+09     2.04433529e+27      28.82471634         70.89222928         0.0                 0.0
2.265780721e-06     3.758636642e+09     2.088871805e+27     28.83303267         70.94710718         0.0                 0.0
2.303702974e-06     3.821583341e+09     2.13436776e+27      28.84203222         71.0044537          0.0                 0.0
2.342259929e-06     3.885585452e+09     2.180787262e+27     28.86216561         71.09059104         0.0                 0.0
2.381462211e-06     3.950659517e+09     2.228357925e+27     28.86713409         71.13563669         0.0                 0.0
2.421320618e-06     4.016823644e+09     2.276836398e+27     28.87970029         71.20257675         0.0                 0.0
2.461846134e-06     4.084096073e+09     2.326296757e+27     28.89620398         71.28124959         0.0                 0.0
2.503049923e-06     4.152495128e+09     2.376982129e+27     28.89952638         71.32419947         0.0                 0.0
2.544943338e-06     4.222039832e+09     2.428656168e+27     28.91584709         71.40076199         0.0                 0.0
2.58753792e-06      4.292749468e+09     2.481461105e+27     28.92884781         71.46968404         0.0                 0.0
2.630845406e-06     4.36464353e+09      2.53545907e+27      28.93156786         71.51334349         0.0                 0.0
2.674877727e-06     4.437741733e+09     2.590622492e+27     28.9521182          71.59901918         0.0                 0.0
2.719647015e-06     4.512064587e+09     2.647031294e+27     28.96188736         71.65815915         0.0                 0.0
2.765165604e-06     4.587632676e+09     2.704649882e+27     28.96882321         71.71136223         0.0                 0.0
2.811446035e-06     4.664466882e+09     2.763326115e+27     28.98778826         71.79735984         0.0                 0.0
2.858501059e-06     4.742587604e+09     2.823241229e+27     29.00665636         71.88309915         0.0                 0.0
2.906343641e-06     4.822017406e+09     2.884500397e+27     29.01755739         71.94925508         0.0                 0.0
2.954986961e-06     4.902778325e+09     2.947134609e+27     29.02040389         71.99561151         0.0                 0.0
3.004444423e-06     4.984891023e+09     3.01102584e+27      29.03917422         72.08137769         0.0                 0.0
3.054729651e-06     5.068379678e+09     3.076496215e+27     29.04714884         72.1377363          0.0                 0.0
3.1058565e-06       5.153266858e+09     3.143418367e+27     29.05490029         72.19364117         0.0                 0.0
3.157839057e-06     5.239575242e+09     3.21160057e+27      29.07365702         72.27972873         0.0                 0.0
3.210691643e-06     5.3273298e+09       3.280992811e+27     29.09082623         72.36543282         0.0                 0.0
3.26442882e-06      5.416555232e+09     3.352172028e+27     29.10049127         72.42882293         0.0                 0.0
3.319065393e-06     5.507275875e+09     3.425104494e+27     29.10540595         72.47788482         0.0                 0.0
3.374616416e-06     5.59951472e+09      3.499099406e+27     29.1223742          72.56374184         0.0                 0.0
3.431097193e-06     5.693299013e+09     3.574872838e+27     29.14048521         72.64953568         0.0                 0.0
3.488523286e-06     5.788654628e+09     3.652380296e+27     29.15900469         72.73554395         0.0                 0.0
3.546910516e-06     5.885607795e+09     3.731591041e+27     29.1775244          72.82172413         0.0                 0.0
3.606274971e-06     5.984184753e+09     3.812497708e+27     29.17909397         72.86545774         0.0                 0.0
3.666633005e-06     6.084414463e+09     3.894987495e+27     29.18945732         72.93366644         0.0                 0.0
3.728001249e-06     6.186323695e+09     3.979148531e+27     29.20625299         73.01976411         0.0                 0.0
3.790396609e-06     6.289937699e+09     4.065098389e+27     29.22297363         73.10571256         0.0                 0.0
3.853836278e-06     6.39528905e+09      4.153113709e+27     29.2409165          73.19147151         0.0                 0.0
3.918337733e-06     6.502405177e+09     4.243152968e+27     29.25184702         73.25910066         0.0                 0.0
3.983918745e-06     6.611315005e+09     4.335201233e+27     29.25357436         73.30401962         0.0                 0.0
4.050597383e-06     6.722048814e+09     4.4287841e+27       29.27009754         73.3897381          0.0                 0.0
4.118392018e-06     6.834638683e+09     4.524406197e+27     29.28660822         73.47558645         0.0                 0.0
4.187321329e-06     6.949115483e+09     4.622128143e+27     29.30312465         73.5616486          0.0                 0.0
4.257404305e-06     7.065510365e+09     4.721952211e+27     29.31959456         73.64768882         0.0                 0.0
4.328660257e-06     7.1838546e+09       4.823866323e+27     29.33595326         73.73341211         0.0                 0.0
4.401108816e-06     7.304181029e+09     4.928016912e+27     29.35231508         73.8193497          0.0                 0.0
4.474769942e-06     7.426522966e+09     5.034462544e+27     29.3668749          73.90095475         0.0                 0.0
4.549663931e-06     7.550914931e+09     5.143208318e+27     29.36609044         73.94385579         0.0                 0.0
4.625811417e-06     7.677391003e+09     5.254237212e+27     29.37748658         74.01751275         0.0                 0.0
4.703233379e-06     7.805986166e+09     5.367678996e+27     29.39371883         74.10353976         0.0                 0.0
4.781951148e-06     7.936735753e+09     5.483587195e+27     29.40993194         74.18967052         0.0                 0.0
4.861986413e-06     8.069674925e+09     5.601893625e+27     29.42600241         74.27535834         0.0                 0.0
4.943361223e-06     8.204842468e+09     5.722560058e+27     29.44117681         74.36126091         0.0                 0.0
5.026098e-06        8.34227525e+09      5.84575112e+27      29.45590178         74.44737675         0.0                 0.0
5.110219537e-06     8.482008604e+09     5.971904895e+27     29.47189079         74.53327667         0.0                 0.0
5.195749013e-06     8.624083261e+09     6.100397988e+27     29.48654056         74.61905395         0.0                 0.0
5.28270999e-06      8.768538736e+09     6.231783451e+27     29.50147433         74.70504565         0.0                 0.0
5.371126429e-06     8.915414957e+09     6.366323418e+27     29.51738674         74.79125042         0.0                 0.0
5.461022689e-06     9.064751024e+09     6.503152909e+27     29.53152693         74.87692032         0.0                 0.0
5.552423539e-06     9.216589985e+09     6.642968792e+27     29.5456558          74.96278313         0.0                 0.0
5.645354159e-06     9.370973366e+09     6.785841822e+27     29.55977874         75.04885859         0.0                 0.0
5.739840154e-06     9.527942584e+09     6.9317565e+27       29.5738409          75.13485003         0.0                 0.0
5.835907557e-06     9.687541319e+09     7.081169185e+27     29.58920519         75.22059164         0.0                 0.0
5.933582834e-06     9.849814444e+09     7.233696385e+27     29.60407094         75.30654793         0.0                 0.0
6.032892898e-06     1.001480687e+10     7.389272316e+27     29.61803436         75.39271764         0.0                 0.0
6.133865108e-06     1.018256332e+10     7.548063682e+27     29.63187337         75.47847862         0.0                 0.0
6.236527286e-06     1.035313045e+10     7.71028256e+27      29.64568472         75.56431058         0.0                 0.0
6.340907714e-06     1.052655554e+10     7.875837477e+27     29.66397741         75.66306342         0.0                 0.0
6.447035153e-06     1.070288625e+10     8.044443513e+27     29.69293389         75.79218348         0.0                 0.0
6.554938841e-06     1.088217182e+10     8.217200081e+27     29.70792603         75.88174542         0.0                 0.0
6.664648507e-06     1.106446103e+10     8.393473229e+27     29.72068451         75.96766647         0.0                 0.0
6.776194378e-06     1.124980421e+10     8.573375105e+27     29.73285992         76.0538006          0.0                 0.0
6.889607187e-06     1.143825266e+10     8.757585162e+27     29.74637888         76.1396524          0.0                 0.0
7.004918179e-06     1.162985907e+10     8.945725207e+27     29.75984229         76.22544881         0.0                 0.0
7.122159126e-06     1.182467598e+10     9.137732503e+27     29.77269938         76.31145925         0.0                 0.0
7.241362328e-06     1.202275662e+10     9.333471352e+27     29.78446413         76.39763294         0.0                 0.0
7.362560628e-06     1.222415748e+10     9.533043456e+27     29.81235356         76.52505307         0.0                 0.0
7.485787418e-06     1.242893146e+10     9.737049245e+27     29.83091047         76.62879027         0.0                 0.0
7.611076648e-06     1.263713611e+10     9.945712786e+27     29.84282918         76.71488947         0.0                 0.0
7.738462837e-06     1.284883149e+10     1.015937912e+28     29.85603039         76.80083252         0.0                 0.0
7.867981082e-06     1.306407298e+10     1.037692598e+28     29.867779           76.88659356         0.0                 0.0
7.999667067e-06     1.328292095e+10     1.059865684e+28     29.88552786         76.99073473         0.0                 0.0
8.133557073e-06     1.350543593e+10     1.082469596e+28     29.91140911         77.11836659         0.0                 0.0
8.26968799e-06      1.373167954e+10     1.105669176e+28     29.92351102         77.2040717          0.0                 0.0
8.408097322e-06     1.396171442e+10     1.129343731e+28     29.93504292         77.28991988         0.0                 0.0
8.548823204e-06     1.419560385e+10     1.153502623e+28     29.95039464         77.38724246         0.0                 0.0
8.691904408e-06     1.443341122e+10     1.178129605e+28     29.97734254         77.51629672         0.0                 0.0
8.837380354e-06     1.46752044e+10      1.203322695e+28     29.99035057         77.60735373         0.0                 0.0
8.985291124e-06     1.492104942e+10     1.229049288e+28     30.00096969         77.69329383         0.0                 0.0
9.135677468e-06     1.517101399e+10     1.255309111e+28     30.01281551         77.78381508         0.0                 0.0
9.288580821e-06     1.54251669e+10      1.282092951e+28     30.03941375         77.91251632         0.0                 0.0
9.444043309e-06     1.568357818e+10     1.309425845e+28     30.05355636         78.01066531         0.0                 0.0
9.602107765e-06     1.594632023e+10     1.337336172e+28     30.06804836         78.11067556         0.0                 0.0
9.762817737e-06     1.621346601e+10     1.365832135e+28     30.0936848          78.23985994         0.0                 0.0
9.926217503e-06     1.648508553e+10     1.395028796e+28     30.10522831         78.32810971         0.0                 0.0
1.009235208e-05     1.676125773e+10     1.424796473e+28     30.12399527         78.43764855         0.0                 0.0
1.026126725e-05     1.704205816e+10     1.455154572e+28     30.14669884         78.559741           0.0                 0.0
1.043300954e-05     1.732755951e+10     1.486164105e+28     30.15549309         78.64562656         0.0                 0.0
1.060762627e-05     1.761785499e+10     1.517808816e+28     30.17698124         78.76472757         0.0                 0.0
1.078516555e-05     1.791301452e+10     1.550142526e+28     30.19574691         78.87701195         0.0                 0.0
1.09656763e-05      1.821311412e+10     1.583190113e+28     30.20448172         78.96342751         0.0                 0.0
1.114920825e-05     1.851824189e+10     1.616760641e+28     30.22764778         79.09192144         0.0                 0.0
1.133581196e-05     1.882848106e+10     1.651146327e+28     30.24180378         79.19435137         0.0                 0.0
1.152553885e-05     1.914391951e+10     1.686328001e+28     30.2540095          79.29023756         0.0                 0.0
1.171844118e-05     1.94646484e+10      1.722229832e+28     30.27880337         79.41921179         0.0                 0.0
1.191457211e-05     1.979075501e+10     1.758903058e+28     30.289699           79.51176417         0.0                 0.0
1.211398568e-05     2.01223245e+10      1.796297792e+28     30.3045743          79.61716685         0.0                 0.0
1.231673682e-05     2.045944795e+10     1.834406192e+28     30.32745065         79.74642505         0.0                 0.0
1.25228814e-05      2.080223385e+10     1.873296606e+28     30.35011055         79.87505679         0.0                 0.0
1.27324762e-05      2.115074991e+10     1.913132064e+28     30.36285484         79.97469334         0.0                 0.0
1.294557899e-05     2.150510063e+10     1.953832926e+28     30.37512045         80.07326841         0.0                 0.0
1.316224846e-05     2.186539126e+10     1.995271653e+28     30.39764685         80.20238051         0.0                 0.0
1.338254432e-05     2.223173287e+10     2.037418003e+28     30.4183814          80.3309474          0.0                 0.0
1.360652726e-05     2.260421097e+10     2.080536589e+28     30.4398392          80.45983366         0.0                 0.0
1.383425899e-05     2.298292773e+10     2.124686085e+28     30.4602348          80.58339775         0.0                 0.0
1.406580225e-05     2.336799447e+10     2.169915776e+28     30.46791041         80.66924173         0.0                 0.0
1.430122085e-05     2.375950777e+10     2.215827269e+28     30.48490979         80.78689289         0.0                 0.0
1.454057963e-05     2.415758735e+10     2.262690962e+28     30.50578086         80.91591237         0.0                 0.0
1.478394454e-05     2.456235115e+10     2.310670154e+28     30.52775937         81.04517016         0.0                 0.0
1.503138264e-05     2.497387947e+10     2.35944019e+28      30.54777236         81.17367633         0.0                 0.0
1.52829621e-05      2.539230338e+10     2.409358998e+28     30.56874582         81.30250764         0.0                 0.0
1.553875224e-05     2.581774398e+10     2.460438643e+28     30.5873117          81.42330306         0.0                 0.0
1.579882351e-05     2.625033331e+10     2.5126165e+28       30.59274507         81.50923414         0.0                 0.0
1.606324759e-05     2.669015282e+10     2.565688531e+28     30.60963495         81.62960199         0.0                 0.0
1.633209732e-05     2.713734168e+10     2.619852805e+28     30.62926365         81.75856839         0.0                 0.0
1.660544677e-05     2.759202928e+10     2.675178527e+28     30.64886185         81.88785003         0.0                 0.0
1.688337126e-05     2.805434294e+10     2.731619063e+28     30.66823159         82.01641267         0.0                 0.0
1.716594736e-05     2.852440443e+10     2.789263575e+28     30.68755196         82.14519106         0.0                 0.0
1.745325291e-05     2.900234506e+10     2.848144357e+28     30.70684242         82.27428827         0.0                 0.0
1.774536709e-05     2.948829757e+10     2.90825909e+28      30.726031           82.40332857         0.0                 0.0
1.804237036e-05     2.998237803e+10     2.969599596e+28     30.74504526         82.53192161         0.0                 0.0
1.834434457e-05     3.048474962e+10     3.032257044e+28     30.76402954         82.66083471         0.0                 0.0
1.865137289e-05     3.099555298e+10     3.096237517e+28     30.78280425         82.79006487         0.0                 0.0
1.896353994e-05     3.151489687e+10     3.161299541e+28     30.79974368         82.91875622         0.0                 0.0
1.928093171e-05     3.204295225e+10     3.227905125e+28     30.81788758         83.04748342         0.0                 0.0
1.960363565e-05     3.257986297e+10     3.29592859e+28      30.83594457         83.17653235         0.0                 0.0
1.993174067e-05     3.312577487e+10     3.365215971e+28     30.85269037         83.30570966         0.0                 0.0
2.026533716e-05     3.368083211e+10     3.436146916e+28     30.87093851         83.43425034         0.0                 0.0
2.060451704e-05     3.424519536e+10     3.50843243e+28      30.89692837         83.58656249         0.0                 0.0
2.094937376e-05     3.481902034e+10     3.582119494e+28     30.92673028         83.75188886         0.0                 0.0
2.130000232e-05     3.540246045e+10     3.657370278e+28     30.94300903         83.88072501         0.0                 0.0
2.165649934e-05     3.599567404e+10     3.734180614e+28     30.95916719         84.00939525         0.0                 0.0
2.201896303e-05     3.659883552e+10     3.812629176e+28     30.97528351         84.13838862         0.0                 0.0
2.238749325e-05     3.721211657e+10     3.892751743e+28     30.99135528         84.26770713         0.0                 0.0
2.276219155e-05     3.783565875e+10     3.974470462e+28     31.00719451         84.39618969         0.0                 0.0
2.314316115e-05     3.846965746e+10     4.05770029e+28      31.03145963         84.55118752         0.0                 0.0
2.353050702e-05     3.911428762e+10     4.142634701e+28     31.05801077         84.71372815         0.0                 0.0
2.392433588e-05     3.976972488e+10     4.229621551e+28     31.07361632         84.84269405         0.0                 0.0
2.432475623e-05     4.043613688e+10     4.318400063e+28     31.0890652          84.97131651         0.0                 0.0
2.473187839e-05     4.111372934e+10     4.408887213e+28     31.11066509         85.11952091         0.0                 0.0
2.514581454e-05     4.180269294e+10     4.50107194e+28      31.13887741         85.28911793         0.0                 0.0
2.556667871e-05     4.25031758e+10      4.595167124e+28     31.15214303         85.41774368         0.0                 0.0
2.599458687e-05     4.32154151e+10      4.691488446e+28     31.16658908         85.54649682         0.0                 0.0
2.64296569e-05      4.393959709e+10     4.789852918e+28     31.18554836         85.68792295         0.0                 0.0
2.687200867e-05     4.467590607e+10     4.889949041e+28     31.21422703         85.86006376         0.0                 0.0
2.732176407e-05     4.542456238e+10     4.992118691e+28     31.2285909          85.99284364         0.0                 0.0
2.7779047e-05       4.618577525e+10     5.096429568e+28     31.2493381          86.14372766         0.0                 0.0
2.824398344e-05     4.695975254e+10     5.202931537e+28     31.27568464         86.31054508         0.0                 0.0
2.871670151e-05     4.774668838e+10     5.311659576e+28     31.28820915         86.43930781         0.0                 0.0
2.919733143e-05     4.854682363e+10     5.422266996e+28     31.31067014         86.59968273         0.0                 0.0
2.968600563e-05     4.936037314e+10     5.535259304e+28     31.33187902         86.75663038         0.0                 0.0
3.018285874e-05     5.018755517e+10     5.650970498e+28     31.34414578         86.88587593         0.0                 0.0
3.068802766e-05     5.102861532e+10     5.768451592e+28     31.36927016         87.05578439         0.0                 0.0
3.120165156e-05     5.188376811e+10     5.888719575e+28     31.38700548         87.20282922         0.0                 0.0
3.172387196e-05     5.275325152e+10     6.011668441e+28     31.40149477         87.34016152         0.0                 0.0
3.225483273e-05     5.36373089e+10      6.136667458e+28     31.42677851         87.5120233          0.0                 0.0
3.279468017e-05     5.453618866e+10     6.264217566e+28     31.4518544          87.68355556         0.0                 0.0
3.3343563e-05       5.545014007e+10     6.394602417e+28     31.47089934         87.83770508         0.0                 0.0
3.390163246e-05     5.637941466e+10     6.527928954e+28     31.48181116         87.96828948         0.0                 0.0
3.44690423e-05      5.732425432e+10     6.663275039e+28     31.50549562         88.13969072         0.0                 0.0
3.504594885e-05     5.82849426e+10      6.801640753e+28     31.52971195         88.3114016          0.0                 0.0
3.563251105e-05     5.926174162e+10     6.943027718e+28     31.55421322         88.48353798         0.0                 0.0
3.622889051e-05     6.025491178e+10     7.087327224e+28     31.57855042         88.65557427         0.0                 0.0
3.683525154e-05     6.126474148e+10     7.234628379e+28     31.58941905         88.78986416         0.0                 0.0
3.74517612e-05      6.229149325e+10     7.384711316e+28     31.60454649         88.93932435         0.0                 0.0
3.807858936e-05     6.333544833e+10     7.537632694e+28     31.62675654         89.11163926         0.0                 0.0
3.87159087e-05      6.439690939e+10     7.694151706e+28     31.65045514         89.2832233          0.0                 0.0
3.936389483e-05     6.547616362e+10     7.853477683e+28     31.67263927         89.45485713         0.0                 0.0
4.002272627e-05     6.657351538e+10     8.015963971e+28     31.69417205         89.62691878         0.0                 0.0
4.069258453e-05     6.768927016e+10     8.181821019e+28     31.71558328         89.79914555         0.0                 0.0
4.137365417e-05     6.882371999e+10     8.350968344e+28     31.73668982         89.97053484         0.0                 0.0
4.206612284e-05     6.997719594e+10     8.523647929e+28     31.75772465         90.14235385         0.0                 0.0
4.277018133e-05     7.115001467e+10     8.699939803e+28     31.77868577         90.31459974         0.0                 0.0
4.34860236e-05      7.234247952e+10     8.879804352e+28     31.79941188         90.48636499         0.0                 0.0
4.421384689e-05     7.355494518e+10     9.063337123e+28     31.81995361         90.65793334         0.0                 0.0
4.495385171e-05     7.478774109e+10     9.250425665e+28     31.83965587         90.8299273          0.0                 0.0
4.570624196e-05     7.604120264e+10     9.440947044e+28     31.85802997         91.00232927         0.0                 0.0
4.647122493e-05     7.731567821e+10     9.635946201e+28     31.87805821         91.17364818         0.0                 0.0
4.724901137e-05     7.86115255e+10      9.834556085e+28     31.89680223         91.34539602         0.0                 0.0
4.803981559e-05     7.992910137e+10     1.003718414e+29     31.91511388         91.51757068         0.0                 0.0
4.884385545e-05     8.126876057e+10     1.024458215e+29     31.93480415         91.68951824         0.0                 0.0
4.966135249e-05     8.263087799e+10     1.045544136e+29     31.95258868         91.86101643         0.0                 0.0
5.049253193e-05     8.401583581e+10     1.067053704e+29     31.96994697         92.03294291         0.0                 0.0
5.133762278e-05     8.542401705e+10     1.089008937e+29     31.98810237         92.20786344         0.0                 0.0
5.219685787e-05     8.685580643e+10     1.111384853e+29     32.0199267          92.42221728         0.0                 0.0
5.307047393e-05     8.831160598e+10     1.134232654e+29     32.04165971         92.60805843         0.0                 0.0
5.395871165e-05     8.979181695e+10     1.157560671e+29     32.05838282         92.78016159         0.0                 0.0
5.486181577e-05     9.129683959e+10     1.181363595e+29     32.07494859         92.95228352         0.0                 0.0
5.578003509e-05     9.282709173e+10     1.205536493e+29     32.10266285         93.16217369         0.0                 0.0
5.67136226e-05      9.438300812e+10     1.230259444e+29     32.12513017         93.35517698         0.0                 0.0
5.766283552e-05     9.596501844e+10     1.255542825e+29     32.14095962         93.52745875         0.0                 0.0
5.862793536e-05     9.757354281e+10     1.281234999e+29     32.15473752         93.69911862         0.0                 0.0
5.960918803e-05     9.920903395e+10     1.307431958e+29     32.17912861         93.90222423         0.0                 0.0
6.060686387e-05     1.008719564e+11     1.334192646e+29     32.20259781         94.1023682          0.0                 0.0
6.162123776e-05     1.025627746e+11     1.361556824e+29     32.21696822         94.27468037         0.0                 0.0
6.265258917e-05     1.042819269e+11     1.389324821e+29     32.24311689         94.48724758         0.0                 0.0
6.370120225e-05     1.060299041e+11     1.417703411e+29     32.2618646          94.67742255         0.0                 0.0
6.476736592e-05     1.078071932e+11     1.446698284e+29     32.27737809         94.85763804         0.0                 0.0
6.585137391e-05     1.096142875e+11     1.476260583e+29     32.304557           95.07244737         0.0                 0.0
6.695352489e-05     1.114516752e+11     1.506431331e+29     32.31984227         95.2526204          0.0                 0.0
6.807412251e-05     1.133198735e+11     1.537165993e+29     32.3371809          95.44221369         0.0                 0.0
6.921347552e-05     1.152193996e+11     1.568445322e+29     32.36145505         95.65657409         0.0                 0.0
7.037189781e-05     1.171507819e+11     1.600488101e+29     32.37325576         95.82796377         0.0                 0.0
7.154970856e-05     1.191145428e+11     1.633087692e+29     32.39278614         96.026971           0.0                 0.0
7.274723226e-05     1.211112371e+11     1.666297897e+29     32.41671625         96.24214715         0.0                 0.0
7.396479886e-05     1.231414278e+11     1.700171204e+29     32.44040682         96.45719223         0.0                 0.0
7.52027438e-05      1.252056331e+11     1.73486466e+29      32.45317425         96.63452229         0.0                 0.0
7.646140817e-05     1.273044641e+11     1.770215538e+29     32.46994956         96.82677684         0.0                 0.0
7.774113873e-05     1.294385054e+11     1.806200357e+29     32.49308577         97.04218025         0.0                 0.0
7.904228807e-05     1.316083099e+11     1.842882411e+29     32.51584553         97.25664095         0.0                 0.0
8.036521469e-05     1.338145079e+11     1.880197713e+29     32.53690413         97.47119255         0.0                 0.0
8.171028305e-05     1.360577063e+11     1.918281401e+29     32.55785644         97.68628096         0.0                 0.0
8.307786376e-05     1.383385111e+11     1.957250985e+29     32.58009415         97.90155251         0.0                 0.0
8.446833359e-05     1.406575672e+11     1.99681242e+29      32.59994777         98.11579234         0.0                 0.0
8.588207564e-05     1.43015512e+11      2.037282142e+29     32.61301627         98.3074718          0.0                 0.0
8.731947942e-05     1.454129994e+11     2.078646759e+29     32.62218041         98.48627619         0.0                 0.0
8.878094095e-05     1.478506913e+11     2.120641098e+29     32.6413148          98.70096458         0.0                 0.0
9.026686288e-05     1.503292613e+11     2.163476721e+29     32.66018408         98.9154279          0.0                 0.0
9.177765461e-05     1.528493986e+11     2.207187967e+29     32.67890999         99.13042899         0.0                 0.0
9.331373238e-05     1.554117954e+11     2.251789334e+29     32.69748841         99.34592891         0.0                 0.0
9.487551941e-05     1.58017147e+11      2.297236359e+29     32.71563094         99.56007863         0.0                 0.0
9.646344598e-05     1.606662072e+11     2.343595482e+29     32.74209522         99.80059506         0.0                 0.0
9.80779496e-05      1.633597044e+11     2.390895095e+29     32.77100361         100.0495741         0.0                 0.0
9.971947507e-05     1.660983579e+11     2.439150787e+29     32.788544           100.264475          0.0                 0.0
0.0001013884747     1.688829216e+11     2.488180245e+29     32.80397702         100.4788947         0.0                 0.0
0.0001030854082     1.717141724e+11     2.538266765e+29     32.81983953         100.6938294         0.0                 0.0
0.0001048107433     1.745928966e+11     2.58948529e+29      32.83664532         100.9092546         0.0                 0.0
0.0001065649552     1.775199902e+11     2.641461239e+29     32.85098003         101.1235864         0.0                 0.0
0.0001083485272     1.804961176e+11     2.694486111e+29     32.86511416         101.3381723         0.0                 0.0
0.0001101619508     1.835221464e+11     2.748575311e+29     32.88296633         101.5653093         0.0                 0.0
0.0001120057256     1.865989526e+11     2.803707044e+29     32.91062672         101.8235388         0.0                 0.0
0.0001138803595     1.897272496e+11     2.859942655e+29     32.92546489         102.0423876         0.0                 0.0
0.0001157863691     1.929080668e+11     2.917316768e+29     32.93865237         102.257192          0.0                 0.0
0.0001177242795     1.961423083e+11     2.975844533e+29     32.95330889         102.4776402         0.0                 0.0
0.0001196946245     1.994308531e+11     3.035481373e+29     32.97975414         102.7351113         0.0                 0.0
0.0001216979472     2.02774427e+11      3.096114995e+29     32.99425552         102.9612392         0.0                 0.0
0.0001237347993     2.061741021e+11     3.158003046e+29     33.00502009         103.176316          0.0                 0.0
0.0001258057421     2.09630921e+11      3.221329456e+29     33.01705575         103.3916779         0.0                 0.0
0.0001279113462     2.131453744e+11     3.285537708e+29     33.03960474         103.6468856         0.0                 0.0
0.0001300521917     2.167189278e+11     3.351038455e+29     33.05470092         103.8801726         0.0                 0.0
0.0001322288683     2.203525344e+11     3.417863007e+29     33.06616558         104.1032658         0.0                 0.0
0.0001344419759     2.240469844e+11     3.485960654e+29     33.08848519         104.3610749         0.0                 0.0
0.0001366921242     2.278035006e+11     3.555407662e+29     33.09966119         104.5843178         0.0                 0.0
0.0001389799331     2.316229693e+11     3.626241455e+29     33.11334532         104.8167124         0.0                 0.0
0.0001413060329     2.355063716e+11     3.698476497e+29     33.13491975         105.075277          0.0                 0.0
0.0001436710646     2.394550053e+11     3.772059858e+29     33.15596936         105.3323238         0.0                 0.0
0.0001460756796     2.434699627e+11     3.846921549e+29     33.16684783         105.5628165         0.0                 0.0
0.0001485205406     2.475522689e+11     3.923246079e+29     33.17556134         105.7885872         0.0                 0.0
0.000151006321      2.517028605e+11     4.001309357e+29     33.19589856         106.0465952         0.0                 0.0
0.0001535337059     2.559230735e+11     4.080534409e+29     33.21382195         106.3037736         0.0                 0.0
0.0001561033914     2.602141605e+11     4.161316983e+29     33.22492115         106.5414159         0.0                 0.0
0.0001587160857     2.645773123e+11     4.243759357e+29     33.22991953         106.7604739         0.0                 0.0
0.0001613725084     2.690135452e+11     4.327875486e+29     33.24784896         107.0178628         0.0                 0.0
0.0001640733916     2.735241447e+11     4.413375187e+29     33.2638412          107.2753353         0.0                 0.0
0.0001668194793     2.781103834e+11     4.500512136e+29     33.27925409         107.5334272         0.0                 0.0
0.0001696115282     2.827735216e+11     4.589490019e+29     33.2952029          107.7917081         0.0                 0.0
0.0001724503074     2.875149383e+11     4.680220771e+29     33.29850051         108.009221          0.0                 0.0
0.0001753365991     2.923359769e+11     4.77271821e+29      33.30762413         108.2469463         0.0                 0.0
0.0001782711985     2.972379279e+11     4.866950528e+29     33.32236433         108.5053704         0.0                 0.0
0.0001812549142     3.02221893e+11      4.962604009e+29     33.33464379         108.7629573         0.0                 0.0
0.0001842885681     3.072894953e+11     5.060082337e+29     33.34657814         109.0203033         0.0                 0.0
0.0001873729962     3.124421262e+11     5.15965854e+29      33.35916978         109.2782912         0.0                 0.0
0.0001905090482     3.17681191e+11      5.261507913e+29     33.37302897         109.5368452         0.0                 0.0
0.0001936975881     3.230080985e+11     5.364658297e+29     33.38343412         109.7938851         0.0                 0.0
0.0001969394944     3.284244102e+11     5.46989285e+29      33.39390755         110.0515305         0.0                 0.0
0.0002002356604     3.339316147e+11     5.577247235e+29     33.40436979         110.309788          0.0                 0.0
0.0002035869941     3.395311739e+11     5.686677921e+29     33.41446914         110.5676494         0.0                 0.0
0.0002069944189     3.452246603e+11     5.797937997e+29     33.42319986         110.8249484         0.0                 0.0
0.0002104588735     3.510136048e+11     5.911327492e+29     33.43146094         111.0828717         0.0                 0.0
0.0002139813126     3.568995886e+11     6.026942156e+29     33.43945384         111.3413924         0.0                 0.0
0.0002175627066     3.628844028e+11     6.144731628e+29     33.44698148         111.5985624         0.0                 0.0
0.0002212040422     3.689695858e+11     6.264789327e+29     33.45422329         111.8560715         0.0                 0.0
0.0002249063226     3.751568243e+11     6.387081586e+29     33.46439266         112.1260624         0.0                 0.0
0.0002286705678     3.814477807e+11     6.511438088e+29     33.48264213         112.4272915         0.0                 0.0
0.0002324978151     3.878444226e+11     6.638217425e+29     33.48902784         112.68919           0.0                 0.0
0.0002363891188     3.943483125e+11     6.767464916e+29     33.49372178         112.9469671         0.0                 0.0
0.000240345551      4.009612371e+11     6.89921424e+29      33.49814594         113.2053918         0.0                 0.0
0.0002443682018     4.076851688e+11     7.033418515e+29     33.50217677         113.4629088         0.0                 0.0
0.0002484581796     4.145218582e+11     7.170219008e+29     33.50586148         113.7203323         0.0                 0.0
0.000252616611      4.21473225e+11      7.309560104e+29     33.50884375         113.9783768         0.0                 0.0
0.0002568446419     4.28541172e+11      7.451321757e+29     33.51069223         114.2367846         0.0                 0.0
0.0002611434372     4.357277566e+11     7.595599628e+29     33.52403612         114.5346635         0.0                 0.0
0.0002655141812     4.430348586e+11     7.74253018e+29      33.52991791         114.8111228         0.0                 0.0
0.000269958078      4.504645268e+11     7.892255852e+29     33.52969573         115.0694923         0.0                 0.0
0.0002744763522     4.580188838e+11     8.045066873e+29     33.53011566         115.3272099         0.0                 0.0
0.0002790702484     4.656999079e+11     8.200355807e+29     33.53897882         115.6183908         0.0                 0.0
0.0002837410325     4.735097852e+11     8.358573599e+29     33.54491109         115.9020737         0.0                 0.0
0.0002884899912     4.814506799e+11     8.519901845e+29     33.54308754         116.1607201         0.0                 0.0
0.000293318433      4.895247639e+11     8.684209173e+29     33.54079313         116.4177502         0.0                 0.0
0.0002982276881     4.977342905e+11     8.851296697e+29     33.54511925         116.7022504         0.0                 0.0
0.0003032191093     5.060815672e+11     9.02139346e+29      33.55030066         116.9931194         0.0                 0.0
0.0003082940715     5.145689123e+11     9.194760774e+29     33.54572529         117.2511133         0.0                 0.0
0.0003134539732     5.231985648e+11     9.371318832e+29     33.54077339         117.5083622         0.0                 0.0
0.0003187002358     5.319730037e+11     9.551209638e+29     33.54119431         117.7862372         0.0                 0.0
0.0003240343049     5.408946717e+11     9.734461578e+29     33.54675274         118.0843038         0.0                 0.0
0.00032945765       5.499660488e+11     9.920753221e+29     33.53941202         118.3416058         0.0                 0.0
0.0003349717653     5.591894648e+11     1.011086098e+30     33.53264957         118.5991133         0.0                 0.0
0.0003405781701     5.685658733e+11     1.018296141e+30     33.52873465         118.6952606         0.009805298628      0.0
0.000346278409      5.780955863e+11     9.971424774e+29     33.53077167         118.4209628         0.04203915583       0.0
0.0003520740525     5.877898002e+11     1.002911292e+30     33.52967889         118.5025173         0.05315366686       0.0
0.0003579666974     5.976469299e+11     1.010760951e+30     33.52856436         118.6087719         0.06271810528       0.0
0.0003639579671     6.076692848e+11     1.018316203e+30     33.52768292         118.7093342         0.07253936491       0.0
0.0003700495125     6.17859599e+11      1.02592805e+30      33.52684993         118.8099584         0.08228432735       0.0
0.0003762430117     6.282204203e+11     1.033610812e+30     33.52530656         118.9081565         0.09195050714       0.0
0.0003825401711     6.3875486e+11       1.041304647e+30     33.52355685         119.0060281         0.1015907819        0.0
0.0003889427258     6.494659003e+11     1.049006621e+30     33.52185117         119.1044266         0.1112045204        0.0
0.0003954524398     6.603560158e+11     1.056286657e+30     33.52088461         119.1904215         0.1211584119        0.0
0.0004020711064     6.714286641e+11     1.063946014e+30     33.51929266         119.2831502         0.1307677084        0.0
0.0004088005494     6.826869043e+11     1.071766337e+30     33.51741595         119.3782062         0.1402262291        0.0
0.0004156426226     6.941337207e+11     1.079187239e+30     33.51613576         119.4635058         0.1499892716        0.0
0.0004225992113     7.057722436e+11     1.086718001e+30     33.51466178         119.5480763         0.1596340989        0.0
0.0004296722321     7.176057772e+11     1.094302986e+30     33.51314562         119.6328348         0.1692145734        0.0
0.0004368636336     7.29637564e+11      1.101952488e+30     33.51161947         119.7178888         0.1787250424        0.0
0.0004441753972     7.418706612e+11     1.109744048e+30     33.50985166         119.801737          0.1880918856        0.0
0.0004516095375     7.543086886e+11     1.117611364e+30     33.50803013         119.8856556         0.1973815871        0.0
0.0004591681025     7.669551573e+11     1.125536011e+30     33.5061476          119.9697            0.2066098952        0.0
0.0004668531749     7.798135403e+11     1.133574014e+30     33.50418532         120.0535747         0.2157361512        0.0
0.0004746668719     7.928869893e+11     1.141803695e+30     33.50219482         120.1371304         0.2247057049        0.0
0.0004826113463     8.06179521e+11      1.149791712e+30     33.50062135         120.2150033         0.2338361685        0.0
0.000490688787      8.196948328e+11     1.157581448e+30     33.49934773         120.2882729         0.2430859393        0.0
0.0004989014194     8.334364152e+11     1.166074083e+30     33.49701956         120.3710587         0.2518102833        0.0
0.0005072515062     8.474080539e+11     1.174753336e+30     33.49475136         120.4542018         0.2604049195        0.0
0.0005157413479     8.616137731e+11     1.183518881e+30     33.4931871          120.5351132         0.2689680654        0.0
0.0005243732837     8.760575138e+11     1.192358106e+30     33.49299091         120.6109835         0.2775365476        0.0
0.0005331496917     8.907430104e+11     1.20077722e+30      33.48937343         120.6887068         0.2861761957        0.0
0.0005420729901     9.056745001e+11     1.209612703e+30     33.48622606         120.7692437         0.2945771021        0.0
0.0005511456371     9.208561323e+11     1.218734641e+30     33.48378195         120.8499862         0.3028341021        0.0
0.0005603701326     9.362920511e+11     1.227542096e+30     33.48223752         120.9211855         0.3112891028        0.0
0.0005697490181     9.51986445e+11      1.236945908e+30     33.47962017         121.0005882         0.319348178         0.0
0.0005792848774     9.679436952e+11     1.246575755e+30     33.47669954         121.0825157         0.3272663659        0.0
0.0005889803379     9.841681531e+11     1.256318062e+30     33.47378148         121.1645743         0.3351219573        0.0
0.0005988380708     1.000664401e+12     1.265719186e+30     33.47192667         121.234864          0.3431846081        0.0
0.000608860792      1.017436901e+12     1.275642398e+30     33.46935036         121.3124456         0.3509375211        0.0
0.000619051263      1.034490392e+12     1.285768777e+30     33.46656489         121.3917404         0.3585769205        0.0
0.0006294122914     1.051829654e+12     1.295539018e+30     33.46452862         121.4619331         0.366420229         0.0
0.0006399467318     1.069459031e+12     1.306110147e+30     33.46150965         121.5416393         0.3738120174        0.0
0.0006506574865     1.087383732e+12     1.316910187e+30     33.45828672         121.6232597         0.3810895416        0.0
0.0006615475066     1.10560873e+12      1.327788008e+30     33.45510384         121.7041612         0.3883390029        0.0
0.0006726197924     1.124138752e+12     1.338269068e+30     33.45281975         121.7736616         0.395805768         0.0
0.0006838773945     1.142979184e+12     1.349410606e+30     33.44977403         121.8512793         0.4029327915        0.0
0.0006953234144     1.162135286e+12     1.360707791e+30     33.44668476         121.9292352         0.4099954422        0.0
0.0007069610058     1.18161227e+12      1.371681911e+30     33.4443177          121.9989967         0.4172371514        0.0
0.0007187933749     1.201415208e+12     1.383564649e+30     33.44081256         122.0787073         0.4240252141        0.0
0.0007308237818     1.221549997e+12     1.395313332e+30     33.4365501          122.1573023         0.4308619021        0.0
0.0007430555409     1.242022156e+12     1.406983348e+30     33.43218937         122.2336604         0.437741127         0.0
0.0007554920224     1.262836813e+12     1.419502008e+30     33.43086804         122.3074839         0.4443617647        0.0
0.0007681366526     1.284000149e+12     1.432254392e+30     33.42767675         122.386337          0.4508355907        0.0
0.0007809929153     1.305518095e+12     1.444916995e+30     33.42427537         122.4628975         0.457360103         0.0
0.0007940643526     1.327396557e+12     1.457296677e+30     33.42159859         122.5322991         0.4640405284        0.0
0.0008073545658     1.349641099e+12     1.470717036e+30     33.41767534         122.6122709         0.4702624932        0.0
0.0008208672167     1.372258294e+12     1.484094768e+30     33.41476882         122.6872806         0.476556509         0.0
0.0008346060281     1.395254407e+12     1.497504064e+30     33.41207364         122.7600731         0.4828677665        0.0
0.0008485747852     1.418635666e+12     1.511277352e+30     33.40735694         122.8380851         0.4889961699        0.0
0.0008627773367     1.442408413e+12     1.525567168e+30     33.4030673          122.9175666         0.4949569604        0.0
0.0008772175956     1.466579408e+12     1.539821705e+30     33.39940031         122.9928708         0.5009783618        0.0
0.0008918995403     1.491155322e+12     1.553911796e+30     33.39638654         123.0624557         0.5071064678        0.0
0.0009068272159     1.516142639e+12     1.569004902e+30     33.39202829         123.141984          0.5128426971        0.0
0.0009220047353     1.541548406e+12     1.584364118e+30     33.38763999         123.2216785         0.5185162573        0.0
0.00093743628       1.567379765e+12     1.599757952e+30     33.38355178         123.2985567         0.5242207608        0.0
0.0009531261016     1.593643863e+12     1.614869169e+30     33.38035494         123.3670517         0.5300745208        0.0
0.000969078523      1.620347669e+12     1.630966672e+30     33.37593428         123.4449185         0.5355778194        0.0
0.0009852979392     1.647498822e+12     1.647399582e+30     33.37131694         123.5243239         0.5410010933        0.0
0.001001788819      1.675104799e+12     1.664091843e+30     33.36666693         123.6039706         0.546377235         0.0
0.001018555706      1.703172824e+12     1.681184751e+30     33.36201108         123.6833674         0.551651709         0.0
0.001035603219      1.731710706e+12     1.698033513e+30     33.35822232         123.7545017         0.5570630428        0.0
0.001052936055      1.760726934e+12     1.71514381e+30      33.3542934          123.8261948         0.5624257127        0.0
0.001070558991      1.790229958e+12     1.733034966e+30     33.3493977          123.9053861         0.5675588048        0.0
0.00108847688       1.820226794e+12     1.751357771e+30     33.34443744         123.9839616         0.5725887868        0.0
0.00110669466       1.85072561e+12      1.769971938e+30     33.33943965         124.0627628         0.5775764213        0.0
0.001125217351      1.881734936e+12     1.788869283e+30     33.33438269         124.1417061         0.5825254571        0.0
0.001144050054      1.913263644e+12     1.808100928e+30     33.32918772         124.2200316         0.5874112992        0.0
0.00116319796       1.94532017e+12      1.827197843e+30     33.32516846         124.2899766         0.5924040832        0.0
0.001182666343      1.977913981e+12     1.846700933e+30     33.32082023         124.3618713         0.5973195198        0.0
0.001202460567      2.01105431e+12      1.866925591e+30     33.31546367         124.4402637         0.6020581509        0.0
0.001222586086      2.044748909e+12     1.887724964e+30     33.31017145         124.5184517         0.6066756018        0.0
0.001243048445      2.079008208e+12     1.908813064e+30     33.30477264         124.5965529         0.611265821         0.0
0.001263853282      2.1138414e+12       1.930202742e+30     33.29927599         124.6746334         0.6158271373        0.0
0.001285006327      2.14925732e+12      1.951997075e+30     33.29369887         124.7524651         0.6203277373        0.0
0.001306513411      2.18526641e+12      1.974292209e+30     33.2881318          124.8301938         0.624745767         0.0
0.001328380457      2.221879401e+12     1.996922727e+30     33.28248904         124.9079746         0.6291336353        0.0
0.00135061349       2.259106437e+12     2.019886331e+30     33.27675614         124.985752          0.6334930889        0.0
0.001373218637      2.296955569e+12     2.043386519e+30     33.2709999          125.0631625         0.6377645336        0.0
0.001396202125      2.335437881e+12     2.067271694e+30     33.26511663         125.1402893         0.6419961679        0.0
0.001419570287      2.374565212e+12     2.091531338e+30     33.25915674         125.2174696         0.6461965978        0.0
0.00144332956       2.414349701e+12     2.116241507e+30     33.25318208         125.2947367         0.6503474248        0.0
0.001467486491      2.454799111e+12     2.141529904e+30     33.24721903         125.3717967         0.6544133136        0.0
0.001492047735      2.495926085e+12     2.167188519e+30     33.24112657         125.4487238         0.6584549333        0.0
0.001517020059      2.537741941e+12     2.193231465e+30     33.23491778         125.5255588         0.6624707774        0.0
0.001542410344      2.580257045e+12     2.219862903e+30     33.22874776         125.6023288         0.6664094           0.0
0.001568225585      2.623486233e+12     2.246949495e+30     33.22245603         125.6787271         0.6703058756        0.0
0.001594472894      2.667439549e+12     2.274458711e+30     33.21606938         125.755129          0.6741753799        0.0
0.001621159503      2.71212775e+12      2.302428879e+30     33.20960516         125.8315375         0.6780107337        0.0
0.001648292764      2.757564679e+12     2.331048804e+30     33.20311689         125.9074286         0.6817613328        0.0
0.001675880153      2.803762494e+12     2.360142313e+30     33.19659001         125.9835083         0.6854817568        0.0
0.001703929271      2.850733945e+12     2.389697956e+30     33.18998362         126.0596335         0.6891757378        0.0
0.001732447846      2.898491786e+12     2.419752644e+30     33.18319417         126.1350447         0.6928282631        0.0
0.001761443734      2.947050428e+12     2.45047444e+30      33.17647543         126.2106461         0.6964119588        0.0
0.001790924925      2.9964224e+12       2.481704637e+30     33.16970602         126.2863949         0.6999669884        0.0
0.001820899541      3.046620954e+12     2.513431914e+30     33.16285143         126.3621549         0.7034966793        0.0
0.001851375841      3.097660544e+12     2.545838824e+30     33.15592893         126.4372923         0.706954924         0.0
0.001882362221      3.149554155e+12     2.578742297e+30     33.14884444         126.5120812         0.7103894431        0.0
0.001913867218      3.202316942e+12     2.612383347e+30     33.14119644         126.5895489         0.7137549593        0.0
0.001945899513      3.255964535e+12     2.647292846e+30     33.1322466          126.6747105         0.7169458866        0.0
0.001978467931      3.310510959e+12     2.682164606e+30     33.12479866         126.7504283         0.7202299841        0.0
0.002011581444      3.365970575e+12     2.717487732e+30     33.11747759         126.8249022         0.7235122807        0.0
0.002045249177      3.422358587e+12     2.753379094e+30     33.11006619         126.8994044         0.7267708375        0.0
0.002079480405      3.47969114e+12      2.790015385e+30     33.10262878         126.9735416         0.7299664894        0.0
0.002114284559      3.537983791e+12     2.827293638e+30     33.0951393          127.0475848         0.7331261559        0.0
0.002149671228      3.597252593e+12     2.865405229e+30     33.08792358         127.1230405         0.7362314008        0.0
0.002185650162      3.657513564e+12     2.904651044e+30     33.08134821         127.2012116         0.7392414685        0.0
0.002222231274      3.718785639e+12     2.944089902e+30     33.07082419         127.2800024         0.7422303606        0.0
0.002259424642      3.781083163e+12     2.984063844e+30     33.06161813         127.355798          0.7452319           0.0
0.002297240513      3.844423548e+12     3.02463668e+30      33.05368335         127.4291095         0.7482369421        0.0
0.002335689307      3.90882566e+12      3.065994885e+30     33.04572529         127.5021723         0.7511915655        0.0
0.002374781615      3.974305955e+12     3.108094895e+30     33.03767968         127.5749126         0.7541060084        0.0
0.00241452821       4.04088318e+12      3.151207459e+30     33.02878414         127.6515061         0.7569430963        0.0
0.002454940042      4.108575917e+12     3.195553032e+30     33.0186165          127.7341045         0.7596710564        0.0
0.002496028244      4.177403185e+12     3.239888893e+30     33.01029506         127.8060378         0.7624843539        0.0
0.002537804137      4.247381691e+12     3.284951096e+30     33.00191076         127.8780526         0.7652753959        0.0
0.002580279231      4.318531767e+12     3.330752743e+30     32.99345827         127.9501577         0.7680444886        0.0
0.002623465229      4.390874943e+12     3.377383365e+30     32.98494677         128.0220719         0.7707743389        0.0
0.002667374029      4.464428907e+12     3.425611254e+30     32.97467812         128.1017167         0.7733460476        0.0
0.002712017727      4.539215016e+12     3.47433073e+30      32.96486788         128.1783809         0.7759416576        0.0
0.002757408625      4.615254168e+12     3.523308811e+30     32.95602858         128.2496067         0.7785954621        0.0
0.002803559228      4.692567858e+12     3.573306254e+30     32.94728777         128.3208245         0.7811876039        0.0
0.002850482251      4.771174929e+12     3.62406815e+30      32.93836657         128.3915685         0.783760565         0.0
0.002898190623      4.851098761e+12     3.675888768e+30     32.9287088          128.4649739         0.786279225         0.0
0.002946697486      4.932363148e+12     3.729269004e+30     32.91751311         128.5450521         0.7886762419        0.0
0.002996016207      5.014986198e+12     3.782735364e+30     32.9081082          128.6157905         0.7911475156        0.0
0.003046160373      5.098993871e+12     3.837004602e+30     32.89885751         128.685852          0.793609127         0.0
0.003097143798      5.184409464e+12     3.892215375e+30     32.88915655         128.7568521         0.7960409183        0.0
0.003148980531      5.27125481e+12      3.948630648e+30     32.87669369         128.8321772         0.7983797801        0.0
0.003201684852      5.359554264e+12     4.006225508e+30     32.86705496         128.9054805         0.8006943083        0.0
0.003255271283      5.449333076e+12     4.064567243e+30     32.85797345         128.9767942         0.8030163332        0.0
0.003309754587      5.540616434e+12     4.123380299e+30     32.84816004         129.0455363         0.8053601779        0.0
0.003365149775      5.633427201e+12     4.183389125e+30     32.83847085         129.1143003         0.8076430619        0.0
0.00342147211       5.727792994e+12     4.244824864e+30     32.82729722         129.1879784         0.8098493065        0.0
0.003478737108      5.823740018e+12     4.307422426e+30     32.81548262         129.2635436         0.8120160387        0.0
0.003536960548      5.921294784e+12     4.370386171e+30     32.80552351         129.3318849         0.8142346116        0.0
0.003596158471      6.020482666e+12     4.434331089e+30     32.79536834         129.399389          0.8164263412        0.0
0.003656347186      6.121331829e+12     4.499301238e+30     32.78514246         129.4669864         0.8186000689        0.0
0.003717543276      6.223870233e+12     4.565349401e+30     32.77489258         129.5348523         0.8207529769        0.0
0.003779763602      6.328126134e+12     4.632474959e+30     32.76449565         129.6016437         0.8228668072        0.0
0.003843025306      6.434128406e+12     4.701290686e+30     32.75250463         129.6740756         0.824894968         0.0
0.003907345819      6.541905999e+12     4.771282469e+30     32.74018464         129.7473706         0.8268976608        0.0
0.00397274286       6.651487606e+12     4.841656178e+30     32.72950951         129.8138349         0.8289532977        0.0
0.004039234448      6.762904796e+12     4.913285951e+30     32.71885369         129.8801294         0.8309682059        0.0
0.004106838902      6.876190037e+12     4.985235672e+30     32.70499618         129.9445408         0.8330157997        0.0
0.004175574849      6.99137075e+12      5.059697107e+30     32.69736207         130.01135           0.8349711297        0.0
0.004245461225      7.10848163e+12      5.134943471e+30     32.68523131         130.0794238         0.8369019726        0.0
0.004316517286      7.22755342e+12      5.211580724e+30     32.6732454          130.1481458         0.838797009         0.0
0.004388762608      7.34862072e+12      5.289428167e+30     32.66114641         130.2165632         0.840670988         0.0
0.004462217097      7.471714503e+12     5.368158115e+30     32.64967095         130.2818983         0.8425547521        0.0
0.00453690099       7.596870344e+12     5.447812636e+30     32.63866111         130.3448114         0.8444436319        0.0
0.004612834863      7.724122004e+12     5.528830097e+30     32.62753289         130.4078473         0.8463034108        0.0
0.004690039637      7.853506429e+12     5.611615624e+30     32.61496453         130.474827          0.848096269         0.0
0.004768536583      7.985056536e+12     5.695702966e+30     32.60231314         130.5416214         0.8498690894        0.0
0.004848347329      8.118810563e+12     5.780862354e+30     32.5903228          130.6060052         0.8516434981        0.0
0.004929493863      8.254804526e+12     5.866990199e+30     32.57883157         130.6675565         0.8534257436        0.0
0.005011998542      8.393077128e+12     5.954525683e+30     32.56733769         130.7290815         0.8551841673        0.0
0.005095884098      8.533664626e+12     6.044006322e+30     32.55432104         130.7948384         0.8568748079        0.0
0.005181173642      8.676606976e+12     6.134857441e+30     32.5411658          130.8602268         0.8585479889        0.0
0.005267890672      8.821942582e+12     6.225682832e+30     32.53155848         130.9142339         0.8603151835        0.0
0.005356059081      8.969713115e+12     6.319357303e+30     32.51820606         130.9789894         0.8619503514        0.0
0.00544570316       9.119958564e+12     6.414537528e+30     32.50478587         131.0435982         0.8635647784        0.0
0.005536847607      9.272722007e+12     6.510665529e+30     32.49264113         131.1039474         0.8652007091        0.0
0.005629517533      9.428042953e+12     6.607975842e+30     32.48277328         131.1607514         0.8668500479        0.0
0.005723738472      9.585964584e+12     6.707505047e+30     32.46793961         131.2260495         0.8684095869        0.0
0.005819536381      9.746532245e+12     6.808723887e+30     32.45367714         131.2876777         0.869952169         0.0
0.005916937655      9.909790124e+12     6.910057904e+30     32.44354221         131.340197          0.8715802593        0.0
0.006015969129      1.007578021e+13     7.014542726e+30     32.42955825         131.4031884         0.873082937         0.0
0.006116658088      1.02445509e+13      7.120593096e+30     32.41539647         131.4655704         0.8745725486        0.0
0.006219032272      1.041614813e+13     7.226771632e+30     32.40493774         131.517028          0.8761465508        0.0
0.006323119888      1.059062102e+13     7.336231244e+30     32.39063085         131.5789981         0.8775991645        0.0
0.006428949612      1.076801429e+13     7.447383161e+30     32.37617553         131.6404991         0.8790374807        0.0
0.006536550604      1.094837903e+13     7.558820387e+30     32.36556239         131.691568          0.8805532652        0.0
0.006645952507      1.113176486e+13     7.673626858e+30     32.35097966         131.752794          0.8819541201        0.0
0.006757185464      1.131822193e+13     7.790028265e+30     32.33669438         131.8122137         0.8833531051        0.0
0.006870280121      1.150780427e+13     7.907156853e+30     32.32537993         131.8637644         0.884805412         0.0
0.006985267638      1.17005584e+13      8.027512304e+30     32.31038652         131.9235878         0.8861621254        0.0
0.007102179694      1.189654316e+13     8.148259516e+30     32.29928685         131.9730871         0.8875939623        0.0
0.007221048502      1.209580901e+13     8.272710057e+30     32.28421681         132.032835          0.8889139263        0.0
0.007341906811      1.229841269e+13     8.397541496e+30     32.27298523         132.0819687         0.8903112146        0.0
0.007464787918      1.25044106e+13      8.526130933e+30     32.25769549         132.1409569         0.8916014153        0.0
0.007589725681      1.271385806e+13     8.65687129e+30      32.24226763         132.1995003         0.8928776997        0.0
0.00771675452       1.292681421e+13     8.788283949e+30     32.23091911         132.2483929         0.894222517         0.0
0.007845909434      1.314333663e+13     8.923493443e+30     32.21523798         132.3060998         0.895470015         0.0
0.007977226007      1.336348358e+13     9.0595331e+30       32.203723           132.354513          0.8967827304        0.0
0.008110740418      1.358732013e+13     9.19952705e+30      32.18787925         132.411721          0.8979995771        0.0
0.008246489454      1.381490539e+13     9.340574696e+30     32.17554903         132.4604752         0.8992735849        0.0
0.008384510513      1.404630141e+13     9.485419804e+30     32.1601061          132.5159517         0.9004714464        0.0
0.008524841624      1.428157432e+13     9.632136292e+30     32.14688815         132.5667725         0.9016937806        0.0
0.00866752145       1.452078619e+13     9.781993501e+30     32.13215799         132.6198102         0.9028798413        0.0
0.0088125893        1.476400563e+13     9.935103117e+30     32.11569496         132.6749987         0.9040291791        0.0
0.008960085143      1.501129739e+13     1.008974857e+31     32.10379527         132.7223404         0.9052319761        0.0
0.009110049616      1.526273306e+13     1.024891689e+31     32.08730462         132.7775555         0.9063491071        0.0
0.009262524037      1.551837763e+13     1.040950027e+31     32.07506962         132.8236522         0.9075280133        0.0
0.009417550414      1.577830544e+13     1.057501942e+31     32.05844242         132.878502          0.9086175374        0.0
0.009575171459      1.60425876e+13      1.074219481e+31     32.04611893         132.9243726         0.9097664329        0.0
0.0097354306        1.631129604e+13     1.091460643e+31     32.02940529         132.9790979         0.910826718         0.0
0.009898371989      1.658450323e+13     1.108869417e+31     32.01680526         133.0239687         0.9119516899        0.0
0.01006404052       1.686228413e+13     1.126839711e+31     31.99987252         133.0779129         0.9129868627        0.0
0.01023248184       1.71447233e+13      1.145194334e+31     31.98288913         133.131497          0.9140116101        0.0
0.01040374235       1.7431898e+13       1.16377949e+31      31.97011901         133.176148          0.9150929945        0.0
0.01057786923       1.772386077e+13     1.182958673e+31     31.9528995          133.2291836         0.9160909286        0.0
0.01075491047       1.802074314e+13     1.20253275e+31      31.93638026         133.2799238         0.9170946597        0.0
0.01093491484       1.832257635e+13     1.222478244e+31     31.92268543         133.3260457         0.9181202078        0.0
0.01111793194       1.862946636e+13     1.243024514e+31     31.90514983         133.3780395         0.9190837927        0.0
0.01130401218       1.894151012e+13     1.263996626e+31     31.88921152         133.4263631         0.9200623597        0.0
0.01149320684       1.925876093e+13     1.285464473e+31     31.87456702         133.47382           0.9210384396        0.0
0.01168556803       1.95813515e+13      1.307583785e+31     31.85680511         133.5251782         0.9219652305        0.0
0.01188114877       1.990932951e+13     1.330263813e+31     31.83899108         133.5763578         0.9228809625        0.0
0.01208000293       2.024280491e+13     1.353537291e+31     31.82104699         133.627111          0.9237859824        0.0
0.0122821853        2.05818624e+13      1.377344613e+31     31.80445493         133.6737063         0.9247084183        0.0
0.01248775159       2.092658367e+13     1.401865258e+31     31.78866694         133.7228604         0.9256047707        0.0
0.01269675843       2.127711054e+13     1.427056265e+31     31.77166059         133.7711846         0.9264913754        0.0
0.01290926341       2.163348974e+13     1.453016213e+31     31.7535186          133.8214463         0.9273496335        0.0
0.01312532507       2.19958528e+13      1.479721646e+31     31.73524868         133.8713423         0.9281990802        0.0
0.01334500295       2.236426279e+13     1.507226751e+31     31.71697564         133.9212396         0.9290355764        0.0
0.01356835756       2.273887202e+13     1.53556151e+31      31.69865077         133.9710271         0.929862256         0.0
0.01379545045       2.311973495e+13     1.564758235e+31     31.68017028         134.0202523         0.9306798921        0.0
0.01402634417       2.350698094e+13     1.594958065e+31     31.65930374         134.0725786         0.9314599604        0.0
0.01426110236       2.390072006e+13     1.626125985e+31     31.63810218         134.1251312         0.9322279409        0.0
0.01449978968       2.430105388e+13     1.658226821e+31     31.6194917          134.1741235         0.9330125481        0.0
0.01474247189       2.470809573e+13     1.691428936e+31     31.59933063         134.2245375         0.9337747952        0.0
0.01498921587       2.51219472e+13      1.725817786e+31     31.57758898         134.2772837         0.9345076255        0.0
0.01524008959       2.554274084e+13     1.761292715e+31     31.55818844         134.3262699         0.9352591821        0.0
0.01549516216       2.597058691e+13     1.798165872e+31     31.53426239         134.3809346         0.9359533143        0.0
0.01575450388       2.640559955e+13     1.836171058e+31     31.51529341         134.4289017         0.9366915148        0.0
0.01601818618       2.684789358e+13     1.875728511e+31     31.49121456         134.4831518         0.9373678606        0.0
0.01628628172       2.729759941e+13     1.916710535e+31     31.46743695         134.5363567         0.9380410964        0.0
0.01655886436       2.775484843e+13     1.959180311e+31     31.44525629         134.5878554         0.9387192674        0.0
0.0168360092        2.821973845e+13     2.003255905e+31     31.42304108         134.6393527         0.9393884092        0.0
0.0171177926        2.869244119e+13     2.049185637e+31     31.39536046         134.6956988         0.9400035461        0.0
0.01740429219       2.917304227e+13     2.096736366e+31     31.37306072         134.7470376         0.9406567402        0.0
0.01769558691       2.966171774e+13     2.146332878e+31     31.34509397         134.80247           0.9412543321        0.0
0.01799175702       3.01585629e+13      2.197858272e+31     31.32054842         134.8574891         0.941864656         0.0
0.01829288411       3.066374844e+13     2.251442228e+31     31.29468441         134.9091098         0.9424710353        0.0
0.01859905114       3.117738752e+13     2.30737497e+31      31.26529702         134.9660375         0.9430315028        0.0
0.01891034248       3.169964658e+13     2.365545335e+31     31.23849243         135.019757          0.9436094202        0.0
0.01922684389       3.223064327e+13     2.426350654e+31     31.20466198         135.0790342         0.9441240935        0.0
0.01954864256       3.277054323e+13     2.489604775e+31     31.1763012          135.1335904         0.944675062         0.0
0.01987582717       3.331949331e+13     2.555575973e+31     31.14784384         135.1879129         0.945219042         0.0
0.02020848784       3.387765918e+13     2.624581944e+31     31.11370212         135.2463242         0.9457117535        0.0
0.02054671623       3.444516036e+13     2.696469383e+31     31.08511919         135.3003568         0.9462406482        0.0
0.02089060554       3.502217845e+13     2.771689307e+31     31.05068498         135.3579125         0.9467203695        0.0
0.02124025051       3.560886876e+13     2.850294407e+31     31.01610253         135.4148841         0.9471933753        0.0
0.02159574746       3.620539787e+13     2.932448089e+31     30.98145189         135.4718226         0.9476594698        0.0
0.02195719435       3.681190422e+13     3.018385814e+31     30.94704496         135.529948          0.9481127343        0.0
0.02232469076       3.742861017e+13     3.108350084e+31     30.90582586         135.5874182         0.9485309212        0.0
0.02269833793       3.80556306e+13      3.202359488e+31     30.87064388         135.6425551         0.9489787668        0.0
0.02307823882       3.869317408e+13     3.30093762e+31      30.82958317         135.7011118         0.9493770083        0.0
0.02346449808       3.934141501e+13     3.404120269e+31     30.78815499         135.758284          0.9497714948        0.0
0.02385722215       4.000052031e+13     3.512210485e+31     30.74674462         135.815706          0.950157587         0.0
0.02425651922       4.067066556e+13     3.625441162e+31     30.70493118         135.8715571         0.9505406387        0.0
0.02466249931       4.13520676e+13      3.744096685e+31     30.66291732         135.9273169         0.9509159806        0.0
0.02507527426       4.204488234e+13     3.8686177e+31       30.61471402         135.9840729         0.9512477807        0.0
0.02549495781       4.274932029e+13     3.999156166e+31     30.56611935         136.039956          0.9515733939        0.0
0.02592166557       4.346556548e+13     4.136035185e+31     30.51821197         136.0941167         0.9519018046        0.0
0.02635551512       4.419382733e+13     4.279621649e+31     30.47166246         136.1477194         0.9522317817        0.0
0.02679662599       4.493431947e+13     4.430351366e+31     30.41867869         136.2014759         0.952519669         0.0
0.02724511971       4.568722406e+13     4.588515545e+31     30.36905429         136.2535342         0.9528235304        0.0
0.02770111984       4.645274826e+13     4.754599768e+31     30.31252905         136.3047758         0.9530852669        0.0
0.02816475203       4.723113829e+13     4.928955476e+31     30.25674292         136.3551552         0.953346154         0.0
0.028636144         4.802256634e+13     5.112037257e+31     30.20228874         136.4042563         0.9536108761        0.0
0.02911542563       4.882730199e+13     5.304338757e+31     30.14098173         136.4509664         0.9538383594        0.0
0.02960272898       4.964553289e+13     5.506337091e+31     30.08562285         136.4982508         0.9540885512        0.0
0.0300981883        5.047749149e+13     5.71855871e+31      30.02314424         136.5418368         0.9543032322        0.0
0.03060194009       5.132341913e+13     5.941537226e+31     29.96031322         136.5841036         0.9545118012        0.0
0.03111412315       5.218353689e+13     6.175881021e+31     29.89716265         136.6249991         0.9547144208        0.0
0.03163487859       5.305810385e+13     6.422161644e+31     29.82654346         136.6625621         0.9548751913        0.0
0.03216434989       5.394736516e+13     6.681034905e+31     29.76238604         136.6992376         0.9550693792        0.0
0.03270268292       5.485156059e+13     6.953166731e+31     29.69079122         136.7326628         0.955219467         0.0
0.033250026         5.577091658e+13     7.239230721e+31     29.6193043          136.7635683         0.9553695336        0.0
0.03380652993       5.670572928e+13     7.54006656e+31      29.55354911         136.7965971         0.9555399279        0.0
0.03437234804       5.765625514e+13     7.8563319e+31       29.47948791         136.8223655         0.9556717603        0.0
0.03494763622       5.86227423e+13      8.188937776e+31     29.40127998         136.8444378         0.9557796877        0.0
0.03553255297       5.960546776e+13     8.538720098e+31     29.3247736          136.8648453         0.9558941217        0.0
0.03612725944       6.060470297e+13     8.906586098e+31     29.25014061         136.8850212         0.956011381         0.0
0.03673191948       6.162084322e+13     9.016228433e+31     21.50882351         100.6628551         0.9652049602        0.0
0.03734669968       6.265405546e+13     9.119791954e+31     13.45665253         62.97811052         0.9747660978        0.0
0.03797176943       6.370462356e+13     9.223490876e+31     5.269712795         24.66263835         0.9844872597        0.0
0.03860730093       6.477274499e+13     9.440532841e+31     0.0                 0.0                 0.9906761883        0.0
0.03925346929       6.585863799e+13     9.865332958e+31     0.0                 0.0                 0.9904868699        0.0
0.03991045254       6.696278307e+13     1.0313983e+32       0.0                 0.0                 0.9902935443        0.0
0.04057843168       6.808549097e+13     1.078476744e+32     0.0                 0.0                 0.9900964551        0.0
0.04125759076       6.922707865e+13     1.127872169e+32     0.0                 0.0                 0.989895536         0.0
0.04194811688       7.038788567e+13     1.179929654e+32     0.0                 0.0                 0.9896904971        0.0
0.04265020031       7.156821654e+13     1.234703216e+32     0.0                 0.0                 0.9894813479        0.0
0.04336403446       7.276839818e+13     1.292176098e+32     0.0                 0.0                 0.9892681602        0.0
0.04408981602       7.398876954e+13     1.352541128e+32     0.0                 0.0                 0.98905081          0.0
0.04482774495       7.522968813e+13     1.416259018e+32     0.0                 0.0                 0.9888289713        0.0
0.04557802456       7.649150295e+13     1.483119264e+32     0.0                 0.0                 0.988602874         0.0
0.04634086156       7.777456635e+13     1.553267574e+32     0.0                 0.0                 0.9883724435        0.0
0.04711646612       7.907923292e+13     1.62722177e+32      0.0                 0.0                 0.9881373461        0.0
0.04790505193       8.040586815e+13     1.704982526e+32     0.0                 0.0                 0.9878976631        0.0
0.04870683626       8.175485154e+13     1.786567404e+32     0.0                 0.0                 0.9876534263        0.0
0.04952204001       8.312658343e+13     1.87230054e+32      0.0                 0.0                 0.9874044631        0.0
0.05035088779       8.452144963e+13     1.962712705e+32     0.0                 0.0                 0.9871505027        0.0
0.05119360795       8.593981952e+13     2.057567048e+32     0.0                 0.0                 0.9868917543        0.0
0.05205043267       8.738209311e+13     2.157067671e+32     0.0                 0.0                 0.9866281374        0.0
0.05292159802       8.884871099e+13     2.262011794e+32     0.0                 0.0                 0.9863592745        0.0
0.05380734402       9.034007875e+13     2.372251406e+32     0.0                 0.0                 0.986085306         0.0
0.0547079147        9.185660845e+13     2.487886066e+32     0.0                 0.0                 0.9858062242        0.0
0.05562355819       9.339873976e+13     2.609466698e+32     0.0                 0.0                 0.9855218155        0.0
0.05655452675       9.496693131e+13     2.737530406e+32     0.0                 0.0                 0.9852318993        0.0
0.05750107689       9.65616017e+13      2.871853349e+32     0.0                 0.0                 0.9849366214        0.0
0.05846346939       9.818320349e+13     3.012719847e+32     0.0                 0.0                 0.9846358933        0.0
0.0594419694        9.983224221e+13     3.161370093e+32     0.0                 0.0                 0.9843293056        0.0
0.06043684651       1.015091606e+14     3.317327551e+32     0.0                 0.0                 0.9840170846        0.0
0.06144837482       1.03214428e+14      3.480869251e+32     0.0                 0.0                 0.9836991584        0.0
0.06247683304       1.049485456e+14     3.652942849e+32     0.0                 0.0                 0.9833752654        0.0
0.0635225045        1.067120421e+14     3.833930541e+32     0.0                 0.0                 0.9830453506        0.0
0.06458567732       1.085053842e+14     4.023703928e+32     0.0                 0.0                 0.9827094674        0.0
0.0656666444        1.103290891e+14     4.22282525e+32      0.0                 0.0                 0.9823674763        0.0
0.06676570357       1.121837113e+14     4.432748828e+32     0.0                 0.0                 0.9820190999        0.0
0.06788315763       1.140697675e+14     4.652841943e+32     0.0                 0.0                 0.9816644997        0.0
0.06901931446       1.159878007e+14     4.883561504e+32     0.0                 0.0                 0.9813035744        0.0
0.0701744871        1.179384113e+14     5.126538977e+32     0.0                 0.0                 0.9809360313        0.0
0.07134899379       1.199221161e+14     5.381667682e+32     0.0                 0.0                 0.9805619424        0.0
0.07254315814       1.219394722e+14     5.649085629e+32     0.0                 0.0                 0.9801812656        0.0
0.07375730916       1.239911021e+14     5.929980915e+32     0.0                 0.0                 0.9797938133        0.0
0.07499178136       1.260776748e+14     6.225565405e+32     0.0                 0.0                 0.9793994598        0.0
0.07624691486       1.281996966e+14     6.535355504e+32     0.0                 0.0                 0.9789982539        0.0
0.07752305546       1.303577728e+14     6.859982476e+32     0.0                 0.0                 0.9785900916        0.0
0.07882055475       1.325526816e+14     7.202234873e+32     0.0                 0.0                 0.9781747426        0.0
0.08013977023       1.347849489e+14     7.560920749e+32     0.0                 0.0                 0.9777522627        0.0
0.08148106534       1.370552208e+14     7.936745856e+32     0.0                 0.0                 0.977322548         0.0
0.08284480964       1.393642329e+14     8.33202401e+32      0.0                 0.0                 0.9768854595        0.0
0.08423137886       1.417126574e+14     8.747106522e+32     0.0                 0.0                 0.9764409558        0.0
0.08564115501       1.441011352e+14     9.181975142e+32     0.0                 0.0                 0.9759889571        0.0
0.08707452651       1.465304197e+14     9.638317039e+32     0.0                 0.0                 0.9755293512        0.0
0.08853188828       1.49001312e+14      1.011841755e+33     0.0                 0.0                 0.9750620969        0.0
0.09001364183       1.515144184e+14     1.062134733e+33     0.0                 0.0                 0.9745870898        0.0
0.09152019541       1.540704795e+14     1.114810976e+33     0.0                 0.0                 0.9741042129        0.0
0.0930519641        1.566704442e+14     1.170300271e+33     0.0                 0.0                 0.9736134858        0.0
0.09460936993       1.593149392e+14     1.228435363e+33     0.0                 0.0                 0.9731147619        0.0
0.09619284197       1.620047413e+14     1.289318661e+33     0.0                 0.0                 0.9726079169        0.0
0.0978028165        1.647407957e+14     1.353319816e+33     0.0                 0.0                 0.9720929855        0.0
0.09943973709       1.67523916e+14      1.420488245e+33     0.0                 0.0                 0.9715698635        0.0
0.1011040547        1.70354793e+14      1.490823504e+33     0.0                 0.0                 0.971038377         0.0
0.102796228         1.732342874e+14     1.564611986e+33     0.0                 0.0                 0.9704985556        0.0
0.104516723         1.76163587e+14      1.642178231e+33     0.0                 0.0                 0.9699504245        0.0
0.1062660139        1.791433336e+14     1.72327778e+33      0.0                 0.0                 0.9693935577        0.0
0.1080445826        1.821743352e+14     1.80843308e+33      0.0                 0.0                 0.968828244         0.0
0.1098529191        1.852579057e+14     1.89783777e+33      0.0                 0.0                 0.9682543287        0.0
0.1116915216        1.88394779e+14      1.991538663e+33     0.0                 0.0                 0.9676716949        0.0
0.1135608967        1.915857314e+14     2.089797736e+33     0.0                 0.0                 0.9670802879        0.0
0.1154615595        1.948321149e+14     2.192882684e+33     0.0                 0.0                 0.9664801259        0.0
0.1173940335        1.981348145e+14     2.300899985e+33     0.0                 0.0                 0.9658709981        0.0
0.1193588513        2.014947108e+14     2.414234029e+33     0.0                 0.0                 0.9652530729        0.0
0.1213565541        2.049131648e+14     2.533036563e+33     0.0                 0.0                 0.9646260734        0.0
0.1233876923        2.083911759e+14     2.657553504e+33     0.0                 0.0                 0.9639899429        0.0
0.1254528256        2.119295463e+14     2.788195637e+33     0.0                 0.0                 0.9633448901        0.0
0.127552523         2.155296166e+14     2.925055169e+33     0.0                 0.0                 0.9626906284        0.0
0.1296873628        2.191927997e+14     3.068582302e+33     0.0                 0.0                 0.9620271991        0.0
0.1318579334        2.229198134e+14     3.219053088e+33     0.0                 0.0                 0.9613545469        0.0
0.1340648327        2.267119119e+14     3.375946478e+33     0.0                 0.0                 0.9606377227        4.63365058e-05
0.1363086687        2.30570796e+14      3.538287022e+33     0.0                 0.0                 0.9598043605        0.0002367180701
0.1385900597        2.344972087e+14     3.707239905e+33     0.0                 0.0                 0.9589097639        0.0004980179669
0.1409096343        2.384925296e+14     3.883424379e+33     0.0                 0.0                 0.9579678682        0.0008123934758
0.1432680314        2.425581839e+14     4.067475602e+33     0.0                 0.0                 0.9569836097        0.001174493984
0.1456659009        2.466952966e+14     4.259708027e+33     0.0                 0.0                 0.9559659228        0.001571784846
0.1481039034        2.509050754e+14     4.460640023e+33     0.0                 0.0                 0.9549172834        0.002001759624
0.1505827107        2.551894523e+14     4.670867807e+33     0.0                 0.0                 0.9538396565        0.00246249861
0.1531030056        2.595494326e+14     4.89067162e+33      0.0                 0.0                 0.952736682         0.002948471729
0.1556654825        2.639866265e+14     5.120666641e+33     0.0                 0.0                 0.9516095733        0.003458838779
0.1582708475        2.685023736e+14     5.361433851e+33     0.0                 0.0                 0.9504599631        0.003992169146
0.1609198183        2.730983885e+14     5.613318307e+33     0.0                 0.0                 0.9492893929        0.004545421659
0.1636131248        2.777759867e+14     5.877004105e+33     0.0                 0.0                 0.9480990806        0.005118026768
0.1663515091        2.825370238e+14     6.153173976e+33     0.0                 0.0                 0.9468900524        0.005709020936
0.1691357255        2.873828759e+14     6.442178846e+33     0.0                 0.0                 0.9456631819        0.006316418238
0.1719665413        2.923153253e+14     6.744803987e+33     0.0                 0.0                 0.9444195229        0.006939708134
0.1748447362        2.973361706e+14     7.061844275e+33     0.0                 0.0                 0.9431601354        0.007578170848
0.1777711034        3.024469912e+14     7.393701267e+33     0.0                 0.0                 0.9418851           0.008230536919
0.180746449         3.076497203e+14     7.741234625e+33     0.0                 0.0                 0.9405953794        0.008896276159
0.1837715928        3.129463406e+14     8.105430948e+33     0.0                 0.0                 0.9392923227        0.009574754176
0.1868473682        3.18338126e+14      8.486685167e+33     0.0                 0.0                 0.9379755234        0.0102651599
0.1899746228        3.238278292e+14     8.885941311e+33     0.0                 0.0                 0.9366455538        0.01096704463
0.1931542181        3.294166667e+14     9.304448141e+33     0.0                 0.0                 0.9353044086        0.0116796349
0.19638703          3.351071902e+14     9.742615442e+33     0.0                 0.0                 0.9339509572        0.01240261813
0.1996739494        3.409011854e+14     1.020137804e+34     0.0                 0.0                 0.9325856084        0.01313559582
0.2030158818        3.468010872e+14     1.06824274e+34      0.0                 0.0                 0.9312109974        0.01387754476
0.2064137479        3.528087639e+14     1.118610657e+34     0.0                 0.0                 0.929825392         0.01462858057
0.2098684839        3.589262947e+14     1.17134608e+34      0.0                 0.0                 0.9284291519        0.01538834735
0.2133810417        3.651566672e+14     1.22663076e+34      0.0                 0.0                 0.9270246615        0.01615580529
0.216952389         3.715019867e+14     1.284536819e+34     0.0                 0.0                 0.9256107699        0.01693109343
0.2205835097        3.779641027e+14     1.345165104e+34     0.0                 0.0                 0.9241874187        0.01771401863
0.2242754043        3.845461615e+14     1.408701861e+34     0.0                 0.0                 0.9227563704        0.01850370691
0.2280290899        3.91250491e+14      1.475272683e+34     0.0                 0.0                 0.9213177833        0.01929989336
0.2318456008        3.980793383e+14     1.544975977e+34     0.0                 0.0                 0.9198706617        0.02010282649
0.2357259884        4.050360391e+14     1.617992623e+34     0.0                 0.0                 0.9184162056        0.020911853
0.2396713218        4.121230956e+14     1.694526798e+34     0.0                 0.0                 0.9169559623        0.021726098
0.2436826881        4.193432139e+14     1.774663953e+34     0.0                 0.0                 0.9154881315        0.02254627001
0.2477611924        4.266992794e+14     1.858566669e+34     0.0                 0.0                 0.9140129369        0.02337212497
0.2519079585        4.341947358e+14     1.946549098e+34     0.0                 0.0                 0.9125340463        0.02420184493
0.2561241287        4.418325519e+14     2.038671929e+34     0.0                 0.0                 0.9110483266        0.02503676493
0.2604108648        4.496152324e+14     2.13512623e+34      0.0                 0.0                 0.9095561503        0.02587663629
0.2647693477        4.575468656e+14     2.236210458e+34     0.0                 0.0                 0.9080600184        0.02672011756
0.2692007783        4.656304964e+14     2.342102247e+34     0.0                 0.0                 0.906559111         0.02756752987
0.2737063776        4.738694212e+14     2.452969941e+34     0.0                 0.0                 0.9050524811        0.02841925539
0.2782873868        4.822672535e+14     2.569092386e+34     0.0                 0.0                 0.9035414466        0.02927455163
0.2829450681        4.90828227e+14      2.690793527e+34     0.0                 0.0                 0.9020278249        0.03013240963
0.2876807049        4.995553002e+14     2.818209032e+34     0.0                 0.0                 0.9005091846        0.03099400873
0.2924956017        5.084522525e+14     2.951600681e+34     0.0                 0.0                 0.8989857908        0.03185915126
0.2973910851        5.175243991e+14     3.091436417e+34     0.0                 0.0                 0.8974613388        0.0327258197
0.3023685041        5.267747125e+14     3.237847393e+34     0.0                 0.0                 0.8959329657        0.03359546428
0.3074292298        5.362071751e+14     3.391118045e+34     0.0                 0.0                 0.8944004851        0.03446813474
0.3125746566        5.45827092e+14      3.551688077e+34     0.0                 0.0                 0.8928661957        0.03534256606
0.3178062022        5.55638838e+14      3.71989816e+34      0.0                 0.0                 0.8913301864        0.03621861184
0.3231253079        5.656462745e+14     3.895980594e+34     0.0                 0.0                 0.8897907918        0.03709716623
0.3285334391        5.758545615e+14     4.080322518e+34     0.0                 0.0                 0.8882484397        0.03797794942
0.334032086         5.862697717e+14     4.273544252e+34     0.0                 0.0                 0.8867069029        0.03885883608
0.3396227634        5.968954244e+14     4.475796005e+34     0.0                 0.0                 0.8851626057        0.0397417592
0.3453070118        6.077369987e+14     4.687497484e+34     0.0                 0.0                 0.883615682         0.04062660681
0.351086397         6.188011742e+14     4.909288406e+34     0.0                 0.0                 0.8820689073        0.0415117926
0.3569625116        6.300927309e+14     5.141551535e+34     0.0                 0.0                 0.8805216226        0.04239768484
0.3629369743        6.416166934e+14     5.384649341e+34     0.0                 0.0                 0.8789722725        0.04328507997
0.3690114314        6.533793963e+14     5.639146825e+34     0.0                 0.0                 0.8774217925        0.04417344555
0.3751875562        6.653891214e+14     5.905819518e+34     0.0                 0.0                 0.8758731927        0.0450610472
0.3814670506        6.776498356e+14     6.184920481e+34     0.0                 0.0                 0.8743231977        0.04594972375
0.3878516446        6.901677144e+14     6.477009584e+34     0.0                 0.0                 0.872771915         0.04683937047
0.3943430971        7.029520865e+14     6.782992951e+34     0.0                 0.0                 0.8712226139        0.04772813891
0.4009431968        7.16008651e+14      7.103348676e+34     0.0                 0.0                 0.8696736669        0.04861688971
0.4076537619        7.293440497e+14     7.43860319e+34      0.0                 0.0                 0.8681239094        0.04950627814
0.4144766415        7.429661044e+14     7.789537539e+34     0.0                 0.0                 0.8665745681        0.05039561319
0.4214137152        7.568844026e+14     8.157164208e+34     0.0                 0.0                 0.8650284307        0.0512832685
0.4284668944        7.711047574e+14     8.541866893e+34     0.0                 0.0                 0.8634818841        0.05217125788
0.4356381222        7.856352008e+14     8.944411081e+34     0.0                 0.0                 0.8619353234        0.05305939227
0.4429293745        8.004871407e+14     9.366039388e+34     0.0                 0.0                 0.8603920705        0.0539457168
0.4503426601        8.156678831e+14     9.807384576e+34     0.0                 0.0                 0.8588503884        0.05483123528
0.4578800215        8.311852752e+14     1.026917049e+35     0.0                 0.0                 0.857309078         0.05571661331
0.4655435353        8.470501185e+14     1.075248238e+35     0.0                 0.0                 0.8557692252        0.05660119983
0.473335313         8.632747231e+14     1.125869547e+35     0.0                 0.0                 0.8542337509        0.05748333077
0.4812575012        8.798658151e+14     1.178832077e+35     0.0                 0.0                 0.8526991109        0.05836501296
0.4893122826        8.968339714e+14     1.234242763e+35     0.0                 0.0                 0.8511653694        0.05924619792
0.4975018765        9.141936752e+14     1.292269402e+35     0.0                 0.0                 0.8496361844        0.06012478682
0.5058285393        9.319544063e+14     1.352998557e+35     0.0                 0.0                 0.848109627         0.06100186904
0.5142945649        9.501263269e+14     1.416530603e+35     0.0                 0.0                 0.8465844117        0.06187816846
0.5229022859        9.687228347e+14     1.483012005e+35     0.0                 0.0                 0.8450617667        0.06275298958
0.531654074         9.87759991e+14      1.552630805e+35     0.0                 0.0                 0.843544609         0.06362463599
0.5405523402        1.007246442e+15     1.625457571e+35     0.0                 0.0                 0.842029179         0.06449524914
0.5495995363        1.027195851e+15     1.701638666e+35     0.0                 0.0                 0.8405157308        0.06536470939
0.5587981547        1.047627068e+15     1.781401551e+35     0.0                 0.0                 0.8390077913        0.06623095322
0.56815073          1.068551519e+15     1.864864049e+35     0.0                 0.0                 0.8375034477        0.06709507473
0.5776598389        1.089983252e+15     1.952164579e+35     0.0                 0.0                 0.8360014274        0.06795782368
0.5873281012        1.111939253e+15     2.043502888e+35     0.0                 0.0                 0.8345027818        0.0688185646
0.5971581807        1.134440211e+15     2.1391331e+35       0.0                 0.0                 0.8330106954        0.06967548349
0.6071527857        1.157497545e+15     2.239155486e+35     0.0                 0.0                 0.8315212074        0.07053084077
0.6173146699        1.18112832e+15      2.343765628e+35     0.0                 0.0                 0.8300345034        0.07138452298
0.6276466331        1.205357643e+15     2.453275897e+35     0.0                 0.0                 0.8285543007        0.07223439333
0.6381515217        1.230200916e+15     2.567847522e+35     0.0                 0.0                 0.8270786275        0.07308160938
0.6488322301        1.255674728e+15     2.68766723e+35      0.0                 0.0                 0.8256059297        0.07392700687
0.659691701         1.281802384e+15     2.813010912e+35     0.0                 0.0                 0.8241377371        0.0747697648
0.6707329262        1.308611024e+15     2.944217184e+35     0.0                 0.0                 0.8226766762        0.07560831465
0.6819589479        1.336114788e+15     3.081427849e+35     0.0                 0.0                 0.8212191284        0.07644478036
0.6933728589        1.364336064e+15     3.224909695e+35     0.0                 0.0                 0.8197651109        0.07727912438
0.7049778039        1.393308965e+15     3.375092629e+35     0.0                 0.0                 0.818318658         0.07810904078
0.7167769803        1.423051579e+15     3.53218317e+35      0.0                 0.0                 0.8168771734        0.07893601696
0.7287736389        1.453586947e+15     3.696444744e+35     0.0                 0.0                 0.8154395264        0.07976069499
0.7409710849        1.484945489e+15     3.868263062e+35     0.0                 0.0                 0.8140072628        0.08058216284
0.7533726789        1.517162317e+15     4.048076244e+35     0.0                 0.0                 0.812582773         0.08139910138
0.7659818378        1.550255751e+15     4.236085261e+35     0.0                 0.0                 0.8111623971        0.08221358649
0.7788020355        1.584255735e+15     4.432659038e+35     0.0                 0.0                 0.8097462227        0.08302557474
0.7918368041        1.619208154e+15     4.638398072e+35     0.0                 0.0                 0.8083387598        0.08383245577
0.805089735         1.655134454e+15     4.853545992e+35     0.0                 0.0                 0.8069365224        0.08463624224
0.8185644795        1.692065899e+15     5.078479648e+35     0.0                 0.0                 0.8055387964        0.08543736616
0.8322647501        1.730045256e+15     5.31375724e+35      0.0                 0.0                 0.8041478606        0.08623449146
0.8461943214        1.769114541e+15     5.559910027e+35     0.0                 0.0                 0.8027645711        0.08702714306
0.8603570312        1.809299303e+15     5.817244182e+35     0.0                 0.0                 0.8013860908        0.08781695276
0.8747567816        1.850637089e+15     6.086256319e+35     0.0                 0.0                 0.8000125039        0.08860387821
0.8893975397        1.893199318e+15     6.367825201e+35     0.0                 0.0                 0.7986488993        0.08938496655
0.9042833395        1.936998335e+15     6.662167126e+35     0.0                 0.0                 0.7972904424        0.09016303434
0.9194182822        1.982084661e+15     6.969854268e+35     0.0                 0.0                 0.7959370365        0.09093813274
0.9348065375        2.028519228e+15     7.291714141e+35     0.0                 0.0                 0.7945918475        0.09170842869
0.9504523453        2.076345391e+15     7.628325658e+35     0.0                 0.0                 0.7932541217        0.09247436496
0.9663600162        2.125603016e+15     7.980174966e+35     0.0                 0.0                 0.7919217478        0.09323716659
0.9825339329        2.176351674e+15     8.348037714e+35     0.0                 0.0                 0.7905957683        0.09399622337
0.9989785516        2.228666781e+15     8.732919755e+35     0.0                 0.0                 0.7892794312        0.09474968505
1.015698403         2.282579313e+15     9.135205561e+35     0.0                 0.0                 0.7879686243        0.09549990254
1.032698094         2.338146814e+15     9.555657594e+35     0.0                 0.0                 0.7866633944        0.09624684447
1.049982307         2.395460404e+15     9.995538715e+35     0.0                 0.0                 0.7853683662        0.09698789715
1.067555806         2.454569233e+15     1.045539009e+36     0.0                 0.0                 0.7840798827        0.09772513988
1.085423431         2.515530977e+15     1.093600772e+36     0.0                 0.0                 0.7827971981        0.09845900747
1.103590106         2.578432777e+15     1.143859351e+36     0.0                 0.0                 0.7815229812        0.09918796782
1.122060836         2.643351742e+15     1.196416183e+36     0.0                 0.0                 0.7802573501        0.09991193945
1.140840709         2.710343005e+15     1.251342049e+36     0.0                 0.0                 0.7789977956        0.1006324051
1.159934899         2.779492066e+15     1.308754049e+36     0.0                 0.0                 0.7777452694        0.1013487868
1.179348669         2.850920929e+15     1.368813766e+36     0.0                 0.0                 0.7765030644        0.1020592377
1.199087365         2.924669424e+15     1.431575686e+36     0.0                 0.0                 0.7752671518        0.1027660435
1.219156427         3.00082747e+15      1.497160246e+36     0.0                 0.0                 0.7740376186        0.1034691572
1.239561384         3.079541974e+15     1.565768887e+36     0.0                 0.0                 0.7728188057        0.1041660974
1.260307858         3.160865956e+15     1.637472636e+36     0.0                 0.0                 0.7716070804        0.104858954
1.281401564         3.244895736e+15     1.712398325e+36     0.0                 0.0                 0.7704018779        0.1055480505
1.302848315         3.331777015e+15     1.790748325e+36     0.0                 0.0                 0.7692062423        0.1062316755
1.324654018         3.421607836e+15     1.872655283e+36     0.0                 0.0                 0.7680191888        0.1069103552
1.346824683         3.514476431e+15     1.95823728e+36      0.0                 0.0                 0.7668389321        0.1075851428
1.369366417         3.61052744e+15      2.047696127e+36     0.0                 0.0                 0.7656672055        0.1082550545
1.39228543          3.709920634e+15     2.141245938e+36     0.0                 0.0                 0.7645053324        0.1089193009
1.415588038         3.812727501e+15     2.238986959e+36     0.0                 0.0                 0.7633504466        0.1095795781
1.439280661         3.919093799e+15     2.341124444e+36     0.0                 0.0                 0.7622030156        0.110235586
1.463369825         4.029238197e+15     2.44794904e+36      0.0                 0.0                 0.7610669051        0.1108851224
1.487862169         4.143220835e+15     2.559555078e+36     0.0                 0.0                 0.7599379017        0.1115306279
1.51276444          4.261205424e+15     2.676158801e+36     0.0                 0.0                 0.758815956         0.1121721152
1.538083499         4.383449191e+15     2.798121829e+36     0.0                 0.0                 0.7577057473        0.1128069106
1.563826321         4.510029148e+15     2.925550903e+36     0.0                 0.0                 0.7566028991        0.1134375192
1.59                4.641116659e+15     3.058675534e+36     0.0                 0.0                 0.7555073164        0.1140640062
