0.476E-14           0.790E+01           0.101E+11           26.00               56.00               0.000   
0.491E-14           0.815E+01           0.101E+12           26.00               56.00               0.000    
0.699E-14           0.116E+02           0.121E+13           26.00               56.00               0.000    
0.990E-14           0.164E+02           0.140E+14           26.00               56.00               0.000    
0.272E-13           0.451E+02           0.170E+15           26.00               56.00               0.000    
0.127E-12           0.212E+03           0.582E+16           26.00               56.00               0.000    
0.693E-12           0.115E+04           0.190E+18           26.00               56.00               0.000    
0.630E-11           0.104E+05           0.974E+19           26.00               56.00               0.000    
0.158E-10           0.262E+05           0.497E+20           26.00               56.00               0.000    
0.397E-10           0.659E+05           0.243E+21           26.00               56.00               0.000    
0.998E-10           0.165E+06           0.115E+22           26.00               56.00               0.000    
0.251E-09           0.416E+06           0.527E+22           26.00               56.00               0.000    
0.629E-09           0.104E+07           0.232E+23           26.00               56.00               0.000    
0.158E-08           0.262E+07           0.975E+23           26.00               56.00               0.000    
0.397E-08           0.659E+07           0.391E+24           26.00               56.00               0.000    
0.500E-08           0.829E+07           0.526E+24           28.00               62.00               0.000    
0.998E-08           0.166E+08           0.144E+25           28.00               62.00               0.000    
0.199E-07           0.330E+08           0.383E+25           28.00               62.00               0.000    
0.397E-07           0.659E+08           0.101E+26           28.00               62.00               0.000    
0.792E-07           0.132E+09           0.260E+26           28.00               62.00               0.000
1e-07               165702297.7         3.316841047e+25     31.01786733         72.64471            0.0
1.016743328e-07     168477329.7         3.392175461e+25     31.01309983         72.64471            0.0
1.033766996e-07     171298809.4         3.46919934e+25      31.01949669         72.67090378         0.0
1.051075696e-07     174167555.3         3.547980454e+25     31.02896126         72.70432            0.0
1.068674201e-07     177084454.0         3.628569487e+25     31.02416646         72.70432            0.0
1.086567364e-07     180050115.8         3.710656674e+25     31.03338125         72.74025423         0.0
1.104760118e-07     183065448.6         3.794716465e+25     31.03780377         72.76392            0.0
1.12325748e-07      186131297.7         3.880881032e+25     31.03420017         72.76674696         0.0
1.142064548e-07     189248364.3         3.968834236e+25     31.04770999         72.80964141         0.0
1.16118651e-07      192417703.1         4.058829195e+25     31.04884073         72.82353            0.0
1.180628637e-07     195640219.5         4.150807953e+25     31.0488899          72.83601067         0.0
1.20039629e-07      198916865.0         4.244598149e+25     31.06083091         72.87906234         0.0
1.220494919e-07     202248136.1         4.340409023e+25     31.07270638         72.92192888         0.0
1.240930066e-07     205635220.8         4.438607708e+25     31.07599062         72.94273            0.0
1.261707366e-07     209079078.1         4.539191549e+25     31.07337349         72.94838582         0.0
1.282832546e-07     212580603.4         4.641618105e+25     31.08525503         72.99132774         0.0
1.304311433e-07     216140755.1         4.746631961e+25     31.08473445         73.00234            0.0
1.326149947e-07     219760572.8         4.854006076e+25     31.08587215         73.01766012         0.0
1.348354111e-07     223441099.4         4.963548713e+25     31.09778664         73.06075815         0.0
1.370930047e-07     227183145.8         5.075425023e+25     31.10962012         73.10361454         0.0
1.393883979e-07     230987885.8         5.190112579e+25     31.11176933         73.12155            0.0
1.417222236e-07     234856350.1         5.307520382e+25     31.11023607         73.13003521         0.0
1.440951253e-07     238789533.0         5.42714852e+25      31.12208881         73.1730189          0.0
1.465077573e-07     242788749.8         5.549402974e+25     31.13391511         73.21591879         0.0
1.489607847e-07     246854978.6         5.674651772e+25     31.13872256         73.24076            0.0
1.514548841e-07     250989290.3         5.803029027e+25     31.1345282          73.24242994         0.0
1.539907429e-07     255192601.5         5.93366119e+25      31.14632963         73.28529844         0.0
1.565690605e-07     259466498.4         6.067591773e+25     31.14734239         73.30036            0.0
1.591905476e-07     263812037.0         6.204627472e+25     31.14688999         73.31168307         0.0
1.618559272e-07     268230227.3         6.344320285e+25     31.15872473         73.35472104         0.0
1.645659342e-07     272722520.7         6.48703824e+25      31.17050471         73.39759662         0.0
1.673213156e-07     277290028.8         6.633064017e+25     31.173389           73.41957            0.0
1.701228313e-07     281934001.8         6.782466159e+25     31.16883199         73.42406718         0.0
1.729712538e-07     286655829.8         6.93498897e+25      31.18060396         73.46699118         0.0
1.758673682e-07     291456751.3         7.090916731e+25     31.19237088         73.50991304         0.0
1.788119733e-07     296338074.8         7.250600852e+25     31.19868665         73.53878            0.0
1.818058809e-07     301301126.7         7.414315488e+25     31.19382851         73.53878            0.0
1.848499165e-07     306347301.9         7.580927191e+25     31.20464807         73.57927381         0.0
1.879449193e-07     311477974.3         7.750994792e+25     31.21550683         73.62224131         0.0
1.910917428e-07     316694566.8         7.924894487e+25     31.22311194         73.65799            0.0
1.942912546e-07     321998547.0         8.103631817e+25     31.21826411         73.65799            0.0
1.975443368e-07     327391434.2         8.285763211e+25     31.22638571         73.69158233         0.0
2.008518865e-07     332874645.0         8.47165065e+25      31.23748586         73.73459322         0.0
2.042148156e-07     338449657.2         8.661416631e+25     31.24744866         73.7772             0.0
2.076340513e-07     344118045.2         8.856547265e+25     31.24260584         73.7772             0.0
2.111105364e-07     349881441.6         9.055244848e+25     31.24704138         73.80390937         0.0
2.146452294e-07     355741371.8         9.258069742e+25     31.25753039         73.84696278         0.0
2.182391049e-07     361699309.4         9.465866899e+25     31.26924443         73.88998104         0.0
2.218931539e-07     367757174.9         9.677901009e+25     31.28021997         73.93286489         0.0
2.256083838e-07     373916490.7         9.89509173e+25      31.28345188         73.95601            0.0
2.29385819e-07      380178921.9         1.011759173e+26     31.27897418         73.95935037         0.0
2.332265011e-07     386546241.7         1.034372696e+26     31.28900631         74.00225493         0.0
2.37131489e-07      393020298.3         1.057541187e+26     31.30015495         74.04518412         0.0
2.411018594e-07     399602796.1         1.081264316e+26     31.30633893         74.07522            0.0
2.451387069e-07     406295452.9         1.105532124e+26     31.29982059         74.07522            0.0
2.492431448e-07     413100310.8         1.130267446e+26     31.30919583         74.11454762         0.0
2.534163046e-07     420019100.5         1.155558511e+26     31.32002252         74.15752205         0.0
2.57659337e-07      427053744.8         1.181417072e+26     31.33075261         74.20060025         0.0
2.619734118e-07     434206329.8         1.20780103e+26      31.34074088         74.24355221         0.0
2.663597187e-07     441478648.8         1.234846811e+26     31.33825976         74.25404            0.0
2.708194669e-07     448872780.9         1.262524809e+26     31.33841162         74.2698775          0.0
2.753538861e-07     456390806.0         1.290815882e+26     31.35004999         74.31298392         0.0
2.799642266e-07     464034707.7         1.31961669e+26      31.36001247         74.35582959         0.0
2.846517596e-07     471806653.8         1.349067428e+26     31.36996564         74.39878652         0.0
2.894177775e-07     479708822.9         1.379204553e+26     31.38027588         74.44185142         0.0
2.942635943e-07     487743483.5         1.410079509e+26     31.39184944         74.48484391         0.0
2.991905463e-07     495912495.8         1.441648451e+26     31.3885256          74.49245            0.0
3.041999918e-07     504218415.9         1.473883172e+26     31.38913678         74.51113383         0.0
3.092933121e-07     512663614.9         1.506775711e+26     31.39908792         74.55424429         0.0
3.144719116e-07     521250001.7         1.54036661e+26      31.40897665         74.59712171         0.0
3.197372181e-07     529980327.9         1.574710016e+26     31.41886828         74.64006066         0.0
3.250906833e-07     538856952.8         1.60983009e+26      31.42877487         74.683107           0.0
3.305337833e-07     547882259.9         1.645728833e+26     31.43866947         74.72614688         0.0
3.36068019e-07      557058712.8         1.682527646e+26     31.43392923         74.73087            0.0
3.416949161e-07     566388842.5         1.720102478e+26     31.43559423         74.75240017         0.0
3.474160263e-07     575875244.6         1.758453015e+26     31.44548199         74.79549157         0.0
3.532329269e-07     585520686.8         1.797629512e+26     31.4553189          74.838417           0.0
3.591472217e-07     595327624.8         1.837671006e+26     31.4651463          74.88133814         0.0
3.651605416e-07     605298861.4         1.878617506e+26     31.47498994         74.92436566         0.0
3.712745444e-07     615437220.1         1.920483847e+26     31.48483772         74.96745307         0.0
3.77490916e-07      625745296.4         1.963236004e+26     31.49462458         75.010306           0.0
3.838113703e-07     636226059.9         2.00697395e+26      31.4941951          75.02889            0.0
3.902376501e-07     646882394.1         2.05170956e+26      31.48922897         75.03673453         0.0
3.967715272e-07     657717176.3         2.097389772e+26     31.49902074         75.07971402         0.0
4.034148031e-07     668733511.9         2.144067946e+26     31.50878267         75.12261299         0.0
4.101693096e-07     679934406.9         2.191800699e+26     31.51856155         75.1656204          0.0
4.17036909e-07      691322934.8         2.240612136e+26     31.52835821         75.20873816         0.0
4.240194949e-07     702902138.0         2.290453138e+26     31.53808191         75.25159684         0.0
4.311189925e-07     714675384.1         2.341311786e+26     31.54677195         75.29454339         0.0
4.383373593e-07     726645880.0         2.393297775e+26     31.55528055         75.33759733         0.0
4.456765856e-07     738816841.6         2.446553055e+26     31.56501331         75.38061724         0.0
4.53138695e-07      751191676.2         2.500956518e+26     31.57470555         75.42350251         0.0
4.607257449e-07     763773859.3         2.556504068e+26     31.58362876         75.46649252         0.0
4.684398273e-07     776566855.8         2.613246056e+26     31.59037587         75.50573            0.0
4.762830691e-07     789573979.3         2.671575105e+26     31.58375529         75.50573            0.0
4.842576329e-07     802799120.4         2.730905881e+26     31.58738704         75.53581936         0.0
4.923657174e-07     816245846.2         2.791506349e+26     31.59593246         75.57885463         0.0
5.006095583e-07     829917780.4         2.853589958e+26     31.60561568         75.62192227         0.0
5.089914285e-07     843818672.3         2.916807612e+26     31.61370487         75.66478942         0.0
5.17513639e-07      857952411.1         2.981544911e+26     31.62258342         75.70776037         0.0
5.261785398e-07     872322942.5         3.047804619e+26     31.63198006         75.75083455         0.0
5.349885198e-07     886934403.9         3.115315462e+26     31.63993623         75.79378792         0.0
5.439460082e-07     901790465.7         3.184385353e+26     31.6485111          75.83669849         0.0
5.530534748e-07     916895437.1         3.255036323e+26     31.65729098         75.87971492         0.0
5.623134307e-07     932253595.9         3.327278839e+26     31.66608114         75.92283024         0.0
5.717284291e-07     947868793.2         3.400920142e+26     31.67397116         75.96567959         0.0
5.813010659e-07     963745592.4         3.4762155e+26       31.6818703          76.00863168         0.0
5.910339805e-07     979888395.5         3.553258065e+26     31.69015045         76.05168907         0.0
6.009298564e-07     996301690.1         3.63217942e+26      31.69971031         76.09469705         0.0
6.109914223e-07     1.012990001e+09     3.712594415e+26     31.70784047         76.13758494         0.0
6.212214523e-07     1.029957882e+09     3.794775022e+26     31.71570433         76.18058186         0.0
6.31622767e-07      1.047209999e+09     3.878803647e+26     31.72357671         76.22368865         0.0
6.421982343e-07     1.064751078e+09     3.964610826e+26     31.73139772         76.2665751          0.0
6.529507702e-07     1.082586014e+09     4.052324294e+26     31.73921461         76.30951099         0.0
6.638833393e-07     1.100719719e+09     4.14200876e+26      31.74704117         76.35255382         0.0
6.74998956e-07      1.119157154e+09     4.233673835e+26     31.75486017         76.39560177         0.0
6.863006851e-07     1.13790353e+09      4.327292521e+26     31.76263238         76.43846993         0.0
6.977916428e-07     1.156963941e+09     4.423014542e+26     31.77041312         76.48144892         0.0
7.094749973e-07     1.176343643e+09     4.520887678e+26     31.77820254         76.52453693         0.0
7.213539701e-07     1.196048006e+09     4.620859138e+26     31.78595373         76.56747072         0.0
7.334318365e-07     1.216082649e+09     4.722843664e+26     31.80624957         76.64216227         0.0
7.457119265e-07     1.236452923e+09     4.827079095e+26     31.82469543         76.71301551         0.0
7.581976261e-07     1.257164305e+09     4.933691612e+26     31.83159517         76.75611827         0.0
7.708923778e-07     1.278222633e+09     5.042713941e+26     31.83924465         76.79896829         0.0
7.83799682e-07      1.299633869e+09     5.154189707e+26     31.84693408         76.84192945         0.0
7.969230974e-07     1.321403873e+09     5.26816916e+26      31.85463483         76.88499874         0.0
8.102662424e-07     1.343538454e+09     5.384621438e+26     31.86230134         76.92797996         0.0
8.238327961e-07     1.36604378e+09      5.503287966e+26     31.86858186         76.97087986         0.0
8.376264991e-07     1.388926251e+09     5.62470212e+26      31.87525263         77.01388516         0.0
8.516511545e-07     1.412192239e+09     5.74906966e+26      31.88291395         77.05699291         0.0
8.659106294e-07     1.435847719e+09     5.876056596e+26     31.89052029         77.09986714         0.0
8.804088553e-07     1.459899676e+09     6.005604148e+26     31.89703138         77.14280826         0.0
8.951498298e-07     1.484354665e+09     6.137876242e+26     31.90757126         77.1970489          0.0
9.101376173e-07     1.509219276e+09     6.272964869e+26     31.93125031         77.28311358         0.0
9.253763502e-07     1.534500375e+09     6.411418023e+26     31.94080566         77.33136791         0.0
9.408702302e-07     1.560205036e+09     6.55282388e+26      31.9475357          77.37435414         0.0
9.566235294e-07     1.586340373e+09     6.697207409e+26     31.95357203         77.41744975         0.0
9.726405912e-07     1.612913617e+09     6.84509055e+26      31.96109365         77.4603643          0.0
9.889258319e-07     1.639932027e+09     6.995881722e+26     31.96739289         77.50328956         0.0
1.005483742e-06     1.667403132e+09     7.149905882e+26     31.97320733         77.5463213          0.0
1.022318886e-06     1.695334548e+09     7.307340461e+26     31.97901405         77.58939753         0.0
1.039435907e-06     1.723733295e+09     7.467972003e+26     32.00140409         77.67262485         0.0
1.056839524e-06     1.752608626e+09     7.63225983e+26      32.01508923         77.73483285         0.0
1.074534535e-06     1.781968273e+09     7.800373471e+26     32.02113567         77.77791084         0.0
1.092525819e-06     1.811818964e+09     7.972564195e+26     32.02857396         77.82087252         0.0
1.110818338e-06     1.842169711e+09     8.148058503e+26     32.03465581         77.86377453         0.0
1.129417134e-06     1.873028548e+09     8.327349415e+26     32.04036613         77.90678566         0.0
1.148327335e-06     1.904403766e+09     8.510638531e+26     32.04622417         77.95029263         0.0
1.167554157e-06     1.936305817e+09     8.697012183e+26     32.06777985         78.0359952          0.0
1.1871029e-06       1.968743077e+09     8.888010454e+26     32.07950567         78.09531087         0.0
1.206978953e-06     2.001723972e+09     9.083571042e+26     32.08515887         78.13836601         0.0
1.227187798e-06     2.035256433e+09     9.283379378e+26     32.09079433         78.18138151         0.0
1.247735006e-06     2.069351546e+09     9.487344019e+26     32.11130024         78.26059922         0.0
1.268626243e-06     2.104016935e+09     9.695909863e+26     32.12644848         78.32686676         0.0
1.289867269e-06     2.139261922e+09     9.909166624e+26     32.13191682         78.36996276         0.0
1.31146394e-06      2.175099619e+09     1.012627862e+27     32.13575754         78.41286534         0.0
1.333422211e-06     2.211537763e+09     1.034866125e+27     32.1407632          78.4557955          0.0
1.355748137e-06     2.248586088e+09     1.057596495e+27     32.15106132         78.51170253         0.0
1.378447873e-06     2.286254293e+09     1.080761282e+27     32.17249424         78.59782441         0.0
1.401527678e-06     2.324553873e+09     1.104501118e+27     32.1793356          78.64436149         0.0
1.424993916e-06     2.36349539e+09      1.128779793e+27     32.18482733         78.68733693         0.0
1.448853057e-06     2.40308964e+09      1.153587287e+27     32.19255015         78.73646479         0.0
1.47311168e-06      2.44334773e+09      1.17883745e+27      32.21382689         78.82235852         0.0
1.497776472e-06     2.484280038e+09     1.204649728e+27     32.22186399         78.87588446         0.0
1.522854235e-06     2.525897603e+09     1.231033925e+27     32.23197177         78.93461292         0.0
1.548351884e-06     2.568211598e+09     1.257990521e+27     32.25326011         79.02082732         0.0
1.574276448e-06     2.611235789e+09     1.285618552e+27     32.25892017         79.06446779         0.0
1.600635075e-06     2.654981237e+09     1.313810339e+27     32.26326196         79.10742452         0.0
1.627435034e-06     2.699459571e+09     1.342587407e+27     32.27050712         79.15936049         0.0
1.654683713e-06     2.74468176e+09      1.371967241e+27     32.29163709         79.24534707         0.0
1.682388625e-06     2.790662684e+09     1.401995425e+27     32.29836149         79.29597474         0.0
1.71055741e-06      2.837414498e+09     1.432740208e+27     32.30268144         79.33897556         0.0
1.739197835e-06     2.884949928e+09     1.464218352e+27     32.30866599         79.38414376         0.0
1.768317795e-06     2.933281365e+09     1.496133375e+27     32.32789405         79.46990369         0.0
1.79792532e-06      2.982422009e+09     1.528908419e+27     32.33792388         79.52750809         0.0
1.828028574e-06     3.032385937e+09     1.56242967e+27      32.34698063         79.58226118         0.0
1.858635857e-06     3.083187578e+09     1.596500894e+27     32.36620369         79.66834371         0.0
1.889755607e-06     3.134840518e+09     1.63141621e+27      32.37142795         79.71607568         0.0
1.921396405e-06     3.187358762e+09     1.667111167e+27     32.38355266         79.78046055         0.0
1.953566976e-06     3.240756943e+09     1.70359002e+27      32.4024871          79.86175429         0.0
1.986276189e-06     3.295051045e+09     1.740866195e+27     32.40588296         79.90467807         0.0
2.019533064e-06     3.350253801e+09     1.778842863e+27     32.4206042          79.97872479         0.0
2.053346769e-06     3.406381321e+09     1.817672761e+27     32.43434961         80.05022819         0.0
2.087726628e-06     3.463449658e+09     1.857464466e+27     32.43769865         80.09331325         0.0
2.12268212e-06      3.521474182e+09     1.897930034e+27     32.45588862         80.17706111         0.0
2.158222884e-06     3.580470883e+09     1.939380639e+27     32.46600313         80.23874203         0.0
2.194358718e-06     3.640456407e+09     1.981795942e+27     32.47210226         80.28953191         0.0
2.231099586e-06     3.701448512e+09     2.024975621e+27     32.49097298         80.37548099         0.0
2.268455619e-06     3.76346087e+09      2.069224168e+27     32.4974488          80.42729438         0.0
2.306437116e-06     3.826511971e+09     2.114419095e+27     32.50698603         80.48769185         0.0
2.34505455e-06      3.890619724e+09     2.160506024e+27     32.52584326         80.57392232         0.0
2.384318568e-06     3.955802737e+09     2.207549753e+27     32.54454288         80.65964248         0.0
2.424239997e-06     4.022077938e+09     2.255654047e+27     32.55232356         80.71843031         0.0
2.464829843e-06     4.089463622e+09     2.304828533e+27     32.5579476          80.77203124         0.0
2.506099298e-06     4.157978214e+09     2.35503761e+27      32.5766353          80.85807514         0.0
2.548059742e-06     4.227640646e+09     2.406492042e+27     32.58190907         80.90699382         0.0
2.590722742e-06     4.298470919e+09     2.458934899e+27     32.59146071         80.97022219         0.0
2.634100064e-06     4.370488593e+09     2.512344675e+27     32.60846389         81.05641622         0.0
2.678203666e-06     4.443711657e+09     2.567039876e+27     32.62697236         81.14223061         0.0
2.723045709e-06     4.518162669e+09     2.622957017e+27     32.63341983         81.19812563         0.0
2.768638557e-06     4.593861451e+09     2.680112729e+27     32.64001311         81.25454562         0.0
2.814994782e-06     4.670828043e+09     2.738489307e+27     32.65850884         81.34068406         0.0
2.862127163e-06     4.749084806e+09     2.798086991e+27     32.67687324         81.42641368         0.0
2.910048698e-06     4.828653532e+09     2.85902883e+27      32.68599879         81.48927223         0.0
2.958772599e-06     4.909555759e+09     2.921303057e+27     32.68948099         81.53890634         0.0
3.0083123e-06       4.991811554e+09     2.984678607e+27     32.70600335         81.62481513         0.0
3.05868146e-06      5.075448039e+09     3.049583075e+27     32.72384161         81.71063466         0.0
3.109893968e-06     5.160485944e+09     3.11588988e+27      32.74143964         81.79666757         0.0
3.161963944e-06     5.246947346e+09     3.18351796e+27      32.75792772         81.8828999          0.0
3.214905744e-06     5.334857845e+09     3.252823771e+27     32.75901216         81.92601004         0.0
3.268733966e-06     5.424243096e+09     3.323490103e+27     32.76927008         81.99490102         0.0
3.323463452e-06     5.515126699e+09     3.395600529e+27     32.78563501         82.08102225         0.0
3.379109292e-06     5.607530855e+09     3.469254896e+27     32.80193198         82.16702581         0.0
3.435686828e-06     5.701484683e+09     3.544470922e+27     32.81814111         82.2528018          0.0
3.493211661e-06     5.79701334e+09      3.621346365e+27     32.83436211         82.33879404         0.0
3.55169965e-06      5.894142938e+09     3.699938137e+27     32.84967994         82.42243176         0.0
3.611166923e-06     5.992899763e+09     3.780475826e+27     32.85050798         82.46532315         0.0
3.671629877e-06     6.093312949e+09     3.862550644e+27     32.86156225         82.53704996         0.0
3.733105181e-06     6.195409185e+09     3.946324397e+27     32.87766569         82.62313468         0.0
3.795609787e-06     6.299215089e+09     4.031913117e+27     32.89373423         82.70923361         0.0
3.859160927e-06     6.404760938e+09     4.119295741e+27     32.90969522         82.79497922         0.0
3.923776126e-06     6.512074922e+09     4.208448598e+27     32.92473269         82.88093482         0.0
3.989473198e-06     6.621186895e+09     4.299451115e+27     32.93910593         82.96710013         0.0
4.056270257e-06     6.732129131e+09     4.392642022e+27     32.95497234         83.05297085         0.0
4.124185722e-06     6.844930499e+09     4.487841239e+27     32.97079343         83.13880498         0.0
4.193238317e-06     6.959622036e+09     4.585164882e+27     32.98065617         83.20978768         0.0
4.263447083e-06     7.076235076e+09     4.684671686e+27     32.97941281         83.25288862         0.0
4.334831377e-06     7.194803987e+09     4.785997598e+27     32.9936558          83.33715587         0.0
4.407410882e-06     7.315358752e+09     4.889544739e+27     33.00844275         83.42307841         0.0
4.481205609e-06     7.437933304e+09     4.995335711e+27     33.02305697         83.50921388         0.0
4.556235906e-06     7.562563489e+09     5.103225372e+27     33.03685656         83.59517934         0.0
4.632522459e-06     7.689282235e+09     5.213711825e+27     33.05205435         83.6809711          0.0
4.710086304e-06     7.818124752e+09     5.326543859e+27     33.06685083         83.76697804         0.0
4.788948825e-06     7.949126614e+09     5.44162761e+27      33.08057678         83.85320125         0.0
4.869131767e-06     8.082324058e+09     5.559085802e+27     33.09416401         83.93893867         0.0
4.950657239e-06     8.217754187e+09     5.679107513e+27     33.10774166         84.02482475         0.0
5.033547718e-06     8.355454148e+09     5.801874249e+27     33.12179662         84.11092396         0.0
5.11782606e-06      8.49546114e+09      5.927601091e+27     33.13717984         84.196984           0.0
5.203515502e-06     8.637814542e+09     6.055587844e+27     33.15084603         84.28274413         0.0
5.29063967e-06      8.782554161e+09     6.1863287e+27       33.16427572         84.36871859         0.0
5.379222587e-06     8.929719936e+09     6.31989527e+27      33.17752266         84.45490595         0.0
5.469288677e-06     9.079351305e+09     6.455821052e+27     33.18898886         84.54073769         0.0
5.560862773e-06     9.231492086e+09     6.594939914e+27     33.21368532         84.657063           0.0
5.653970124e-06     9.386183314e+09     6.73725436e+27      33.23838244         84.77224995         0.0
5.748636402e-06     9.543466572e+09     6.882731515e+27     33.25162347         84.85840548         0.0
5.844887708e-06     9.703383911e+09     7.030736715e+27     33.26299426         84.94412836         0.0
5.942750582e-06     9.865983169e+09     7.182238447e+27     33.27526901         85.03006596         0.0
6.042252006e-06     1.003130897e+10     7.337302987e+27     33.28838178         85.11621682         0.0
6.143419415e-06     1.019940427e+10     7.495641131e+27     33.30141232         85.20214359         0.0
6.246280703e-06     1.037031751e+10     7.656917097e+27     33.31292503         85.28795611         0.0
6.350864231e-06     1.054409567e+10     7.821819853e+27     33.3247425          85.37398229         0.0
6.457198836e-06     1.072078648e+10     7.990683875e+27     33.3377804          85.46048095         0.0
6.565313836e-06     1.090043886e+10     8.161692578e+27     33.36354571         85.58902531         0.0
6.675239041e-06     1.108310173e+10     8.337248497e+27     33.38133252         85.69142004         0.0
6.78700476e-06      1.126882618e+10     8.517027039e+27     33.39368973         85.7775339          0.0
6.900641808e-06     1.145766444e+10     8.700160244e+27     33.40453415         85.86355544         0.0
7.01618152e-06      1.16496679e+10      8.887136287e+27     33.41529986         85.94933092         0.0
7.13365575e-06      1.18448893e+10      9.078135353e+27     33.43365775         86.05490884         0.0
7.25309689e-06      1.204338263e+10     9.273241977e+27     33.45992853         86.18112229         0.0
7.374537873e-06     1.224520526e+10     9.472516361e+27     33.4705404          86.26691587         0.0
7.498012181e-06     1.245040849e+10     9.676089352e+27     33.48111814         86.35277996         0.0
7.623553861e-06     1.265905123e+10     9.88384849e+27      33.49605437         86.45160005         0.0
7.751197526e-06     1.28711931e+10      1.009544251e+28     33.52134836         86.58077158         0.0
7.88097837e-06      1.308689032e+10     1.031224187e+28     33.53305862         86.67031277         0.0
8.012932179e-06     1.330620289e+10     1.053385972e+28     33.54345056         86.75626549         0.0
8.147095333e-06     1.352919137e+10     1.076018825e+28     33.55585081         86.84834697         0.0
8.283504824e-06     1.375591659e+10     1.099040033e+28     33.58081611         86.97718212         0.0
8.422198265e-06     1.398644387e+10     1.122625628e+28     33.59471127         87.07375623         0.0
8.563213895e-06     1.422083562e+10     1.14672047e+28      33.60422246         87.15979476         0.0
8.706590597e-06     1.445915544e+10     1.171283722e+28     33.6124872          87.24599897         0.0
8.852367902e-06     1.470147055e+10     1.196330395e+28     33.63677375         87.37363934         0.0
9.000586004e-06     1.494784721e+10     1.221986042e+28     33.65282604         87.47722664         0.0
9.15128577e-06      1.519835401e+10     1.248205025e+28     33.66542326         87.57210284         0.0
9.304508752e-06     1.545306083e+10     1.274811159e+28     33.68803183         87.70107312         0.0
9.460297196e-06     1.571203605e+10     1.302148594e+28     33.70020666         87.79472873         0.0
9.618694058e-06     1.597535301e+10     1.330027801e+28     33.71545333         87.89915821         0.0
9.77974301e-06      1.624308484e+10     1.358391917e+28     33.73727247         88.02655024         0.0
9.943488458e-06     1.651530384e+10     1.387453609e+28     33.74503782         88.1123046          0.0
1.010997555e-05     1.679208617e+10     1.417128553e+28     33.76353046         88.22632806         0.0
1.027925019e-05     1.707350728e+10     1.447447166e+28     33.78326576         88.34388592         0.0
1.045135905e-05     1.735964209e+10     1.478428045e+28     33.79090688         88.42996202         0.0
1.062634959e-05     1.76505862e+10      1.509932487e+28     33.81120379         88.55360858         0.0
1.080427005e-05     1.794640573e+10     1.542159303e+28     33.83413575         88.68255827         0.0
1.098516949e-05     1.824718014e+10     1.575132823e+28     33.85601733         88.80706696         0.0
1.116909778e-05     1.855299355e+10     1.608705769e+28     33.86144481         88.89291697         0.0
1.135610566e-05     1.886393043e+10     1.643063226e+28     33.88002076         89.00975903         0.0
1.154624466e-05     1.918008094e+10     1.678160593e+28     33.89754085         89.12442177         0.0
1.173956723e-05     1.950153538e+10     1.713945634e+28     33.90282599         89.2105943          0.0
1.193612665e-05     1.982838111e+10     1.750437188e+28     33.9234914          89.337072           0.0
1.213597714e-05     2.016070253e+10     1.78771584e+28      33.94493749         89.46596499         0.0
1.233917379e-05     2.049859468e+10     1.82580082e+28      33.96636632         89.59517672         0.0
1.254577263e-05     2.084216291e+10     1.864682989e+28     33.98765786         89.72409912         0.0
1.275583062e-05     2.119147303e+10     1.904401985e+28     33.99601746         89.81894722         0.0
1.296940568e-05     2.15466407e+10      1.944975199e+28     34.00743801         89.9222266          0.0
1.318655669e-05     2.1907772e+10       1.986409606e+28     34.02859358         90.05157157         0.0
1.340734354e-05     2.227495802e+10     2.028685737e+28     34.04951482         90.18014219         0.0
1.36318271e-05      2.264830182e+10     2.071773905e+28     34.06916865         90.30898577         0.0
1.386006925e-05     2.302790418e+10     2.115778922e+28     34.08462035         90.42772683         0.0
1.409213294e-05     2.341386359e+10     2.160858179e+28     34.08919753         90.51376375         0.0
1.432808215e-05     2.38062956e+10      2.206846022e+28     34.10750935         90.636251           0.0
1.456798193e-05     2.420531039e+10     2.253743924e+28     34.12719378         90.76522311         0.0
1.481189844e-05     2.461101786e+10     2.301561612e+28     34.14579234         90.89451531         0.0
1.505989892e-05     2.502352083e+10     2.35035203e+28      34.16420814         91.02323398         0.0
1.531205175e-05     2.544293734e+10     2.400243843e+28     34.18324431         91.15201703         0.0
1.556842646e-05     2.586938842e+10     2.451242065e+28     34.20256031         91.28112118         0.0
1.582909373e-05     2.63029966e+10      2.503328954e+28     34.22180922         91.41032764         0.0
1.609412544e-05     2.674386232e+10     2.556389254e+28     34.23994188         91.53892208         0.0
1.636359467e-05     2.719212158e+10     2.610585436e+28     34.25796821         91.66783704         0.0
1.663757571e-05     2.764790016e+10     2.665918668e+28     34.27566227         91.79707227         0.0
1.69161441e-05      2.811132537e+10     2.722216339e+28     34.29149254         91.92593277         0.0
1.719937665e-05     2.858250842e+10     2.779854337e+28     34.30875087         92.05466215         0.0
1.748735146e-05     2.906159874e+10     2.83878458e+28      34.32645819         92.18371117         0.0
1.778014793e-05     2.954873997e+10     2.898982531e+28     34.34412756         92.31305288         0.0
1.807784678e-05     3.004401504e+10     2.960167094e+28     34.35957035         92.44159689         0.0
1.838053011e-05     3.054760877e+10     3.022802329e+28     34.37617927         92.57045997         0.0
1.868828136e-05     3.105965476e+10     3.086827163e+28     34.39312834         92.69964199         0.0
1.900118539e-05     3.158027838e+10     3.151998017e+28     34.40835921         92.82864439         0.0
1.931932847e-05     3.210962677e+10     3.218721866e+28     34.42513248         92.95731724         0.0
1.964279833e-05     3.264785736e+10     3.28680894e+28      34.44132247         93.08631098         0.0
1.997168415e-05     3.319512092e+10     3.356210869e+28     34.45633314         93.21562508         0.0
2.030607662e-05     3.375154271e+10     3.427021945e+28     34.47115133         93.34428516         0.0
2.064606792e-05     3.431729622e+10     3.499337649e+28     34.4859015          93.47309277         0.0
2.099175182e-05     3.489254073e+10     3.573204082e+28     34.50061025         93.60221837         0.0
2.134322361e-05     3.547743811e+10     3.64862523e+28      34.51523003         93.73135713         0.0
2.170058021e-05     3.607213381e+10     3.725536538e+28     34.54380522         93.89839131         0.0
2.206392015e-05     3.667680137e+10     3.80411827e+28      34.56599598         94.0485245          0.0
2.24333436e-05      3.729160855e+10     3.8843748e+28       34.58008867         94.17778903         0.0
2.280895244e-05     3.791672023e+10     3.966000882e+28     34.59219945         94.30658381         0.0
2.319085022e-05     3.85523171e+10      4.049564836e+28     34.60573254         94.43533381         0.0
2.357914224e-05     3.919857517e+10     4.134869432e+28     34.62451488         94.57934443         0.0
2.397393556e-05     3.985567225e+10     4.221733704e+28     34.65217576         94.75172489         0.0
2.437533903e-05     4.052378399e+10     4.310712998e+28     34.66643559         94.88186453         0.0
2.478346334e-05     4.120310586e+10     4.401419826e+28     34.67895287         95.01075119         0.0
2.5198421e-05       4.189382168e+10     4.493907874e+28     34.69347916         95.14805998         0.0
2.562032643e-05     4.259610526e+10     4.58824813e+28      34.72057505         95.3199805          0.0
2.604929597e-05     4.331016952e+10     4.684589056e+28     34.73497961         95.4571959          0.0
2.648544788e-05     4.403620854e+10     4.782970035e+28     34.75267924         95.60399396         0.0
2.692890243e-05     4.477442107e+10     4.883410524e+28     34.77905133         95.7751553          0.0
2.737978189e-05     4.552501567e+10     4.985929449e+28     34.79002617         95.90375095         0.0
2.783821056e-05     4.628819487e+10     5.090623217e+28     34.80093268         96.03258358         0.0
2.830431486e-05     4.706417093e+10     5.197422103e+28     34.81520014         96.17267695         0.0
2.87782233e-05      4.785315677e+10     5.306065851e+28     34.83938695         96.3447881          0.0
2.926006654e-05     4.865539054e+10     5.417365551e+28     34.8517156          96.47906705         0.0
2.974997744e-05     4.94710707e+10      5.530855845e+28     34.86864258         96.62865603         0.0
3.024809108e-05     5.030041995e+10     5.646529038e+28     34.89270319         96.80103264         0.0
3.07545448e-05      5.114368786e+10     5.764951698e+28     34.91841389         96.97268966         0.0
3.126947824e-05     5.200108526e+10     5.885579135e+28     34.9315903          97.11403777         0.0
3.179303337e-05     5.287286155e+10     6.008626714e+28     34.94448979         97.25690774         0.0
3.232535457e-05     5.375926615e+10     6.134199737e+28     34.96781659         97.42920986         0.0
3.286658859e-05     5.466053455e+10     6.262372394e+28     34.97647832         97.56054764         0.0
3.341688468e-05     5.557691167e+10     6.393209001e+28     34.99248312         97.71292993         0.0
3.397639455e-05     5.650865249e+10     6.526772452e+28     35.01542543         97.88523336         0.0
3.454527247e-05     5.745601914e+10     6.663076699e+28     35.03814862         98.05707807         0.0
3.512367531e-05     5.841928025e+10     6.802262633e+28     35.04884586         98.19549468         0.0
3.571176254e-05     5.9398698e+10       6.944383891e+28     35.06192434         98.34115228         0.0
3.63096963e-05      6.039453961e+10     7.089456601e+28     35.08436959         98.51363178         0.0
3.691764147e-05     6.140708924e+10     7.236825394e+28     35.10432726         98.68502184         0.0
3.753576566e-05     6.243661415e+10     7.387298964e+28     35.12421579         98.85682726         0.0
3.816423931e-05     6.3483404e+10       7.541104139e+28     35.14106239         99.01927813         0.0
3.880323569e-05     6.454775446e+10     7.698616954e+28     35.14763576         99.14830118         0.0
3.945293101e-05     6.562994776e+10     7.858728692e+28     35.16500353         99.31303724         0.0
4.011350438e-05     6.673028917e+10     8.02210283e+28      35.18437295         99.48501867         0.0
4.078513796e-05     6.784908451e+10     8.188922992e+28     35.20366745         99.65742619         0.0
4.146801691e-05     6.898665535e+10     8.359071794e+28     35.22268415         99.82900411         0.0
4.216232953e-05     7.01433013e+10      8.532765466e+28     35.24158258         100.0007216         0.0
4.286826726e-05     7.131934546e+10     8.710112664e+28     35.26040427         100.1728611         0.0
4.358602473e-05     7.251511102e+10     8.89112081e+28      35.27908895         100.3450714         0.0
4.431579985e-05     7.373092455e+10     9.075104455e+28     35.29553767         100.5166021         0.0
4.505779383e-05     7.496713958e+10     9.263277245e+28     35.31283483         100.6885308         0.0
4.581221127e-05     7.622409736e+10     9.455795349e+28     35.32907607         100.8550631         0.0
4.657926016e-05     7.750212555e+10     9.652312046e+28     35.33209088         100.9838784         0.0
4.735915201e-05     7.880158724e+10     9.852070271e+28     35.35571118         101.1766848         0.0
4.815210184e-05     8.012284384e+10     1.005578166e+29     35.38091865         101.3763184         0.0
4.895832828e-05     8.146625797e+10     1.026381508e+29     35.3963759          101.5487191         0.0
4.977805365e-05     8.283220755e+10     1.047597438e+29     35.41157054         101.7201815         0.0
5.061150394e-05     8.422106862e+10     1.069258021e+29     35.42666154         101.8920319         0.0
5.145890897e-05     8.5633227e+10       1.091372593e+29     35.44164909         102.0642783         0.0
5.232050237e-05     8.706907139e+10     1.113936249e+29     35.45643674         102.2362205         0.0
5.319652172e-05     8.852899623e+10     1.136956658e+29     35.47102832         102.4077908         0.0
5.408720855e-05     9.001341285e+10     1.160457671e+29     35.48552943         102.5797886         0.0
5.499280844e-05     9.152273226e+10     1.184448907e+29     35.49993689         102.7522111         0.0
5.591357108e-05     9.305735786e+10     1.208917463e+29     35.51406598         102.9236978         0.0
5.684975036e-05     9.461773585e+10     1.233827762e+29     35.52661662         103.0954925         0.0
5.780160439e-05     9.620428703e+10     1.259217435e+29     35.54221463         103.2791741         0.0
5.876939563e-05     9.781742409e+10     1.285113034e+29     35.56848077         103.4943383         0.0
5.975339092e-05     9.945764019e+10     1.31163136e+29      35.5834554          103.670947          0.0
6.075386156e-05     1.011253702e+11     1.338666268e+29     35.59572718         103.8428717         0.0
6.17710834e-05      1.028210736e+11     1.366210444e+29     35.60674068         104.0152217         0.0
6.280533693e-05     1.045452277e+11     1.394301573e+29     35.61750842         104.1868976         0.0
6.385690731e-05     1.062982927e+11     1.422953429e+29     35.63866455         104.389491          0.0
6.492608447e-05     1.080807627e+11     1.452201058e+29     35.65897328         104.5903722         0.0
6.601316322e-05     1.09893131e+11      1.482061948e+29     35.66931311         104.7626949         0.0
6.711844328e-05     1.117358937e+11     1.512514204e+29     35.67939098         104.9341164         0.0
6.824222941e-05     1.136095741e+11     1.543516521e+29     35.69620858         105.1299587         0.0
6.938483146e-05     1.155146935e+11     1.575121742e+29     35.7162258          105.3378439         0.0
7.054656447e-05     1.174517771e+11     1.607488408e+29     35.72584592         105.5097089         0.0
7.172774876e-05     1.194213333e+11     1.640376676e+29     35.74486613         105.7150927         0.0
7.292871001e-05     1.214239363e+11     1.673921652e+29     35.7606022          105.9130367         0.0
7.414977934e-05     1.234601498e+11     1.708178848e+29     35.76766261         106.0861375         0.0
7.539129344e-05     1.255305034e+11     1.743077976e+29     35.78864935         106.3003974         0.0
7.665359461e-05     1.276355856e+11     1.778806527e+29     35.80195609         106.4882754         0.0
7.793703091e-05     1.297759885e+11     1.815261294e+29     35.81292268         106.6707745         0.0
7.924195621e-05     1.319523125e+11     1.852189791e+29     35.83110181         106.8858432         0.0
8.056873029e-05     1.341651196e+11     1.89001307e+29      35.83875147         107.0637221         0.0
8.1917719e-05       1.364150529e+11     1.928634806e+29     35.85116931         107.2556935         0.0
8.328929426e-05     1.387027392e+11     1.968042517e+29     35.8700043          107.4676941         0.0
8.468383425e-05     1.410287912e+11     2.008240288e+29     35.87534277         107.6392926         0.0
8.610172349e-05     1.43393869e+11      2.049121928e+29     35.88876359         107.8406955         0.0
8.754335292e-05     1.457986334e+11     2.090784572e+29     35.90574015         108.0558808         0.0
8.900912001e-05     1.482437457e+11     2.133293442e+29     35.92253505         108.2712595         0.0
9.049942893e-05     1.50729849e+11      2.176820291e+29     35.92808393         108.4461247         0.0
9.201469058e-05     1.53257675e+11      2.221150178e+29     35.9388282          108.6408318         0.0
9.355532275e-05     1.558279228e+11     2.266292703e+29     35.95499415         108.8562149         0.0
9.512175023e-05     1.584412678e+11     2.312325297e+29     35.97085456         109.070949          0.0
9.671440492e-05     1.610984587e+11     2.35929574e+29      35.97576198         109.2529296         0.0
9.833372596e-05     1.638002419e+11     2.407150007e+29     35.98146161         109.4409859         0.0
9.998015981e-05     1.665473655e+11     2.45583556e+29      35.99441264         109.6566017         0.0
0.0001016541605     1.693405379e+11     2.505668469e+29     36.00933322         109.8708257         0.0
0.0001033561894     1.721805513e+11     2.556385887e+29     36.02269233         110.0855827         0.0
0.000105086716      1.750682218e+11     2.6080964e+29       36.03543776         110.3008733         0.0
0.0001068462174     1.780044113e+11     2.661027172e+29     36.04982725         110.5158513         0.0
0.0001086351787     1.809898874e+11     2.714835249e+29     36.05039905         110.6948778         0.0
0.0001104540932     1.840254268e+11     2.769685509e+29     36.05407064         110.8857096         0.0
0.0001123034623     1.871118428e+11     2.825628407e+29     36.06547821         111.1012914         0.0
0.0001141837961     1.902499141e+11     2.882659182e+29     36.07650024         111.3156852         0.0
0.0001160956128     1.934407102e+11     2.940834754e+29     36.08732766         111.5303501         0.0
0.0001180394398     1.966851451e+11     3.000196571e+29     36.09799139         111.7455526         0.0
0.0001200158129     1.999841673e+11     3.060758003e+29     36.10843447         111.9607683         0.0
0.0001220252771     2.033382478e+11     3.122493378e+29     36.11856916         112.175182          0.0
0.0001240683863     2.067486659e+11     3.185336315e+29     36.12728343         112.3901064         0.0
0.0001261457041     2.102163929e+11     3.249342901e+29     36.13488262         112.6055305         0.0
0.000128257803      2.137422125e+11     3.31486129e+29      36.14434947         112.8201616         0.0
0.0001304052655     2.173271993e+11     3.381454742e+29     36.15176061         113.0347364         0.0
0.0001325886837     2.20972358e+11      3.449317795e+29     36.15833224         113.249872          0.0
0.0001348086595     2.246786948e+11     3.518557236e+29     36.16471948         113.4653917         0.0
0.0001370658052     2.284473157e+11     3.589099592e+29     36.17073623         113.6796581         0.0
0.0001393607429     2.322790481e+11     3.661077725e+29     36.1765674          113.8944534         0.0
0.0001416941056     2.361749998e+11     3.734519537e+29     36.18221142         114.1097794         0.0
0.0001440665365     2.401364106e+11     3.809398485e+29     36.18757704         114.3246552         0.0
0.0001464786898     2.441643784e+11     3.885730709e+29     36.19267217         114.539142          0.0
0.0001489312306     2.482598719e+11     3.963609458e+29     36.19758887         114.7541914         0.0
0.0001514248351     2.524239548e+11     4.043062405e+29     36.20225958         114.9698098         0.0
0.0001539601908     2.566580151e+11     4.123639604e+29     36.20410367         115.1841098         0.0
0.0001565379969     2.609631385e+11     4.205965262e+29     36.206541           115.3988157         0.0
0.0001591589639     2.653399904e+11     4.287209294e+29     36.20923911         115.6140564         0.0
0.0001618238147     2.69788668e+11      4.36147967e+29      36.21169164         115.8291674         0.0
0.000164533284      2.743138283e+11     4.44673932e+29      36.21276053         116.0436198         0.0
0.0001672881188     2.789151418e+11     4.535215992e+29     36.21344879         116.2585825         0.0
0.0001700890787     2.835936026e+11     4.625459495e+29     36.2151574          116.4780273         0.0
0.0001729369359     2.883507383e+11     4.717373773e+29     36.2286204          116.735477          0.0
0.0001758324758     2.931876015e+11     4.81082534e+29      36.23064629         116.9627964         0.0
0.0001787764967     2.981056122e+11     4.906167135e+29     36.22856751         117.1779673         0.0
0.0001817698103     3.031061761e+11     5.003703116e+29     36.22802132         117.3933858         0.0
0.0001848132419     3.081906568e+11     5.103089542e+29     36.22714044         117.6076906         0.0
0.0001879076307     3.133603921e+11     5.204197946e+29     36.224643           117.8225246         0.0
0.0001910538298     3.186168425e+11     5.307095302e+29     36.2207436          118.0378896         0.0
0.0001942527068     3.23961587e+11      5.411961436e+29     36.21655753         118.2526664         0.0
0.0001975051436     3.293960387e+11     5.518806366e+29     36.22221369         118.5003235         0.0
0.0002008120371     3.349217038e+11     5.627832495e+29     36.22587508         118.7419467         0.0
0.000204174299      3.405400983e+11     5.739147014e+29     36.22158253         118.9575313         0.0
0.0002075928563     3.462527289e+11     5.852397263e+29     36.21631701         119.1717392         0.0
0.0002110686516     3.520612114e+11     5.967721303e+29     36.2100242          119.3864821         0.0
0.0002146026434     3.579671404e+11     6.085216357e+29     36.20298288         119.6017571         0.0
0.0002181958059     3.639720721e+11     6.204972467e+29     36.19566403         119.8167696         0.0
0.0002218491299     3.700779065e+11     6.327134081e+29     36.18864            120.0312603         0.0
0.0002255636227     3.762862093e+11     6.451555618e+29     36.18668978         120.2655968         0.0
0.0002293403085     3.825986618e+11     6.578225908e+29     36.19008252         120.5213574         0.0
0.0002331802285     3.890170678e+11     6.70750084e+29      36.18166933         120.7358017         0.0
0.0002370844417     3.955432128e+11     6.839075554e+29     36.17211336         120.950453          0.0
0.0002410540243     4.021789073e+11     6.973132589e+29     36.16188741         121.1656585         0.0
0.000245090071      4.089259502e+11     7.109785868e+29     36.15140672         121.3809827         0.0
0.0002491936945     4.157861144e+11     7.248838542e+29     36.14001792         121.5953278         0.0
0.0002533660263     4.227614463e+11     7.390555911e+29     36.13487646         121.8323794         0.0
0.0002576082169     4.298538848e+11     7.534995135e+29     36.1338968          122.0852017         0.0
0.0002619214358     4.370653014e+11     7.682064704e+29     36.12094421         122.2998829         0.0
0.0002663068724     4.443977137e+11     7.831947104e+29     36.10773783         122.5144948         0.0
0.0002707657358     4.518531844e+11     7.984759632e+29     36.0942645          122.7296335         0.0
0.0002752992554     4.594337639e+11     8.140546366e+29     36.08050603         122.9451229         0.0
0.0002799086812     4.671416699e+11     8.29880508e+29      36.06516394         123.1593678         0.0
0.0002845952842     4.749788512e+11     8.46013201e+29      36.04951548         123.3741476         0.0
0.0002893603564     4.829475364e+11     8.624593509e+29     36.03359687         123.5894741         0.0
0.0002942052119     4.910500625e+11     8.792140256e+29     36.01741217         123.8044661         0.0
0.0002991311863     4.992884758e+11     8.96285535e+29      36.00094479         124.0189454         0.0
0.000304139638      5.076650786e+11     9.136019489e+29     35.98362115         124.2339466         0.0
0.0003092319478     5.161821775e+11     9.303989545e+29     35.96596356         124.4400256         0.0006940342689
0.0003144095198     5.248423303e+11     9.291785664e+29     35.96620082         124.4125493         0.01844385855
0.0003196737816     5.336477268e+11     9.339427845e+29     35.96127294         124.4642792         0.030537202
0.0003250261847     5.426008314e+11     9.420258602e+29     35.95336387         124.5585025         0.03960505019
0.0003304682048     5.517040714e+11     9.500417328e+29     35.94497317         124.6512075         0.04873037614
0.0003360013424     5.609596028e+11     9.576239952e+29     35.93784914         124.734735          0.05827832519
0.0003416271232     5.703703434e+11     9.651131212e+29     35.93066978         124.8166021         0.06790633168
0.0003473470983     5.799389244e+11     9.725826228e+29     35.92354031         124.8974254         0.07755246598
0.0003531628448     5.896677803e+11     9.801748967e+29     35.91889632         124.9729621         0.08717789828
0.0003590759662     5.995596683e+11     9.873737625e+29     35.91105697         125.0484512         0.09698550959
0.000365088093      6.096174524e+11     9.944923118e+29     35.90200727         125.1244405         0.1067964865
0.0003712008828     6.198439407e+11     1.001826138e+30     35.8931063          125.2012018         0.1164293538
0.0003774160211     6.30241424e+11      1.009426811e+30     35.88715947         125.2733534         0.1259360591
0.0003837352214     6.408132609e+11     1.016873536e+30     35.88085776         125.3437583         0.1355369099
0.0003901602262     6.515623465e+11     1.02419198e+30      35.87410004         125.4129024         0.1452020015
0.0003966928069     6.624913407e+11     1.03162513e+30      35.86720577         125.481457          0.1547480771
0.0004033347648     6.736034712e+11     1.039159473e+30     35.86019363         125.5495729         0.1641902586
0.0004100879312     6.849019146e+11     1.046743545e+30     35.85307558         125.6176221         0.1735777509
0.0004169541681     6.963897904e+11     1.054382593e+30     35.84588723         125.6855342         0.1829089008
0.0004239353686     7.080700126e+11     1.061915773e+30     35.84105075         125.745999          0.1923566563
0.0004310334576     7.199460565e+11     1.069502923e+30     35.83419064         125.8092426         0.2016787389
0.0004382503923     7.320211548e+11     1.077219349e+30     35.82620265         125.8746972         0.2108569207
0.0004455881625     7.442984099e+11     1.085312186e+30     35.81859373         125.9415237         0.2197753699
0.0004530487914     7.56781362e+11      1.093584909e+30     35.81092229         126.0079661         0.2285514967
0.0004606343361     7.694735687e+11     1.101619288e+30     35.80403346         126.0702456         0.2374969311
0.000468346888      7.823785136e+11     1.109400028e+30     35.797926           126.128338          0.2466123921
0.0004761885737     7.954994612e+11     1.118014315e+30     35.79000173         126.1941952         0.2551162781
0.0004841615553     8.08840341e+11      1.126731947e+30     35.78223434         126.260743          0.2635447921
0.0004922680311     8.224048729e+11     1.135334478e+30     35.77485823         126.3242354         0.2720544194
0.0005005102364     8.361967222e+11     1.143598839e+30     35.76825661         126.3796487         0.2807930621
0.0005088904436     8.502194804e+11     1.152684666e+30     35.76012516         126.4437846         0.2889633104
0.0005174109634     8.644772374e+11     1.161677068e+30     35.75131191         126.5071            0.2971665495
0.000526074145      8.789739543e+11     1.170572382e+30     35.7425303          126.5685655         0.3054224467
0.0005348823771     8.937135812e+11     1.179870719e+30     35.73687249         126.6274345         0.3135242146
0.0005438380883     9.087000454e+11     1.189522146e+30     35.72902085         126.6904432         0.3213604114
0.000552943748      9.239377022e+11     1.19908525e+30      35.72112194         126.7516164         0.3292479293
0.0005622018667     9.394308082e+11     1.208308569e+30     35.7143827          126.8071634         0.3373509088
0.0005716149971     9.55183267e+11      1.218468849e+30     35.70559349         126.8705864         0.3448785705
0.0005811857347     9.711997461e+11     1.228375651e+30     35.69795694         126.9292363         0.3525785342
0.0005909167182     9.874846693e+11     1.238266126e+30     35.69066246         126.9862852         0.3603000016
0.0006008106308     1.00404239e+12      1.248885612e+30     35.68163132         127.0496915         0.3676020487
0.0006108702004     1.020877487e+12     1.259330931e+30     35.67457817         127.1069075         0.3750435059
0.0006210982008     1.037994794e+12     1.269922693e+30     35.6666265          127.1653139         0.3823989799
0.0006314974518     1.055399029e+12     1.280804625e+30     35.6569737          127.2270012         0.3895809361
0.000642070821      1.073094457e+12     1.292219064e+30     35.64770922         127.2896634         0.3965167049
0.0006528212235     1.091086567e+12     1.303314455e+30     35.63972522         127.3465464         0.4036501916
0.0006637516236     1.109380249e+12     1.314486667e+30     35.63177666         127.4028297         0.4107622963
0.0006748650349     1.127980293e+12     1.326379366e+30     35.62222766         127.465078          0.4175163735
0.0006861645217     1.146891964e+12     1.338053987e+30     35.6147658          127.5202975         0.4244254211
0.0006976531996     1.166120679e+12     1.350042951e+30     35.60618278         127.5780656         0.4311869904
0.0007093342362     1.185671705e+12     1.36244224e+30      35.59624681         127.6393157         0.4377592712
0.0007212108521     1.205549944e+12     1.375273931e+30     35.58651928         127.7010388         0.4441627184
0.0007332863222     1.225761431e+12     1.387793111e+30     35.57827992         127.7564548         0.4507539882
0.0007455639758     1.246311668e+12     1.400514913e+30     35.56978626         127.8123656         0.4572782882
0.0007580471982     1.267206151e+12     1.413912748e+30     35.55975403         127.8735983         0.4635144506
0.0007707394313     1.288450592e+12     1.427654188e+30     35.5496568          127.9342233         0.4696255251
0.0007836441747     1.310051104e+12     1.441239387e+30     35.53883899         127.9925739         0.4758168815
0.0007967649863     1.332013641e+12     1.454832744e+30     35.5282718          128.0491727         0.4820399531
0.0008101054841     1.354344055e+12     1.469132977e+30     35.52132904         128.1054122         0.4880865103
0.0008236693461     1.377048501e+12     1.483822333e+30     35.51164412         128.1646444         0.4939543368
0.0008374603124     1.400133521e+12     1.498742017e+30     35.50116526         128.2246453         0.4997580256
0.0008514821853     1.423605534e+12     1.513863011e+30     35.49064752         128.2844142         0.5055262391
0.0008657388311     1.447470509e+12     1.529101529e+30     35.48316738         128.3388503         0.5113328653
0.0008802341806     1.471735462e+12     1.544505653e+30     35.47317026         128.3947631         0.5170682542
0.0008949722304     1.496407098e+12     1.560195151e+30     35.46185875         128.452199          0.5227162733
0.0009099570443     1.521492062e+12     1.576492854e+30     35.4510306          128.5113878         0.5281973866
0.0009251927538     1.546997213e+12     1.593158775e+30     35.44013181         128.5701342         0.5335847621
0.0009406835598     1.572929802e+12     1.610064785e+30     35.42912548         128.6288167         0.5389364056
0.0009564337335     1.599297001e+12     1.627216774e+30     35.41801377         128.6874347         0.5442520655
0.0009724476175     1.626105965e+12     1.644787671e+30     35.40687335         128.7456026         0.5494642246
0.0009887296272     1.653363991e+12     1.662685222e+30     35.39568414         128.8037436         0.554616326
0.001005284252      1.681078829e+12     1.680618101e+30     35.38517043         128.8594668         0.55981971
0.001022116056      1.709258195e+12     1.698310608e+30     35.37622524         128.9096883         0.5651697358
0.001039229681      1.737908998e+12     1.717162459e+30     35.36497127         128.966554          0.5701546482
0.001056629845      1.76704049e+12      1.736385278e+30     35.35350312         129.0241241         0.575078268
0.001074321345      1.79666071e+12      1.755918884e+30     35.34196542         129.0817587         0.5799637144
0.00109230906       1.826777182e+12     1.775813142e+30     35.33027328         129.1386212         0.5847845503
0.001110597949      1.857397409e+12     1.796107594e+30     35.31851615         129.1952545         0.5895387253
0.001129193055      1.888530586e+12     1.816733883e+30     35.30668612         129.2519504         0.5942553854
0.001148099505      1.920185575e+12     1.837702955e+30     35.29479508         129.3087363         0.5989330883
0.001167322512      1.952370356e+12     1.859137821e+30     35.28312194         129.3658092         0.6035214858
0.001186867376      1.985095735e+12     1.880933616e+30     35.27095237         129.421366          0.6080724641
0.001206739486      2.018369961e+12     1.903091893e+30     35.25850524         129.4762214         0.6125871937
0.001226944322      2.052200174e+12     1.925682757e+30     35.24627174         129.5318469         0.6170402514
0.001247487453      2.086598437e+12     1.949364816e+30     35.23503924         129.5909922         0.6212795205
0.001268374545      2.121572483e+12     1.973233075e+30     35.22160058         129.6498499         0.6255077931
0.001289611357      2.157131583e+12     1.99707226e+30      35.20541854         129.7072162         0.6297699167
0.001311203743      2.193288728e+12     2.021380309e+30     35.19277325         129.7614005         0.6340184064
0.001333157658      2.230050913e+12     2.046126592e+30     35.18007402         129.8155922         0.6382228988
0.001355479154      2.26742876e+12      2.07129064e+30      35.16730864         129.8698744         0.6423936319
0.001378174386      2.305432865e+12     2.096931281e+30     35.15450342         129.9241188         0.6465139799
0.001401249613      2.344073536e+12     2.123112977e+30     35.1416093          129.9776802         0.6505606423
0.001424711195      2.383361699e+12     2.150023637e+30     35.1291158          130.0330657         0.6545169159
0.001448565602      2.423308354e+12     2.177616506e+30     35.11638379         130.0900948         0.6583899608
0.001472819412      2.463925177e+12     2.205383996e+30     35.09940721         130.1459244         0.6622277249
0.00149747931       2.505221589e+12     2.233552711e+30     35.08518255         130.1994323         0.6660800388
0.001522552098      2.547209771e+12     2.26212774e+30      35.07182342         130.2520637         0.6699288398
0.001548044688      2.589901637e+12     2.291158879e+30     35.05832607         130.304414          0.6737498562
0.001573964108      2.633309801e+12     2.321592124e+30     35.04600945         130.3607191         0.6773504938
0.001600317506      2.677444921e+12     2.352121772e+30     35.03053541         130.4155019         0.6809699068
0.001627112147      2.722319362e+12     2.382828837e+30     35.01349546         130.4686792         0.6846097065
0.00165435542       2.767945956e+12     2.414103611e+30     34.99967702         130.5199537         0.688241596
0.001682054836      2.814336422e+12     2.445958844e+30     34.98579217         130.5708334         0.6918227376
0.001710218032      2.861504562e+12     2.478679973e+30     34.97057539         130.6242833         0.6952988624
0.001738852774      2.909463677e+12     2.512406821e+30     34.95365211         130.6811059         0.6986449482
0.001767966957      2.958225874e+12     2.545999379e+30     34.93946868         130.7310944         0.7021067978
0.001797568608      3.007805378e+12     2.580151756e+30     34.92516838         130.7808857         0.7055395307
0.00182766589       3.058215651e+12     2.615063997e+30     34.90995417         130.8320754         0.7089027715
0.0018582671        3.109469933e+12     2.651193199e+30     34.89239438         130.8873057         0.7120973303
0.001889380676      3.16158363e+12      2.687367074e+30     34.8775374          130.9372416         0.7153785172
0.001921015197      3.214570195e+12     2.724391549e+30     34.86139654         130.9889535         0.7185797302
0.001953179385      3.268444376e+12     2.762330195e+30     34.84379751         131.0427189         0.7216924014
0.001985882109      3.3232237e+12       2.800273889e+30     34.8289664          131.0909626         0.724897863
0.002019132385      3.378918909e+12     2.838950442e+30     34.81103016         131.1399821         0.728023873
0.002052939381      3.435547155e+12     2.878471386e+30     34.79347675         131.1901169         0.7310973166
0.002087312419      3.493125348e+12     2.919052021e+30     34.77937318         131.241722          0.7341160959
0.002122260976      3.55166753e+12      2.959692015e+30     34.76417447         131.2887292         0.7371747374
0.002157794688      3.611190182e+12     3.001415074e+30     34.74702915         131.3383738         0.740128654
0.002193923353      3.671710195e+12     3.044062122e+30     34.72886081         131.389426          0.7430150426
0.002230656932      3.733245814e+12     3.086735579e+30     34.71327523         131.4354881         0.7459893473
0.002268005553      3.795811661e+12     3.130842405e+30     34.69513822         131.485472          0.7488007052
0.002305979515      3.859426186e+12     3.175496949e+30     34.6774146          131.5343563         0.7516186407
0.002344589287      3.924107393e+12     3.22029691e+30      34.66148555         131.5797084         0.7545121094
0.002383845515      3.989871177e+12     3.265898946e+30     34.64548834         131.6242099         0.7573477954
0.002423759023      4.056737126e+12     3.312765753e+30     34.6273391          131.6717575         0.7600707716
0.002464340816      4.124723924e+12     3.360502926e+30     34.60857045         131.7199253         0.7627517768
0.002505602084      4.193850566e+12     3.408324743e+30     34.59222009         131.7637289         0.7655115441
0.002547554202      4.264133725e+12     3.4577333e+30       34.57299727         131.8113047         0.7681050352
0.002590208738      4.335595187e+12     3.507634621e+30     34.55468088         131.8572889         0.7707224245
0.002633577453      4.408255153e+12     3.557831261e+30     34.53810063         131.9006436         0.7733944576
0.002677672305      4.482132392e+12     3.609239309e+30     34.52194919         131.9451941         0.7759769857
0.002722505452      4.557246683e+12     3.661472349e+30     34.50248815         131.9894324         0.7785056126
0.002768089254      4.633619704e+12     3.71436537e+30      34.48264517         132.0328443         0.781028713
0.002814436281      4.711273278e+12     3.767744592e+30     34.46555818         132.0744565         0.7835855541
0.002861559312      4.7902275e+12       3.822802109e+30     34.44519287         132.1193683         0.7859804312
0.002909471339      4.870505389e+12     3.878285886e+30     34.42623817         132.1622203         0.7884130855
0.002958185573      4.952128744e+12     3.934149305e+30     34.40882295         132.2028326         0.790888183
0.003007715445      5.03511723e+12      3.990869769e+30     34.39132181         132.2428208         0.7933238433
0.003058074612      5.119498052e+12     4.049130397e+30     34.37102775         132.2855424         0.7956380905
0.003109276959      5.205293229e+12     4.108095883e+30     34.35097983         132.3274607         0.7979519694
0.003161336604      5.292525509e+12     4.167259083e+30     34.33301547         132.3662977         0.8003284343
0.003214267901      5.381219241e+12     4.227343546e+30     34.31500832         132.4044084         0.8026544669
0.003268085443      5.471399732e+12     4.288821348e+30     34.2947234          132.4446955         0.8048949039
0.003322804071      5.563091499e+12     4.351357122e+30     34.27357514         132.4856335         0.8070945759
0.00337843887       5.656318367e+12     4.414036613e+30     34.25526173         132.5230691         0.809353771
0.003435005181      5.751107284e+12     4.47757291e+30      34.2368124          132.5598286         0.8115813591
0.003492518601      5.847485605e+12     4.541933334e+30     34.21819621         132.5962696         0.8137948816
0.003550994986      5.945480115e+12     4.607123605e+30     34.19941862         132.6324032         0.8159940913
0.003610450461      6.045113698e+12     4.67320227e+30      34.18058845         132.6677972         0.8181507776
0.003670901418      6.146418114e+12     4.740842343e+30     34.15922507         132.7055176         0.8202135619
0.003732364526      6.249420607e+12     4.809427089e+30     34.1374437          132.7432376         0.8222535732
0.003794856731      6.354148194e+12     4.878083319e+30     34.11817318         132.7775375         0.8243534411
0.003858395263      6.460630959e+12     4.947694151e+30     34.0989423          132.8116422         0.8264120315
0.003922997641      6.568897347e+12     5.018128337e+30     34.07953427         132.8453569         0.8284576963
0.003988681679      6.678977272e+12     5.08937043e+30      34.0599236          132.8785846         0.8304913319
0.004055465485      6.790902573e+12     5.161437954e+30     34.04016487         132.910921          0.8324929557
0.004123367475      6.90470427e+12      5.233664161e+30     34.02318345         132.9412417         0.8345510422
0.004192406371      7.020410598e+12     5.307831394e+30     34.00172635         132.9742345         0.8364727633
0.004262601207      7.138057452e+12     5.382717414e+30     33.98113533         133.0065793         0.8383878947
0.004333971338      7.257675168e+12     5.457275048e+30     33.96391958         133.034984          0.8403822522
0.004406536443      7.379295193e+12     5.534006597e+30     33.94212507         133.0668545         0.8422359083
0.004480316529      7.502955536e+12     5.610008025e+30     33.92563633         133.0940652         0.8442024079
0.00455533194       7.628686058e+12     5.688209933e+30     33.90345849         133.1244948         0.8460233263
0.004631603358      7.756525028e+12     5.76590664e+30      33.8869191          133.1516041         0.8479387813
0.004709151814      7.886504682e+12     5.84579681e+30      33.86461274         133.1816426         0.849711661
0.004787998688      8.018660872e+12     5.924779319e+30     33.84755051         133.206761          0.8515981915
0.004868165722      8.153033048e+12     6.005675228e+30     33.82674201         133.2346628         0.8533717418
0.004949675019      8.289656663e+12     6.086726359e+30     33.80782384         133.2607151         0.8551706392
0.005032549053      8.428568093e+12     6.16801718e+30      33.79060662         133.2853459         0.8569856682
0.005116810674      8.569807849e+12     6.250751251e+30     33.77045511         133.311241          0.8587220173
0.005202483115      8.7134145e+12       6.334129571e+30     33.75009065         133.3363938         0.8604412766
0.005289589997      8.859425747e+12     6.417404146e+30     33.73252464         133.3597475         0.8621964163
0.005378155339      9.00788466e+12      6.501341407e+30     33.71488817         133.3828603         0.8639293303
0.00546820356       9.158829481e+12     6.585849508e+30     33.69707965         133.4053329         0.8656441186
0.005559759487      9.312303582e+12     6.670961595e+30     33.67922153         133.4276229         0.8673374547
0.005652848365      9.468348785e+12     6.756607486e+30     33.66120692         133.4493404         0.8690125027
0.005747495861      9.62700956e+12      6.842795721e+30     33.64311886         133.4707856         0.8706674701
0.005843728071      9.788327402e+12     6.929513232e+30     33.62493983         133.4919013         0.8723018769
0.005941571529      9.952347507e+12     7.016639226e+30     33.60657678         133.512328          0.8739206988
0.006041053212      1.011911565e+13     7.104284222e+30     33.5882069          133.5327344         0.8755166689
0.006142200549      1.028867913e+13     7.192280163e+30     33.56964854         133.5524378         0.8770974098
0.006245041429      1.046108231e+13     7.280681897e+30     33.55099146         133.5717664         0.8786582197
0.006349604208      1.06363738e+13      7.369518587e+30     33.53233562         133.5911267         0.8801972067
0.006455917716      1.081460302e+13     7.456806601e+30     33.51933765         133.6070927         0.8818215383
0.006564011265      1.099581588e+13     7.546096795e+30     33.50036751         133.6252373         0.8833278424
0.006673914661      1.118006552e+13     7.635374825e+30     33.48248404         133.6428179         0.8848315044
0.006785658205      1.13674022e+13      7.723653735e+30     33.46813724         133.6583781         0.8863790128
0.006899272708      1.155787596e+13     7.813508423e+30     33.44882496         133.6752456         0.8878320161
0.007014789496      1.175154119e+13     7.901653263e+30     33.43542304         133.6896373         0.8893606492
0.007132240419      1.19484521e+13      7.989936512e+30     33.42203164         133.704111          0.8908653388
0.007251657862      1.214865964e+13     8.079957885e+30     33.40243943         133.7199167         0.8922650949
0.00737307475       1.235222212e+13     8.168124226e+30     33.38881991         133.7335256         0.8937357765
0.007496524561      1.255919422e+13     8.256144763e+30     33.37509141         133.7467036         0.8951886677
0.007622041333      1.276963364e+13     8.344013145e+30     33.3614061          133.7600352         0.8966233849
0.007749659673      1.298359741e+13     8.432410764e+30     33.34530201         133.7731097         0.8980065797
0.00787941477       1.32011457e+13      8.520541187e+30     33.32893254         133.7860685         0.8993725267
0.008011342398      1.342233736e+13     8.608090944e+30     33.31336583         133.7983946         0.9007331903
0.008145478934      1.364723512e+13     8.693774638e+30     33.30194586         133.8088528         0.9021376464
0.008281861361      1.387589967e+13     8.778978987e+30     33.29108563         133.8194234         0.90352661
0.008420527285      1.410839484e+13     8.86471003e+30      33.2768152          133.8305096         0.9048543812
0.008561514938      1.434478547e+13     8.949892701e+30     33.26248829         133.841352          0.9061649555
0.008704863193      1.45851336e+13      9.03431901e+30      33.24795291         133.8513945         0.9074625385
0.008850611575      1.48295085e+13      9.116154657e+30     33.23963969         133.8601984         0.9088159524
0.00899880027       1.507797535e+13     9.199088284e+30     33.22568246         133.870129          0.9100820593
0.009149470138      1.533060595e+13     9.279465325e+30     33.21664945         133.8784715         0.9113935538
0.00930266272       1.55874667e+13      9.360105469e+30     33.2037218          133.8870547         0.9126449276
0.009458420256      1.584862915e+13     9.439017437e+30     33.19324952         133.8951273         0.9139068445
0.009616785691      1.611416765e+13     9.517214349e+30     33.18151576         133.902963          0.9151399318
0.009777802691      1.63841528e+13      9.594220671e+30     33.17039912         133.9108445         0.9163604769
0.009941515651      1.665865822e+13     9.669206379e+30     33.16068293         133.9172065         0.9175895475
0.01010796971       1.693776343e+13     9.742315912e+30     33.1540456          133.9240309         0.9188241289
0.01027721077       1.722154606e+13     9.815444184e+30     33.14315356         133.9312376         0.9199991207
0.01044928548       1.751007156e+13     9.885128005e+30     33.13754393         133.9366342         0.9212187123
0.0106242413        1.780342891e+13     9.955351792e+30     33.12596751         133.9426823         0.9223607085
0.01080212646       1.810170875e+13     1.00219842e+31      33.12072776         133.9479805         0.9235494453
0.01098299001       1.840499314e+13     1.00891549e+31      33.1090829          133.9537598         0.9246585441
0.01116688181       1.871334313e+13     1.015252314e+31     33.10374412         133.9586625         0.9258129849
0.01135385258       1.90268601e+13      1.021407199e+31     33.09830677         133.963114          0.9269522868
0.01154395386       1.934562369e+13     1.027419615e+31     33.09170018         133.9675186         0.9280649023
0.01173723807       1.966971633e+13     1.033349776e+31     33.08236771         133.9722738         0.9291346295
0.0119337585        1.999924854e+13     1.038991284e+31     33.07536184         133.9761492         0.9302146576
0.01213356934       2.033429529e+13     1.044398959e+31     33.06979527         133.980085          0.931289121
0.01233672567       2.067496421e+13     1.049541425e+31     33.06694788         133.9844605         0.9323651004
0.01254328352       2.102133816e+13     1.054416692e+31     33.06351043         133.9866053         0.9334361372
0.01275329984       2.137349887e+13     1.059147688e+31     33.05902503         133.9894865         0.9344760203
0.01296683252       2.17315561e+13      1.063714088e+31     33.05322145         133.9924665         0.9354895451
0.01318394046       2.209561267e+13     1.068057846e+31     33.04743298         133.995509          0.936489431
0.0134046835        2.246577246e+13     1.072112215e+31     33.04388547         133.9978022         0.937490692
0.01362912252       2.284212464e+13     1.075870825e+31     33.04234996         134.0014679         0.9384924812
0.01385731939       2.322478117e+13     1.079563921e+31     33.03601274         134.0022875         0.9394457994
0.01408933704       2.361383802e+13     1.082794896e+31     33.03638017         134.0037779         0.9404349128
0.01432523943       2.400942263e+13     1.086040136e+31     33.03036636         134.0059102         0.941360407
0.01456509162       2.441163225e+13     1.088832757e+31     33.03068351         134.0071968         0.9423197976
0.01480895973       2.482056334e+13     1.091648265e+31     33.02460719         134.0091309         0.9432167664
0.015056911         2.523635179e+13     1.094014215e+31     33.02490036         134.0103206         0.9441460858
0.01530901381       2.565909843e+13     1.096166859e+31     33.02509243         134.0111            0.9450623883
0.01556533765       2.608891643e+13     1.098359209e+31     33.0188542          134.0123237         0.9459187791
0.01582595321       2.652595531e+13     1.100137187e+31     33.01913625         134.0134684         0.9468051364
0.01609093234       2.697028248e+13     1.101723276e+31     33.01925292         134.013942          0.9476787638
0.0163603481        2.742206297e+13     1.103156852e+31     33.01950079         134.014948          0.948535956
0.01663427478       2.788141882e+13     1.10466738e+31      33.01318295         134.0158496         0.9493404248
0.01691278791       2.834844156e+13     1.105786307e+31     33.01317603         134.0158215         0.9501748175
0.01719596427       2.882329921e+13     1.106814485e+31     33.01330465         134.0163436         0.9509927837
0.01748388194       2.930611259e+13     1.107747911e+31     33.01344171         134.0169            0.9517975424
0.01777662032       2.979700229e+13     1.108592688e+31     33.01347379         134.0170302         0.9525910549
0.01807426011       3.029610531e+13     1.109416222e+31     33.01361853         134.0176178         0.9533692508
0.01837688338       3.080357625e+13     1.110215804e+31     33.01374524         134.0181321         0.9541357541
0.01868457357       3.131954834e+13     1.111021856e+31     33.01371355         134.0180035         0.9548913563
0.01899741552       3.184413595e+13     1.111905331e+31     33.01388611         134.018704          0.9556316987
0.01931549548       3.237752683e+13     1.113107787e+31     33.00749046         134.0192906         0.9563256573
0.01963890116       3.291984481e+13     1.11421859e+31      33.00754775         134.0195232         0.9570440304
0.01996772173       3.347124226e+13     1.115515933e+31     33.00781335         134.0206016         0.9577504856
0.02030204785       3.403188228e+13     1.117070488e+31     33.00780728         134.020577          0.9584436699
0.0206419717        3.460189223e+13     1.118926823e+31     33.00798537         134.0213            0.9591253207
0.02098758701       3.51814558e+13      1.12113571e+31      33.00817961         134.0220887         0.9597958444
0.02133898907       3.577072771e+13     1.124040377e+31     33.00198788         134.0235586         0.9604219001
0.02169627477       3.636985607e+13     1.127181621e+31     33.00209561         134.0239961         0.961072269
0.02205954262       3.697901441e+13     1.130943279e+31     33.00243135         134.0253596         0.9617090034
0.02242889279       3.759838053e+13     1.135618165e+31     32.99634442         134.0272017         0.9623040955
0.0228044271        3.822811919e+13     1.140823638e+31     32.99678809         134.0290038         0.9629197192
0.02318624911       3.886839578e+13     1.147153044e+31     32.9907596          134.0310844         0.9634946097
0.02357446409       3.951940804e+13     1.154276546e+31     32.98985377         134.0332646         0.9640836858
0.02396917908       4.018130556e+13     1.162639894e+31     32.98537831         134.0357957         0.9646454274
0.02437050292       4.085428767e+13     1.172300534e+31     32.97959554         134.0389317         0.9651911533
0.02477854625       4.153855555e+13     1.183305735e+31     32.97381854         134.0420378         0.9657283619
0.02519342158       4.223427271e+13     1.195784919e+31     32.9675284          134.0430588         0.966262719
0.02561524331       4.294163997e+13     1.210094613e+31     32.96267405         134.0499737         0.9667730174
0.02604412774       4.366084651e+13     1.226162259e+31     32.95718487         134.0542546         0.9672821575
0.02648019312       4.439211123e+13     1.244285393e+31     32.95190333         134.059382          0.9677818921
0.02692355969       4.513562493e+13     1.264821785e+31     32.94006791         134.064519          0.968247653
0.02737434969       4.589157716e+13     1.287609977e+31     32.93497201         134.0704071         0.968730301
0.02783268741       4.666020909e+13     1.313268211e+31     32.92353427         134.0771711         0.969178169
0.02829869923       4.744169372e+13     1.341770562e+31     32.91283268         134.083766          0.9696228094
0.02877251364       4.823627897e+13     1.37351273e+31      32.90087099         134.0915254         0.9700519974
0.02925426129       4.904419342e+13     1.408636353e+31     32.889134           134.0995549         0.9704751003
0.02974407499       4.986561957e+13     1.44761208e+31      32.87422787         134.1083495         0.9708776066
0.0302420898        5.070079947e+13     1.49052695e+31      32.86144285         134.1176635         0.971280184
0.03074844304       5.154997595e+13     1.517476051e+31     31.57798581         128.905154          0.9723149918
0.03126327431       5.241334322e+13     1.527297752e+31     29.13648887         118.9386685         0.9739311773
0.03178672558       5.329117454e+13     1.536757612e+31     26.65411315         108.8053108         0.9755744231
0.03231894116       5.418371238e+13     1.545831801e+31     24.1301742          98.502287           0.9772451823
0.0328600678        5.509120326e+13     1.554495491e+31     21.56397611         88.02675629         0.9789439157
0.0334102547        5.601389785e+13     1.562722816e+31     18.95481132         77.37583032         0.9806710914
0.03396965357       5.695205102e+13     1.570486839e+31     16.30196043         66.54657241         0.9824271858
0.03453841863       5.790592193e+13     1.577759505e+31     13.60469198         55.53599667         0.9842126831
0.03511670671       5.887577408e+13     1.584511607e+31     10.86226228         44.34106725         0.9860280756
0.03570467726       5.986187539e+13     1.590712739e+31     8.073915186         32.95869745         0.9878738638
0.03630249239       6.08644983e+13      1.596331254e+31     5.238881878         21.3857489          0.9897505566
0.03691031694       6.188391978e+13     1.601334217e+31     2.356380677         9.619030672         0.9916586715
0.03752831849       6.29204109e+13      1.626266305e+31     0.0                 0.0                 0.9931929581
0.03815666745       6.397422308e+13     1.738827299e+31     0.0                 0.0                 0.9930603823
0.03879553706       6.504571404e+13     1.862227105e+31     0.0                 0.0                 0.9929252573
0.03944510347       6.613515444e+13     1.995686171e+31     0.0                 0.0                 0.9927876249
0.04010554579       6.724283401e+13     2.139817971e+31     0.0                 0.0                 0.9926474445
0.04077704611       6.836912237e+13     2.298887362e+31     0.0                 0.0                 0.9925045098
0.04145978958       6.951429626e+13     2.470380314e+31     0.0                 0.0                 0.9923589428
0.04215396445       7.067867272e+13     2.655037065e+31     0.0                 0.0                 0.9922107003
0.04285976211       7.186257783e+13     2.855699695e+31     0.0                 0.0                 0.9920596637
0.04357737718       7.306635845e+13     3.073599206e+31     0.0                 0.0                 0.9919057877
0.04430700751       7.429032555e+13     3.30763106e+31      0.0                 0.0                 0.9917491086
0.04504885428       7.553481091e+13     3.558725813e+31     0.0                 0.0                 0.9915895816
0.04580312204       7.680021255e+13     3.832936043e+31     0.0                 0.0                 0.991427021
0.04657001875       7.808684401e+13     4.126838697e+31     0.0                 0.0                 0.9912615232
0.04734975586       7.939506811e+13     4.441523118e+31     0.0                 0.0                 0.9910930437
0.04814254837       8.072527224e+13     4.781087248e+31     0.0                 0.0                 0.9909214741
0.04894861486       8.207781601e+13     5.147277131e+31     0.0                 0.0                 0.9907467703
0.04976817759       8.345306727e+13     5.538652677e+31     0.0                 0.0                 0.990568953
0.05060146252       8.485140949e+13     5.956682575e+31     0.0                 0.0                 0.9903879714
0.05144869942       8.627324242e+13     6.409822096e+31     0.0                 0.0                 0.9902036735
0.05231012189       8.771897636e+13     6.893356741e+31     0.0                 0.0                 0.9900161258
0.05318596743       8.918901355e+13     7.408948409e+31     0.0                 0.0                 0.9898252791
0.05407647754       9.068377755e+13     7.962675135e+31     0.0                 0.0                 0.9896310382
0.05498189776       9.220365801e+13     8.556598846e+31     0.0                 0.0                 0.9894333696
0.05590247773       9.374909389e+13     9.189037636e+31     0.0                 0.0                 0.9892322691
0.05683847126       9.532053451e+13     9.862544814e+31     0.0                 0.0                 0.989027681
0.05779013645       9.691844065e+13     1.058829246e+32     0.0                 0.0                 0.9888195009
0.05875773567       9.854321839e+13     1.136015919e+32     0.0                 0.0                 0.9886077603
0.05974153573       1.001953289e+14     1.21805869e+32      0.0                 0.0                 0.9883924025
0.06074180788       1.018752826e+14     1.305880122e+32     0.0                 0.0                 0.9881733475
0.06175882791       1.035835453e+14     1.399661291e+32     0.0                 0.0                 0.9879505803
0.06279287624       1.053205714e+14     1.499237939e+32     0.0                 0.0                 0.9877240598
0.06384423798       1.070868529e+14     1.605067765e+32     0.0                 0.0                 0.9874937292
0.06491320301       1.08882963e+14      1.718549811e+32     0.0                 0.0                 0.9872595681
0.06600006608       1.107093369e+14     1.838928297e+32     0.0                 0.0                 0.9870215257
0.06710512686       1.125664933e+14     1.966558552e+32     0.0                 0.0                 0.986779546
0.06822869002       1.144550235e+14     2.10287069e+32      0.0                 0.0                 0.9865336193
0.06937106538       1.163754362e+14     2.247879057e+32     0.0                 0.0                 0.9862836956
0.0705325679        1.183282579e+14     2.401494103e+32     0.0                 0.0                 0.986029706
0.07171351784       1.203140674e+14     2.564544939e+32     0.0                 0.0                 0.985771621
0.07291424081       1.223334849e+14     2.738656098e+32     0.0                 0.0                 0.9855094767
0.07413506788       1.243870248e+14     2.922959184e+32     0.0                 0.0                 0.9852431467
0.07537633566       1.264752716e+14     3.117966431e+32     0.0                 0.0                 0.9849725742
0.0766383864        1.285988832e+14     3.325926314e+32     0.0                 0.0                 0.9846978584
0.07792156806       1.307584597e+14     3.546406027e+32     0.0                 0.0                 0.9844188849
0.07922623445       1.329545883e+14     3.779531126e+32     0.0                 0.0                 0.9841355566
0.08055274531       1.351879349e+14     4.02679225e+32      0.0                 0.0                 0.9838479056
0.08190146637       1.374591992e+14     4.289849099e+32     0.0                 0.0                 0.9835559974
0.08327276951       1.397689569e+14     4.567817302e+32     0.0                 0.0                 0.9832596339
0.08466703282       1.421178758e+14     4.861430659e+32     0.0                 0.0                 0.9829587604
0.08608464075       1.445067816e+14     5.174270652e+32     0.0                 0.0                 0.9826536477
0.08752598415       1.469362476e+14     5.504912321e+32     0.0                 0.0                 0.9823440118
0.08899146044       1.494069744e+14     5.853966887e+32     0.0                 0.0                 0.9820297633
0.09048147367       1.519197945e+14     6.224085961e+32     0.0                 0.0                 0.9817110697
0.09199643469       1.544754155e+14     6.616515128e+32     0.0                 0.0                 0.9813879645
0.0935367612        1.5707451e+14       7.030580379e+32     0.0                 0.0                 0.9810601642
0.0951028779        1.597178632e+14     7.467683143e+32     0.0                 0.0                 0.9807276567
0.09669521661       1.62406463e+14      7.932490896e+32     0.0                 0.0                 0.980390922
0.09831421636       1.65140905e+14      8.422687124e+32     0.0                 0.0                 0.9800494235
0.09996032356       1.679219936e+14     8.939491811e+32     0.0                 0.0                 0.9797031067
0.1016339921        1.707507225e+14     9.487530526e+32     0.0                 0.0                 0.9793524228
0.1033356834        1.736278854e+14     1.006677195e+33     0.0                 0.0                 0.9789971301
0.1050658666        1.765542264e+14     1.067624366e+33     0.0                 0.0                 0.9786368141
0.1068250189        1.795307133e+14     1.132148078e+33     0.0                 0.0                 0.9782720847
0.1086136253        1.825582677e+14     1.200328532e+33     0.0                 0.0                 0.9779027357
0.1104321789        1.856380783e+14     1.27232583e+33      0.0                 0.0                 0.9775287294
0.1122811811        1.887704101e+14     1.348273462e+33     0.0                 0.0                 0.9771499963
0.1141611418        1.919571902e+14     1.428548558e+33     0.0                 0.0                 0.9767667748
0.1160725793        1.951983008e+14     1.513172851e+33     0.0                 0.0                 0.9763787705
0.1180160206        1.984955805e+14     1.602540913e+33     0.0                 0.0                 0.9759862448
0.1199920015        2.018498161e+14     1.696807522e+33     0.0                 0.0                 0.9755890654
0.122001067         2.052619408e+14     1.796204096e+33     0.0                 0.0                 0.9751871835
0.1240437709        2.087332014e+14     1.901148525e+33     0.0                 0.0                 0.9747808987
0.1261206765        2.122642906e+14     2.011700516e+33     0.0                 0.0                 0.9743698698
0.1282323564        2.158568664e+14     2.128388344e+33     0.0                 0.0                 0.9739544545
0.1303793928        2.19511833e+14      2.251360398e+33     0.0                 0.0                 0.9735344359
0.1325623778        2.232300914e+14     2.380955133e+33     0.0                 0.0                 0.9731098933
0.1347819132        2.270133097e+14     2.517660442e+33     0.0                 0.0                 0.9726810477
0.137038611         2.308624574e+14     2.661595185e+33     0.0                 0.0                 0.9722475189
0.1393330935        2.347787951e+14     2.813415278e+33     0.0                 0.0                 0.9718098898
0.1416659932        2.387635043e+14     2.973296486e+33     0.0                 0.0                 0.9713677668
0.1440379535        2.428181819e+14     3.141704062e+33     0.0                 0.0                 0.9709212928
0.1464496282        2.469438552e+14     3.319213895e+33     0.0                 0.0                 0.9704707888
0.1489016824        2.511420436e+14     3.505997694e+33     0.0                 0.0                 0.9700157777
0.1513947922        2.55413914e+14      3.702915618e+33     0.0                 0.0                 0.9695569201
0.1539296449        2.597612674e+14     3.910149599e+33     0.0                 0.0                 0.9690938312
0.1565069394        2.641852698e+14     4.128325102e+33     0.0                 0.0                 0.968626639
0.1591273865        2.68687577e+14      4.358149035e+33     0.0                 0.0                 0.9681557263
0.1617917086        2.732694353e+14     4.599574057e+33     0.0                 0.0                 0.9676684033
0.1645006403        2.779328869e+14     4.852120911e+33     0.0                 0.0                 0.9670979658
0.1672549285        2.826790732e+14     5.116758356e+33     0.0                 0.0                 0.9664796708
0.1700553327        2.875096885e+14     5.394464522e+33     0.0                 0.0                 0.965827801
0.1729026249        2.924267271e+14     5.686372668e+33     0.0                 0.0                 0.9651477104
0.1757975903        2.974312835e+14     5.992831345e+33     0.0                 0.0                 0.9644460064
0.1787410271        3.025260135e+14     6.315064911e+33     0.0                 0.0                 0.9637244921
0.1817337468        3.077117957e+14     6.653737743e+33     0.0                 0.0                 0.962986066
0.1847765746        3.129909982e+14     7.009464286e+33     0.0                 0.0                 0.9622326977
0.1878703494        3.183653912e+14     7.383854254e+33     0.0                 0.0                 0.961465885
0.1910159244        3.238369304e+14     7.777158643e+33     0.0                 0.0                 0.9606870449
0.1942141667        3.29407514e+14      8.190540444e+33     0.0                 0.0                 0.9598973356
0.1974659583        3.350792789e+14     8.625435351e+33     0.0                 0.0                 0.9590982041
0.2007721956        3.40854158e+14      9.082268659e+33     0.0                 0.0                 0.9582900051
0.2041337904        3.467345868e+14     9.562703141e+33     0.0                 0.0                 0.9574742167
0.2075516695        3.527226985e+14     1.006783098e+34     0.0                 0.0                 0.9566514834
0.2110267752        3.588204571e+14     1.059837716e+34     0.0                 0.0                 0.9558219963
0.2145600658        3.650308148e+14     1.115662276e+34     0.0                 0.0                 0.9549877917
0.2181525154        3.713556226e+14     1.174314425e+34     0.0                 0.0                 0.9541483673
0.2218051146        3.777972659e+14     1.235926494e+34     0.0                 0.0                 0.9533043039
0.2255188704        3.843587912e+14     1.300753082e+34     0.0                 0.0                 0.952457688
0.2292948069        3.910425379e+14     1.368831618e+34     0.0                 0.0                 0.9516073258
0.2331339651        3.978510658e+14     1.440376711e+34     0.0                 0.0                 0.9507545098
0.2370374037        4.047874107e+14     1.515600482e+34     0.0                 0.0                 0.9499004298
0.2410061987        4.118538344e+14     1.594584273e+34     0.0                 0.0                 0.9490440942
0.2450414446        4.19054033e+14      1.677620003e+34     0.0                 0.0                 0.9481875726
0.249144254         4.263906883e+14     1.764868154e+34     0.0                 0.0                 0.9473306868
0.253315758         4.338663852e+14     1.856462921e+34     0.0                 0.0                 0.9464728501
0.2575571069        4.414852453e+14     1.952787187e+34     0.0                 0.0                 0.9456170887
0.2618694701        4.492498193e+14     2.053927766e+34     0.0                 0.0                 0.944761651
0.2662540366        4.571633419e+14     2.16011585e+34      0.0                 0.0                 0.9439069396
0.2707120154        4.652302134e+14     2.271766838e+34     0.0                 0.0                 0.9430557723
0.2752446355        4.734530845e+14     2.388949504e+34     0.0                 0.0                 0.9422057852
0.2798531468        4.81835907e+14      2.512023118e+34     0.0                 0.0                 0.9413585537
0.2845388199        4.903828786e+14     2.641337426e+34     0.0                 0.0                 0.9405154166
0.2893029468        4.990971318e+14     2.777035639e+34     0.0                 0.0                 0.9396746248
0.294146841         5.079833579e+14     2.91959536e+34      0.0                 0.0                 0.9388387772
0.2990718381        5.170459126e+14     3.069286961e+34     0.0                 0.0                 0.9380073465
0.3040792961        5.262880487e+14     3.226337706e+34     0.0                 0.0                 0.9371793976
0.3091705956        5.357155408e+14     3.391382889e+34     0.0                 0.0                 0.936358642
0.3143471404        5.453321979e+14     3.564563756e+34     0.0                 0.0                 0.935542479
0.3196103577        5.551421903e+14     3.746282972e+34     0.0                 0.0                 0.9347315661
0.3249616989        5.651522287e+14     3.93719709e+34      0.0                 0.0                 0.9339288453
0.3304026393        5.753656118e+14     4.137442757e+34     0.0                 0.0                 0.9331314055
0.3359346791        5.85787849e+14      4.347635548e+34     0.0                 0.0                 0.9323414867
0.3415593437        5.964255499e+14     4.568304348e+34     0.0                 0.0                 0.9315598389
0.347278184         6.072820741e+14     4.799711696e+34     0.0                 0.0                 0.930784583
0.3530927766        6.183658705e+14     5.042714405e+34     0.0                 0.0                 0.9300191384
0.3590047249        6.296810743e+14     5.29763511e+34      0.0                 0.0                 0.9292619194
0.3650156589        6.412331575e+14     5.564936328e+34     0.0                 0.0                 0.9285124081
0.3711272359        6.530317908e+14     5.845685632e+34     0.0                 0.0                 0.9277747532
0.377341141         6.650799938e+14     6.140013048e+34     0.0                 0.0                 0.9270453153
0.3836590876        6.773859273e+14     6.448773525e+34     0.0                 0.0                 0.9263260463
0.3900828177        6.899579628e+14     6.772798947e+34     0.0                 0.0                 0.9256184508
0.3966141023        7.028004753e+14     7.112439726e+34     0.0                 0.0                 0.9249200754
0.4032547425        7.15924323e+14      7.468898093e+34     0.0                 0.0                 0.9242345686
0.410006569         7.293352663e+14     7.842676272e+34     0.0                 0.0                 0.9235602835
0.4168714436        7.430407271e+14     8.234457052e+34     0.0                 0.0                 0.9228967009
0.423851259         7.57052973e+14      8.645707696e+34     0.0                 0.0                 0.9222480197
0.4309479398        7.713758927e+14     9.076645356e+34     0.0                 0.0                 0.9216103856
0.4381634426        7.86021531e+14      9.528581701e+34     0.0                 0.0                 0.9209862684
0.445499757         8.009990635e+14     1.000255153e+35     0.0                 0.0                 0.9203764562
0.4529589057        8.163153736e+14     1.049913609e+35     0.0                 0.0                 0.9197787224
0.4605429453        8.31985837e+14      1.1020189e+35       0.0                 0.0                 0.9191976027
0.4682539671        8.480162256e+14     1.156617026e+35     0.0                 0.0                 0.9186299261
0.476094097         8.644185799e+14     1.213840821e+35     0.0                 0.0                 0.9180768426
0.4840654967        8.81206508e+14      1.273855427e+35     0.0                 0.0                 0.9175407541
0.4921703642        8.983870193e+14     1.336716605e+35     0.0                 0.0                 0.9170185111
0.5004109342        9.15977509e+14      1.402640079e+35     0.0                 0.0                 0.9165142
0.5087894788        9.339870818e+14     1.471713574e+35     0.0                 0.0                 0.9160257475
0.5173083081        9.524282628e+14     1.544077757e+35     0.0                 0.0                 0.9155533492
0.5259697709        9.71319295e+14      1.619960759e+35     0.0                 0.0                 0.9151001916
0.5347762554        9.906677447e+14     1.699420426e+35     0.0                 0.0                 0.9146626729
0.5437301898        1.010494254e+15     1.78272405e+35      0.0                 0.0                 0.9142448523
0.5528340429        1.030810269e+15     1.869987139e+35     0.0                 0.0                 0.9138448292
0.5620903248        1.051630659e+15     1.961388254e+35     0.0                 0.0                 0.913462788
0.5715015876        1.072977762e+15     2.057199549e+35     0.0                 0.0                 0.9131017494
0.5810704263        1.094859948e+15     2.157502353e+35     0.0                 0.0                 0.9127581096
0.5907994792        1.117304288e+15     2.262640479e+35     0.0                 0.0                 0.9124364178
0.6006914289        1.140321843e+15     2.372732678e+35     0.0                 0.0                 0.9121339157
0.6107490027        1.163933977e+15     2.488037737e+35     0.0                 0.0                 0.9118518701
0.6209749737        1.188163876e+15     2.60884882e+35      0.0                 0.0                 0.911591902
0.6313721615        1.213023373e+15     2.735286692e+35     0.0                 0.0                 0.9113511032
0.6419434329        1.238548286e+15     2.867826593e+35     0.0                 0.0                 0.9111350416
0.6526917026        1.26474668e+15      3.006532277e+35     0.0                 0.0                 0.9109388653
0.663619934         1.291650772e+15     3.151825919e+35     0.0                 0.0                 0.9107661821
0.6747311404        1.31928135e+15      3.303953557e+35     0.0                 0.0                 0.9106159948
0.6860283854        1.347661603e+15     3.46320409e+35      0.0                 0.0                 0.9104881441
0.6975147839        1.376825139e+15     3.630016166e+35     0.0                 0.0                 0.9103852542
0.7091935029        1.406786327e+15     3.804540848e+35     0.0                 0.0                 0.910303802
0.7210677625        1.43759226e+15      3.987410897e+35     0.0                 0.0                 0.9102493127
0.7331408368        1.469253181e+15     4.178722985e+35     0.0                 0.0                 0.9102169967
0.7454160545        1.501814263e+15     4.379075297e+35     0.0                 0.0                 0.9102107336
0.7578968002        1.535298622e+15     4.58874838e+35      0.0                 0.0                 0.9102287017
0.7705865152        1.569742632e+15     4.808214999e+35     0.0                 0.0                 0.9102719123
0.7834886982        1.605183915e+15     5.037963692e+35     0.0                 0.0                 0.9103412265
0.7966069067        1.64164951e+15      5.278330745e+35     0.0                 0.0                 0.9104351045
0.8099447576        1.679192692e+15     5.530025449e+35     0.0                 0.0                 0.9105567204
0.8235059286        1.717830304e+15     5.793243622e+35     0.0                 0.0                 0.9107023564
0.8372941587        1.757631931e+15     6.068924704e+35     0.0                 0.0                 0.9108771197
0.8513132497        1.798609173e+15     6.357192428e+35     0.0                 0.0                 0.9110762157
0.8655670669        1.840835694e+15     6.659014405e+35     0.0                 0.0                 0.9113040824
0.8800595405        1.884331412e+15     6.974661822e+35     0.0                 0.0                 0.9115574074
0.8947946663        1.929165953e+15     7.305044181e+35     0.0                 0.0                 0.9118390199
0.9097765071        1.975371267e+15     7.650605818e+35     0.0                 0.0                 0.9121470732
0.9250091938        2.02301215e+15      8.012194039e+35     0.0                 0.0                 0.912482972
0.9404969264        2.072138005e+15     8.390432561e+35     0.0                 0.0                 0.9128460874
0.9562439752        2.122806302e+15     8.786114636e+35     0.0                 0.0                 0.9132366712
0.972254682         2.17507685e+15      9.200045561e+35     0.0                 0.0                 0.9136549449
0.9885334614        2.229006455e+15     9.632971611e+35     0.0                 0.0                 0.9141003799
1.005084802         2.284667976e+15     1.008587742e+36     0.0                 0.0                 0.9145737681
1.021913266         2.342116468e+15     1.055948311e+36     0.0                 0.0                 0.9150739775
1.039023496         2.401437167e+15     1.105494236e+36     0.0                 0.0                 0.9156021407
1.056420207         2.462684083e+15     1.157298716e+36     0.0                 0.0                 0.916156811
1.074108198         2.525950571e+15     1.211490082e+36     0.0                 0.0                 0.9167391904
1.092092344         2.591296388e+15     1.268145744e+36     0.0                 0.0                 0.9173476933
1.110377604         2.658829158e+15     1.327409764e+36     0.0                 0.0                 0.9179834752
1.128969021         2.728603153e+15     1.389362105e+36     0.0                 0.0                 0.9186449332
1.14787172          2.800740043e+15     1.454160632e+36     0.0                 0.0                 0.9193330261
1.167090913         2.875304573e+15     1.521899308e+36     0.0                 0.0                 0.9200462224
1.186631899         2.952417809e+15     1.592739047e+36     0.0                 0.0                 0.9207851687
1.206500067         3.032159475e+15     1.666792405e+36     0.0                 0.0                 0.9215486555
1.226700894         3.114652226e+15     1.744224678e+36     0.0                 0.0                 0.922336757
1.247239949         3.199994246e+15     1.825170764e+36     0.0                 0.0                 0.9231486242
1.268122897         3.288306358e+15     1.909793301e+36     0.0                 0.0                 0.9239838737
1.289355495         3.379711357e+15     1.998267037e+36     0.0                 0.0                 0.92484191
1.310943598         3.474320038e+15     2.090740285e+36     0.0                 0.0                 0.9257220227
1.332893157         3.572283567e+15     2.187421807e+36     0.0                 0.0                 0.9266237473
1.355210224         3.673709892e+15     2.288459432e+36     0.0                 0.0                 0.9275460505
1.377900954         3.778777885e+15     2.394105439e+36     0.0                 0.0                 0.9284886234
1.400971602         3.887581706e+15     2.50448236e+36      0.0                 0.0                 0.9294502588
1.42442853          4.000352547e+15     2.619912822e+36     0.0                 0.0                 0.9304305212
1.448278204         4.117149891e+15     2.740483199e+36     0.0                 0.0                 0.9314282859
1.472527201         4.238262203e+15     2.866587212e+36     0.0                 0.0                 0.932442792
1.497182208         4.363742185e+15     2.998303045e+36     0.0                 0.0                 0.933473207
1.522250021         4.493876929e+15     3.13602832e+36      0.0                 0.0                 0.9345183562
1.547737553         4.628769051e+15     3.279907647e+36     0.0                 0.0                 0.9355775921
1.573651831         4.768688252e+15     3.430313733e+36     0.0                 0.0                 0.9366495972
1.6                 4.913789021e+15     3.587464235e+36     0.0                 0.0                 0.9377336455
