0.476E-14           0.790E+01           0.101E+11           26.00               56.00               0.000               0.0
0.491E-14           0.815E+01           0.101E+12           26.00               56.00               0.000               0.0    
0.699E-14           0.116E+02           0.121E+13           26.00               56.00               0.000               0.0    
0.990E-14           0.164E+02           0.140E+14           26.00               56.00               0.000               0.0    
0.272E-13           0.451E+02           0.170E+15           26.00               56.00               0.000               0.0    
0.127E-12           0.212E+03           0.582E+16           26.00               56.00               0.000               0.0    
0.693E-12           0.115E+04           0.190E+18           26.00               56.00               0.000               0.0    
0.630E-11           0.104E+05           0.974E+19           26.00               56.00               0.000               0.0    
0.158E-10           0.262E+05           0.497E+20           26.00               56.00               0.000               0.0    
0.397E-10           0.659E+05           0.243E+21           26.00               56.00               0.000               0.0    
0.998E-10           0.165E+06           0.115E+22           26.00               56.00               0.000               0.0    
0.251E-09           0.416E+06           0.527E+22           26.00               56.00               0.000               0.0    
0.629E-09           0.104E+07           0.232E+23           26.00               56.00               0.000               0.0    
0.158E-08           0.262E+07           0.975E+23           26.00               56.00               0.000               0.0    
0.397E-08           0.659E+07           0.391E+24           26.00               56.00               0.000               0.0    
0.500E-08           0.829E+07           0.526E+24           28.00               62.00               0.000               0.0    
0.998E-08           0.166E+08           0.144E+25           28.00               62.00               0.000               0.0    
0.199E-07           0.330E+08           0.383E+25           28.00               62.00               0.000               0.0    
0.397E-07           0.659E+08           0.101E+26           28.00               62.00               0.000               0.0    
0.792E-07           0.132E+09           0.260E+26           28.00               62.00               0.000               0.0
1e-07               165706801.7         3.363373161e+25     30.92072551         71.69104            0.0                 0.0
1.01686321e-07      168501780.2         3.440248967e+25     30.93458775         71.73418804         0.0                 0.0
1.034010789e-07     171343881.8         3.518937543e+25     30.93692451         71.75064            0.0                 0.0
1.05144753e-07      174233942.8         3.599391643e+25     30.93631697         71.76119464         0.0                 0.0
1.069178311e-07     177172857.0         3.681419173e+25     30.94864108         71.80452928         0.0                 0.0
1.08720809e-07      180161249.3         3.76575295e+25      30.94751902         71.81025            0.0                 0.0
1.105541908e-07     183200073.9         3.85182242e+25      30.95190317         71.83140149         0.0                 0.0
1.124184894e-07     186290183.3         3.939606086e+25     30.96228042         71.86985            0.0                 0.0
1.14314226e-07      189432290.2         4.029617359e+25     30.95751576         71.86985            0.0                 0.0
1.162419309e-07     192627469.3         4.121607369e+25     30.96644479         71.90164611         0.0                 0.0
1.18202143e-07      195876604.1         4.215727904e+25     30.97364795         71.92946            0.0                 0.0
1.201954106e-07     199180605.5         4.312065666e+25     30.9688646          71.92946            0.0                 0.0
1.222222911e-07     202540188.2         4.410095237e+25     30.98082398         71.97193638         0.0                 0.0
1.242833513e-07     205956492.5         4.51055996e+25      30.99404074         72.01519661         0.0                 0.0
1.263791676e-07     209430429.0         4.613481145e+25     31.00366173         72.04867            0.0                 0.0
1.285103261e-07     212962853.8         4.718773019e+25     30.99887598         72.04867            0.0                 0.0
1.306774228e-07     216555060.3         4.82603543e+25      31.00857721         72.08546288         0.0                 0.0
1.328810636e-07     220207834.0         4.935902811e+25     31.0127636          72.10827            0.0                 0.0
1.351218649e-07     223922152.5         5.048483493e+25     31.009647           72.11254856         0.0                 0.0
1.374004534e-07     227699127.8         5.163122538e+25     31.02185868         72.1557693          0.0                 0.0
1.397174661e-07     231539839.8         5.28067182e+25      31.02183316         72.16787            0.0                 0.0
1.420735511e-07     235445362.8         5.401022751e+25     31.0234202          72.18272179         0.0                 0.0
1.444693673e-07     239416792.1         5.524066736e+25     31.03726962         72.22612785         0.0                 0.0
1.469055847e-07     243455147.3         5.649388743e+25     31.04948992         72.26928541         0.0                 0.0
1.493828844e-07     247561684.6         5.777867569e+25     31.05168487         72.28708            0.0                 0.0
1.519019594e-07     251737513.0         5.909398406e+25     31.05050057         72.29630926         0.0                 0.0
1.544635141e-07     255983680.6         6.043451742e+25     31.06270034         72.33961941         0.0                 0.0
1.570682649e-07     260301494.8         6.18046186e+25      31.07485772         72.38281354         0.0                 0.0
1.5971694e-07       264692187.8         6.320864247e+25     31.07926362         72.40629            0.0                 0.0
1.624102804e-07     269156991.8         6.464745288e+25     31.07586343         72.40990792         0.0                 0.0
1.651490391e-07     273697096.1         6.611234792e+25     31.0880117          72.453124           0.0                 0.0
1.679339821e-07     278313721.2         6.761442882e+25     31.0882187          72.4659             0.0                 0.0
1.707658882e-07     283008224.2         6.915081571e+25     31.08896216         72.48008528         0.0                 0.0
1.736455493e-07     287781976.2         7.071810997e+25     31.10114298         72.52347274         0.0                 0.0
1.765737707e-07     292636258.2         7.231915167e+25     31.11325328         72.56664104         0.0                 0.0
1.795513713e-07     297572402.5         7.395760656e+25     31.11475282         72.58511            0.0                 0.0
1.825791839e-07     302591821.0         7.563390981e+25     31.11198541         72.59367448         0.0                 0.0
1.856580551e-07     307696013.6         7.734630778e+25     31.12411327         72.63696725         0.0                 0.0
1.887888459e-07     312886159.8         7.909645491e+25     31.13620806         72.68016961         0.0                 0.0
1.919724319e-07     318163835.9         8.088978502e+25     31.14083267         72.70432            0.0                 0.0
1.952097034e-07     323530568.5         8.27277525e+25      31.13714918         72.70727531         0.0                 0.0
1.985015657e-07     328988031.0         8.459881866e+25     31.14922567         72.75047389         0.0                 0.0
2.018489394e-07     334537418.9         8.651212009e+25     31.16130652         72.7937114          0.0                 0.0
2.052527605e-07     340180399.7         8.846970233e+25     31.16762203         72.82353            0.0                 0.0
2.08713981e-07      345918666.0         9.047274602e+25     31.1611613          72.82353            0.0                 0.0
2.122335687e-07     351753697.7         9.251746111e+25     31.17204588         72.86399286         0.0                 0.0
2.15812508e-07      357687130.6         9.460883452e+25     31.18410955         72.90726092         0.0                 0.0
2.194517997e-07     363720661.9         9.674837575e+25     31.19281708         72.94273            0.0                 0.0
2.231524616e-07     369856103.9         9.893664047e+25     31.18636518         72.94273            0.0                 0.0
2.269155285e-07     376094857.6         1.011718294e+26     31.19479053         72.97751988         0.0                 0.0
2.307420528e-07     382438866.2         1.034577886e+26     31.20683793         73.02082786         0.0                 0.0
2.346331046e-07     388889978.9         1.057960529e+26     31.21890869         73.06423476         0.0                 0.0
2.38589772e-07      395450025.2         1.081846602e+26     31.23091134         73.10742884         0.0                 0.0
2.426131615e-07     402120642.8         1.106286636e+26     31.2304841          73.12155            0.0                 0.0
2.467043982e-07     408903780.2         1.131286277e+26     31.22949534         73.1344077          0.0                 0.0
2.508646264e-07     415801427.9         1.156835569e+26     31.2415233          73.17777297         0.0                 0.0
2.550950094e-07     422815313.9         1.182861851e+26     31.2520034          73.22094851         0.0                 0.0
2.593967302e-07     429947517.1         1.209554453e+26     31.25368031         73.24076            0.0                 0.0
2.637709918e-07     437200048.9         1.236907285e+26     31.2508156          73.24799943         0.0                 0.0
2.682190175e-07     444574952.8         1.264771617e+26     31.26198653         73.29126944         0.0                 0.0
2.727420512e-07     452074309.4         1.293287355e+26     31.27377207         73.33448026         0.0                 0.0
2.773413578e-07     459700228.9         1.322426308e+26     31.28507911         73.37779275         0.0                 0.0
2.820182235e-07     467454846.3         1.352179393e+26     31.29550609         73.42120372         0.0                 0.0
2.867739561e-07     475340148.9         1.382659602e+26     31.30742927         73.46438629         0.0                 0.0
2.916098856e-07     483358584.7         1.413848022e+26     31.30723831         73.47918            0.0                 0.0
2.965273645e-07     491512274.6         1.44572247e+26      31.3054601          73.49137401         0.0                 0.0
3.015277678e-07     499803313.0         1.478220486e+26     31.31578197         73.53472738         0.0                 0.0
3.06612494e-07      508234464.3         1.511421057e+26     31.32605403         73.57790127         0.0                 0.0
3.11782965e-07      516807802.7         1.545432982e+26     31.33719821         73.62118178         0.0                 0.0
3.170406267e-07     525525712.0         1.580275547e+26     31.34633318         73.65799            0.0                 0.0
3.223869495e-07     534390718.6         1.615906734e+26     31.33982145         73.65799            0.0                 0.0
3.278234284e-07     543405466.3         1.652217746e+26     31.34628096         73.69143546         0.0                 0.0
3.333515838e-07     552572242.8         1.689322859e+26     31.35654556         73.73475081         0.0                 0.0
3.389729617e-07     561893492.0         1.72727551e+26      31.36686458         73.77817232         0.0                 0.0
3.446891341e-07     571372030.6         1.766155778e+26     31.37870278         73.82133674         0.0                 0.0
3.505016994e-07     581010580.9         1.805839061e+26     31.38950778         73.86458675         0.0                 0.0
3.564122833e-07     590811773.9         1.846380749e+26     31.39974672         73.90794018         0.0                 0.0
3.624225386e-07     600778238.6         1.887827054e+26     31.40997629         73.95128249         0.0                 0.0
3.685341461e-07     610912949.8         1.930319492e+26     31.40527595         73.95601            0.0                 0.0
3.747488149e-07     621218542.7         1.973712391e+26     31.40728969         73.97814533         0.0                 0.0
3.81068283e-07      631697925.5         2.018009086e+26     31.41750667         74.021535           0.0                 0.0
3.874943177e-07     642354338.5         2.063269516e+26     31.42768238         74.06478304         0.0                 0.0
3.940287158e-07     653190380.2         2.109533149e+26     31.43783823         74.10800195         0.0                 0.0
4.00673305e-07      664209220.6         2.156848646e+26     31.44800834         74.15132285         0.0                 0.0
4.074299432e-07     675414012.6         2.205240463e+26     31.45819235         74.19474186         0.0                 0.0
4.1430052e-07       686807813.4         2.25465878e+26      31.46830405         74.23790244         0.0                 0.0
4.212869568e-07     698393870.8         2.305199296e+26     31.47842811         74.28115469         0.0                 0.0
4.283912074e-07     710175413.9         2.356940369e+26     31.48437751         74.31364            0.0                 0.0
4.356152584e-07     722155704.7         2.409988355e+26     31.47779682         74.31364            0.0                 0.0
4.429611302e-07     734338148.6         2.464004844e+26     31.48579884         74.35142022         0.0                 0.0
4.504308769e-07     746726136.1         2.519221268e+26     31.49590168         74.39470889         0.0                 0.0
4.580265875e-07     759323139.5         2.575670455e+26     31.5058218          74.43810297         0.0                 0.0
4.657503862e-07     772132732.2         2.633187887e+26     31.51424921         74.48133982         0.0                 0.0
4.736044329e-07     785158300.3         2.692114721e+26     31.5238844          74.52456298         0.0                 0.0
4.815909241e-07     798403650.0         2.75242691e+26      31.5339568          74.56788831         0.0                 0.0
4.897120932e-07     811872588.0         2.814108155e+26     31.5440408          74.61130339         0.0                 0.0
4.979702112e-07     825568660.8         2.877098603e+26     31.55405866         74.65446092         0.0                 0.0
5.063675876e-07     839495775.1         2.941394824e+26     31.56307578         74.6977173          0.0                 0.0
5.149065708e-07     853657862.3         3.007117432e+26     31.57184913         74.74107522         0.0                 0.0
5.235895486e-07     868058942.5         3.074454026e+26     31.58187321         74.78440253         0.0                 0.0
5.324189493e-07     882703069.9         3.143255752e+26     31.59185242         74.82758989         0.0                 0.0
5.41397242e-07      897594247.7         3.21351238e+26      31.60105358         74.87088278         0.0                 0.0
5.505269376e-07     912736646.5         3.285268743e+26     31.60958344         74.91428109         0.0                 0.0
5.598105891e-07     928134694.8         3.358779261e+26     31.6195418          74.95750675         0.0                 0.0
5.692507929e-07     943792464.2         3.433752733e+26     31.62828662         75.00072892         0.0                 0.0
5.788501887e-07     959714302.2         3.510550652e+26     31.63136302         75.02889            0.0                 0.0
5.886114612e-07     975904607.2         3.589446301e+26     31.62470792         75.02889            0.0                 0.0
5.985373401e-07     992368377.0         3.669161022e+26     31.64873809         75.11314104         0.0                 0.0
6.086306012e-07     1.00910991e+09      3.751193756e+26     31.65481243         75.1481             0.0                 0.0
6.18894067e-07      1.026133909e+09     3.83525483e+26      31.65508246         75.16718272         0.0                 0.0
6.293306078e-07     1.043445186e+09     3.920435342e+26     31.67990515         75.25380813         0.0                 0.0
6.399431423e-07     1.061048382e+09     4.00804457e+26      31.67677002         75.26731            0.0                 0.0
6.507346381e-07     1.078948621e+09     4.097717368e+26     31.67691659         75.28744704         0.0                 0.0
6.617081132e-07     1.097150943e+09     4.189327687e+26     31.68817568         75.33478011         0.0                 0.0
6.728666363e-07     1.115660272e+09     4.28230376e+26      31.71287155         75.4212156          0.0                 0.0
6.842133279e-07     1.134481958e+09     4.377610777e+26     31.72580082         75.4769001          0.0                 0.0
6.957513612e-07     1.153621263e+09     4.475285928e+26     31.73454169         75.52023175         0.0                 0.0
7.074839627e-07     1.173083528e+09     4.575367374e+26     31.74440697         75.56363163         0.0                 0.0
7.194144136e-07     1.19287414e+09      4.677272785e+26     31.75259412         75.60679064         0.0                 0.0
7.315460502e-07     1.212998745e+09     4.781469026e+26     31.76072955         75.65005705         0.0                 0.0
7.438822651e-07     1.233462936e+09     4.888021202e+26     31.76887623         75.69342772         0.0                 0.0
7.564265082e-07     1.254272293e+09     4.996910431e+26     31.77699088         75.73672531         0.0                 0.0
7.691822875e-07     1.275432841e+09     5.108171193e+26     31.78507774         75.77992008         0.0                 0.0
7.821531702e-07     1.296950478e+09     5.221946368e+26     31.79317638         75.82322121         0.0                 0.0
7.953427837e-07     1.31883121e+09      5.338293403e+26     31.80128528         75.8666282          0.0                 0.0
8.087548163e-07     1.341081061e+09     5.45713099e+26      31.80933485         75.90983132         0.0                 0.0
8.223930189e-07     1.363706267e+09     5.578618203e+26     31.81738447         75.95306684         0.0                 0.0
8.362612054e-07     1.386713251e+09     5.702851194e+26     31.82544324         75.99640517         0.0                 0.0
8.50363254e-07      1.410108517e+09     5.829865491e+26     31.83349434         76.03978668         0.0                 0.0
8.647031084e-07     1.433898478e+09     5.95958579e+26      31.84149802         76.08295646         0.0                 0.0
8.792847788e-07     1.458089922e+09     6.091938119e+26     31.85878302         76.150676           0.0                 0.0
8.94112343e-07      1.482689615e+09     6.227144404e+26     31.88013602         76.22920497         0.0                 0.0
9.091899475e-07     1.507704371e+09     6.365742331e+26     31.88811833         76.27249156         0.0                 0.0
9.245218089e-07     1.533141123e+09     6.507366338e+26     31.8960696          76.31569633         0.0                 0.0
9.401122146e-07     1.55900713e+09      6.651987182e+26     31.90329551         76.35900238         0.0                 0.0
9.559655246e-07     1.585309666e+09     6.799632567e+26     31.90967171         76.40240676         0.0                 0.0
9.720861724e-07     1.61205591e+09      6.950874512e+26     31.91758793         76.44559884         0.0                 0.0
9.88478666e-07      1.639253505e+09     7.105494736e+26     31.92550327         76.48883855         0.0                 0.0
1.00514759e-06      1.666910079e+09     7.263452316e+26     31.93291145         76.53218118         0.0                 0.0
1.022097605e-06     1.695033368e+09     7.424572046e+26     31.93912898         76.57555133         0.0                 0.0
1.039333452e-06     1.723630554e+09     7.589000219e+26     31.96202275         76.65883245         0.0                 0.0
1.05685995e-06      1.752711123e+09     7.757492982e+26     31.97725206         76.72160278         0.0                 0.0
1.074682002e-06     1.782282911e+09     7.929998901e+26     31.9848259          76.76498298         0.0                 0.0
1.092804591e-06     1.812352498e+09     8.105790405e+26     31.99096656         76.80825821         0.0                 0.0
1.111232784e-06     1.842930615e+09     8.285879092e+26     31.99843934         76.85146746         0.0                 0.0
1.129971737e-06     1.874024031e+09     8.469713755e+26     32.01274232         76.91291812         0.0                 0.0
1.149026688e-06     1.905640761e+09     8.657109867e+26     32.03534325         76.99779482         0.0                 0.0
1.168402966e-06     1.93779211e+09      8.849208399e+26     32.04225529         77.04097558         0.0                 0.0
1.188105991e-06     1.970486728e+09     9.045394947e+26     32.04860169         77.08422031         0.0                 0.0
1.208141273e-06     2.003733073e+09     9.245890075e+26     32.05466685         77.12756796         0.0                 0.0
1.228514413e-06     2.037539478e+09     9.450822041e+26     32.06071888         77.1709259          0.0                 0.0
1.24923111e-06      2.071917213e+09     9.659989456e+26     32.08310663         77.25354307         0.0                 0.0
1.270297157e-06     2.106874472e+09     9.873928868e+26     32.09748684         77.31698272         0.0                 0.0
1.291718445e-06     2.142421191e+09     1.009275565e+27     32.10349273         77.36036019         0.0                 0.0
1.313500965e-06     2.178568638e+09     1.031632681e+27     32.10947015         77.40363196         0.0                 0.0
1.335650808e-06     2.215326001e+09     1.054478556e+27     32.11542297         77.44684119         0.0                 0.0
1.358174169e-06     2.252704183e+09     1.077830633e+27     32.12861894         77.5076268          0.0                 0.0
1.381077345e-06     2.290713882e+09     1.101696999e+27     32.15203573         77.59317539         0.0                 0.0
1.404366743e-06     2.329362641e+09     1.126085865e+27     32.15793549         77.63635138         0.0                 0.0
1.428048875e-06     2.368663804e+09     1.151020819e+27     32.16383148         77.67959702         0.0                 0.0
1.452130363e-06     2.408628803e+09     1.176488856e+27     32.17415965         77.73478891         0.0                 0.0
1.476617943e-06     2.449269552e+09     1.202443507e+27     32.19626082         77.82149333         0.0                 0.0
1.501518462e-06     2.490594484e+09     1.22904692e+27      32.20374476         77.8690777          0.0                 0.0
1.526838884e-06     2.532616548e+09     1.256259048e+27     32.20958259         77.91235993         0.0                 0.0
1.552586289e-06     2.575347876e+09     1.284066989e+27     32.21774753         77.96197529         0.0                 0.0
1.578767878e-06     2.618801357e+09     1.312377976e+27     32.23969458         78.04849007         0.0                 0.0
1.605390973e-06     2.662988465e+09     1.341395982e+27     32.24924863         78.10182259         0.0                 0.0
1.632463019e-06     2.70792072e+09      1.371046834e+27     32.26129124         78.16194692         0.0                 0.0
1.659991586e-06     2.753610178e+09     1.401289298e+27     32.28299736         78.24816388         0.0                 0.0
1.687984373e-06     2.800071783e+09     1.432189828e+27     32.28698741         78.29132942         0.0                 0.0
1.716449209e-06     2.847316898e+09     1.46384665e+27      32.29207047         78.33457954         0.0                 0.0
1.745394053e-06     2.895359543e+09     1.496219059e+27     32.30194623         78.38911197         0.0                 0.0
1.774827e-06        2.944214545e+09     1.529205496e+27     32.32376706         78.47579366         0.0                 0.0
1.804756281e-06     2.993891838e+09     1.562967648e+27     32.33055273         78.5240632          0.0                 0.0
1.835190266e-06     3.044407564e+09     1.597426508e+27     32.34342691         78.58912968         0.0                 0.0
1.866137465e-06     3.095776183e+09     1.632612864e+27     32.36236281         78.67033666         0.0                 0.0
1.897606534e-06     3.148011719e+09     1.668730858e+27     32.36797748         78.71358541         0.0                 0.0
1.929606272e-06     3.201128321e+09     1.705439926e+27     32.38428739         78.78923125         0.0                 0.0
1.962145629e-06     3.255141723e+09     1.743004153e+27     32.39886046         78.85973192         0.0                 0.0
1.995233703e-06     3.310067588e+09     1.781584627e+27     32.40444649         78.90315287         0.0                 0.0
2.028879749e-06     3.365919916e+09     1.820688789e+27     32.42419679         78.98941885         0.0                 0.0
2.063093175e-06     3.422715094e+09     1.860847179e+27     32.43516376         79.04916694         0.0                 0.0
2.097883549e-06     3.480468647e+09     1.901946157e+27     32.44415156         79.10304567         0.0                 0.0
2.1332606e-06       3.53919585e+09      1.943714167e+27     32.46391749         79.18970367         0.0                 0.0
2.169234223e-06     3.598914869e+09     1.986523764e+27     32.46975668         79.23864619         0.0                 0.0
2.205814476e-06     3.659642135e+09     2.030298608e+27     32.48211084         79.30305073         0.0                 0.0
2.243011589e-06     3.721394457e+09     2.075040242e+27     32.50157597         79.38493381         0.0                 0.0
2.280835965e-06     3.784187978e+09     2.120768497e+27     32.50523389         79.42816416         0.0                 0.0
2.319298182e-06     3.848041207e+09     2.167361166e+27     32.52057496         79.50314384         0.0                 0.0
2.358408995e-06     3.912972526e+09     2.214943252e+27     32.54016455         79.58979739         0.0                 0.0
2.398179342e-06     3.979000475e+09     2.26358405e+27      32.55976244         79.67662295         0.0                 0.0
2.438620345e-06     4.04614228e+09      2.313439484e+27     32.5635931          79.7204962          0.0                 0.0
2.479743313e-06     4.114417048e+09     2.364389391e+27     32.57781095         79.78985477         0.0                 0.0
2.521559746e-06     4.183843932e+09     2.416433466e+27     32.5946446          79.86672396         0.0                 0.0
2.564081338e-06     4.254442286e+09     2.469509923e+27     32.59640413         79.9100377          0.0                 0.0
2.607319981e-06     4.326232789e+09     2.523687193e+27     32.61312316         79.98998864         0.0                 0.0
2.651287766e-06     4.399235031e+09     2.579066655e+27     32.6324847          80.07657912         0.0                 0.0
2.69599699e-06      4.473469317e+09     2.635704524e+27     32.65030884         80.15913179         0.0                 0.0
2.741460154e-06     4.54895626e+09      2.693756281e+27     32.65373808         80.20235131         0.0                 0.0
2.787689973e-06     4.62571732e+09      2.752911761e+27     32.66852812         80.27666668         0.0                 0.0
2.834699375e-06     4.703773775e+09     2.813318559e+27     32.68778378         80.3633284          0.0                 0.0
2.882501507e-06     4.783147171e+09     2.87506428e+27      32.70703938         80.45013083         0.0                 0.0
2.931109737e-06     4.863861924e+09     2.938151973e+27     32.70917355         80.49468477         0.0                 0.0
2.980537657e-06     4.945938383e+09     3.002618484e+27     32.72105511         80.56338            0.0                 0.0
3.03079909e-06      5.029399747e+09     3.068501493e+27     32.74020129         80.65011098         0.0                 0.0
3.081908093e-06     5.114269963e+09     3.135812486e+27     32.75928162         80.73671793         0.0                 0.0
3.133878957e-06     5.200571291e+09     3.204610339e+27     32.76364476         80.78702241         0.0                 0.0
3.186726217e-06     5.288329788e+09     3.27492678e+27      32.77312724         80.85010709         0.0                 0.0
3.240464652e-06     5.377570548e+09     3.346762487e+27     32.79201658         80.93691084         0.0                 0.0
3.295109289e-06     5.468318219e+09     3.419893665e+27     32.8091357          81.0233357          0.0                 0.0
3.35067541e-06      5.56059621e+09      3.494801188e+27     32.82748898         81.10979976         0.0                 0.0
3.407178554e-06     5.654431246e+09     3.571367548e+27     32.84579957         81.19646937         0.0                 0.0
3.464634523e-06     5.74985018e+09      3.649449405e+27     32.86288606         81.28324989         0.0                 0.0
3.523059383e-06     5.846881577e+09     3.729477803e+27     32.86493937         81.32847635         0.0                 0.0
3.582469475e-06     5.945549957e+09     3.81127016e+27      32.87622995         81.39650548         0.0                 0.0
3.642881411e-06     6.045883175e+09     3.894803429e+27     32.89466141         81.48324656         0.0                 0.0
3.704312087e-06     6.147910199e+09     3.979911235e+27     32.91157094         81.56983831         0.0                 0.0
3.766778681e-06     6.251658607e+09     4.066839225e+27     32.92840492         81.6562393          0.0                 0.0
3.830298662e-06     6.357158903e+09     4.155698333e+27     32.94524476         81.74284661         0.0                 0.0
3.894889794e-06     6.464440899e+09     4.246554313e+27     32.9622105          81.82965914         0.0                 0.0
3.96057014e-06      6.573531593e+09     4.33960952e+27      32.98073632         81.91606024         0.0                 0.0
4.027358067e-06     6.684464116e+09     4.434493333e+27     32.99799556         82.00253289         0.0                 0.0
4.095272253e-06     6.79726972e+09      4.53140774e+27      33.00927793         82.0757246          0.0                 0.0
4.164331691e-06     6.911980113e+09     4.630502597e+27     33.00852685         82.11910008         0.0                 0.0
4.234555692e-06     7.02862638e+09      4.731609371e+27     33.02398846         82.20269779         0.0                 0.0
4.305963895e-06     7.147241954e+09     4.83495411e+27      33.04055891         82.28924233         0.0                 0.0
4.37857627e-06      7.267859769e+09     4.940592211e+27     33.05713672         82.37599194         0.0                 0.0
4.452413123e-06     7.390512112e+09     5.048497912e+27     33.0736416          82.46256023         0.0                 0.0
4.527495102e-06     7.51523489e+09      5.158722485e+27     33.09006907         82.54896976         0.0                 0.0
4.603843204e-06     7.642063603e+09     5.271229989e+27     33.10572331         82.63558563         0.0                 0.0
4.681478781e-06     7.77103389e+09      5.386028829e+27     33.12042554         82.7224065          0.0                 0.0
4.760423542e-06     7.902180227e+09     5.503600918e+27     33.1367279          82.80878562         0.0                 0.0
4.840699566e-06     8.035541386e+09     5.623758282e+27     33.15301215         82.89526202         0.0                 0.0
4.922329301e-06     8.171154e+09        5.746458314e+27     33.16875887         82.98194399         0.0                 0.0
5.005335575e-06     8.309054916e+09     5.871543288e+27     33.18318537         83.06867988         0.0                 0.0
5.089741602e-06     8.449282066e+09     5.999651751e+27     33.19918625         83.15502581         0.0                 0.0
5.175570985e-06     8.591877021e+09     6.130389201e+27     33.21433592         83.24157832         0.0                 0.0
5.262847727e-06     8.736880005e+09     6.263795049e+27     33.23150822         83.3355399          0.0                 0.0
5.351596235e-06     8.884331565e+09     6.399968544e+27     33.26297658         83.46536335         0.0                 0.0
5.441841328e-06     9.034271274e+09     6.539144436e+27     33.28075985         83.56091075         0.0                 0.0
5.533608243e-06     9.186742284e+09     6.681418619e+27     33.29489871         83.64753193         0.0                 0.0
5.626922643e-06     9.341787664e+09     6.826857391e+27     33.3091013          83.73435412         0.0                 0.0
5.721810623e-06     9.499449667e+09     6.975812636e+27     33.32495239         83.82071141         0.0                 0.0
5.818298719e-06     9.659772773e+09     7.127707102e+27     33.33957617         83.90720079         0.0                 0.0
5.916413915e-06     9.822802543e+09     7.282781879e+27     33.35356372         83.99389578         0.0                 0.0
6.016183647e-06     9.98858524e+09      7.441230522e+27     33.36751247         84.08060937         0.0                 0.0
6.117635817e-06     1.015716563e+10     7.603011522e+27     33.38134561         84.16696424         0.0                 0.0
6.220798797e-06     1.03285923e+10      7.768003188e+27     33.40321569         84.27628651         0.0                 0.0
6.325701436e-06     1.05029134e+10      7.936407402e+27     33.43005285         84.39989215         0.0                 0.0
6.432373069e-06     1.068017731e+10     8.108987188e+27     33.4437739          84.48641601         0.0                 0.0
6.54084353e-06      1.086043282e+10     8.285280525e+27     33.45743948         84.57284261         0.0                 0.0
6.65114315e-06      1.104373159e+10     8.465217387e+27     33.47036039         84.65947503         0.0                 0.0
6.763302776e-06     1.123012537e+10     8.648745826e+27     33.48254684         84.74724786         0.0                 0.0
6.877353773e-06     1.141966458e+10     8.836579821e+27     33.51310996         84.87675382         0.0                 0.0
6.993328036e-06     1.161240458e+10     9.028210892e+27     33.53152251         84.97875495         0.0                 0.0
7.111257998e-06     1.180839864e+10     9.224056811e+27     33.54362549         85.06545674         0.0                 0.0
7.231176638e-06     1.200769999e+10     9.424645136e+27     33.55706608         85.15214036         0.0                 0.0
7.35311749e-06      1.221036776e+10     9.628698653e+27     33.58385609         85.27692296         0.0                 0.0
7.477114657e-06     1.241645686e+10     9.837224329e+27     33.60363904         85.38468281         0.0                 0.0
7.603202815e-06     1.262602491e+10     1.005041533e+28     33.61506145         85.47145727         0.0                 0.0
7.731417223e-06     1.283913116e+10     1.026810768e+28     33.62638796         85.55795909         0.0                 0.0
7.861793738e-06     1.305583469e+10     1.049035309e+28     33.65051117         85.67713355         0.0                 0.0
7.994368819e-06     1.327619733e+10     1.07175102e+28      33.67230784         85.79063515         0.0                 0.0
8.129179542e-06     1.350028123e+10     1.094977031e+28     33.68364399         85.87775594         0.0                 0.0
8.266263607e-06     1.372814482e+10     1.118664409e+28     33.71165059         86.00722096         0.0                 0.0
8.405659349e-06     1.39598576e+10      1.142881955e+28     33.72906391         86.10989978         0.0                 0.0
8.547405751e-06     1.41954836e+10      1.167638815e+28     33.74012161         86.19661204         0.0                 0.0
8.691542452e-06     1.443508664e+10     1.192930386e+28     33.75112149         86.28328047         0.0                 0.0
8.83810976e-06      1.467873502e+10     1.218659143e+28     33.77511504         86.40740167         0.0                 0.0
8.987148664e-06     1.492649716e+10     1.244993231e+28     33.7935767          86.51583689         0.0                 0.0
9.138700843e-06     1.517844238e+10     1.271949033e+28     33.80623874         86.60783077         0.0                 0.0
9.292808677e-06     1.543464015e+10     1.299369505e+28     33.83195176         86.7375531          0.0                 0.0
9.449515265e-06     1.569516399e+10     1.327466352e+28     33.84651259         86.83514606         0.0                 0.0
9.608864428e-06     1.596008704e+10     1.356167197e+28     33.86264377         86.9375868          0.0                 0.0
9.77090073e-06      1.622948334e+10     1.385418856e+28     33.88827494         87.06783734         0.0                 0.0
9.935669485e-06     1.650342632e+10     1.415270773e+28     33.91365497         87.19729606         0.0                 0.0
1.010321677e-05     1.678199507e+10     1.445855885e+28     33.92995079         87.30065476         0.0                 0.0
1.027358944e-05     1.706526661e+10     1.477131959e+28     33.94391687         87.39754311         0.0                 0.0
1.044683514e-05     1.735331706e+10     1.508972521e+28     33.96921306         87.52751372         0.0                 0.0
1.062300232e-05     1.764624279e+10     1.541387316e+28     33.99267787         87.6570846          0.0                 0.0
1.080214024e-05     1.794411002e+10     1.574617706e+28     34.00967939         87.76619946         0.0                 0.0
1.0984299e-05       1.824700082e+10     1.608684561e+28     34.02129272         87.85754559         0.0                 0.0
1.116952955e-05     1.855501811e+10     1.643225019e+28     34.04429351         87.98722873         0.0                 0.0
1.135788367e-05     1.886822283e+10     1.67859495e+28      34.0686313          88.11690553         0.0                 0.0
1.154941405e-05     1.918671286e+10     1.714781972e+28     34.08765376         88.23176451         0.0                 0.0
1.174417425e-05     1.951058393e+10     1.751775777e+28     34.095732           88.31857786         0.0                 0.0
1.194221873e-05     1.983993757e+10     1.7895064e+28       34.11993405         88.44698258         0.0                 0.0
1.214360288e-05     2.017484031e+10     1.827976953e+28     34.14337629         88.57676397         0.0                 0.0
1.234838301e-05     2.051539513e+10     1.867230088e+28     34.16601179         88.70685348         0.0                 0.0
1.255661639e-05     2.086172096e+10     1.907320656e+28     34.18853637         88.83679588         0.0                 0.0
1.276836125e-05     2.121386324e+10     1.948399367e+28     34.19856873         88.92997109         0.0                 0.0
1.298367682e-05     2.157195833e+10     1.990321518e+28     34.21307019         89.03666069         0.0                 0.0
1.320262329e-05     2.193611505e+10     2.033062524e+28     34.23542805         89.16685827         0.0                 0.0
1.34252619e-05      2.230642035e+10     2.076690144e+28     34.25759369         89.29651448         0.0                 0.0
1.365165492e-05     2.268297925e+10     2.121254423e+28     34.27968543         89.42620482         0.0                 0.0
1.388186565e-05     2.306589e+10        2.166789592e+28     34.30175968         89.55620045         0.0                 0.0
1.411595847e-05     2.345525138e+10     2.21330928e+28      34.32379132         89.68638064         0.0                 0.0
1.435399884e-05     2.38512006e+10      2.260781185e+28     34.34560201         89.81587269         0.0                 0.0
1.459605335e-05     2.42538467e+10      2.309290957e+28     34.36739494         89.94567178         0.0                 0.0
1.484218966e-05     2.466329586e+10     2.358860487e+28     34.38916915         90.07577576         0.0                 0.0
1.509247663e-05     2.50796426e+10      2.409478039e+28     34.41082072         90.20567391         0.0                 0.0
1.534698424e-05     2.550301511e+10     2.461004051e+28     34.43068402         90.33526995         0.0                 0.0
1.560578366e-05     2.593354069e+10     2.513703344e+28     34.45107472         90.46517499         0.0                 0.0
1.586894727e-05     2.637134211e+10     2.567642626e+28     34.47239463         90.59538605         0.0                 0.0
1.613654867e-05     2.681653483e+10     2.622511899e+28     34.49166603         90.72500785         0.0                 0.0
1.640866268e-05     2.726924721e+10     2.678694064e+28     34.51226028         90.8547091          0.0                 0.0
1.668536541e-05     2.772960373e+10     2.736095183e+28     34.53279995         90.98471658         0.0                 0.0
1.696673424e-05     2.819772959e+10     2.794593509e+28     34.55190751         91.11486522         0.0                 0.0
1.725284785e-05     2.867376711e+10     2.854292336e+28     34.57081662         91.24436963         0.0                 0.0
1.754378625e-05     2.915784486e+10     2.915286362e+28     34.58969275         91.37418102         0.0                 0.0
1.783963081e-05     2.965009682e+10     2.977625384e+28     34.60872774         91.50429697         0.0                 0.0
1.814046426e-05     3.015065474e+10     3.041368e+28        34.62845592         91.6341604          0.0                 0.0
1.844637072e-05     3.06596616e+10      3.106221236e+28     34.65963799         91.79883467         0.0                 0.0
1.875743575e-05     3.11772655e+10      3.172494699e+28     34.68686765         91.9532926          0.0                 0.0
1.907374634e-05     3.17036133e+10      3.240297234e+28     34.70537275         92.08351946         0.0                 0.0
1.939539093e-05     3.223885436e+10     3.309498302e+28     34.72366681         92.21310055         0.0                 0.0
1.972245949e-05     3.278314326e+10     3.380186124e+28     34.74190355         92.34281415         0.0                 0.0
2.005504347e-05     3.333662372e+10     3.452310843e+28     34.76442223         92.48597283         0.0                 0.0
2.039323589e-05     3.38994387e+10      3.525753181e+28     34.79679342         92.65946417         0.0                 0.0
2.073713132e-05     3.447175653e+10     3.600749128e+28     34.81383029         92.79207779         0.0                 0.0
2.108682592e-05     3.505374538e+10     3.67751879e+28      34.83078754         92.92190077         0.0                 0.0
2.14424175e-05      3.564556632e+10     3.756016991e+28     34.85108926         93.05954462         0.0                 0.0
2.18040055e-05      3.624737279e+10     3.835874773e+28     34.88293099         93.23265669         0.0                 0.0
2.217169103e-05     3.685935008e+10     3.91745217e+28      34.90173533         93.37108656         0.0                 0.0
2.254557692e-05     3.748165867e+10     4.0008025e+28       34.91719846         93.50101643         0.0                 0.0
2.292576773e-05     3.811446842e+10     4.08594894e+28      34.93333115         93.63316457         0.0                 0.0
2.331236977e-05     3.875797763e+10     4.172762039e+28     34.96463804         93.80589333         0.0                 0.0
2.370549117e-05     3.941235562e+10     4.261482552e+28     34.98518687         93.95013448         0.0                 0.0
2.410524185e-05     4.007778592e+10     4.352124616e+28     35.00491397         94.09264568         0.0                 0.0
2.451173361e-05     4.075445291e+10     4.44464815e+28      35.03603565         94.26609361         0.0                 0.0
2.492508013e-05     4.144255221e+10     4.539131749e+28     35.05224382         94.3993891          0.0                 0.0
2.5345397e-05       4.214226523e+10     4.635429745e+28     35.07444163         94.55230063         0.0                 0.0
2.577280176e-05     4.285379125e+10     4.733594704e+28     35.10313032         94.72582391         0.0                 0.0
2.620741394e-05     4.357734759e+10     4.833781657e+28     35.13159889         94.89889351         0.0                 0.0
2.664935508e-05     4.431311716e+10     4.93642812e+28      35.14906035         95.0380084          0.0                 0.0
2.709874876e-05     4.506131513e+10     5.041203151e+28     35.16900653         95.185385           0.0                 0.0
2.755572066e-05     4.582215447e+10     5.147965369e+28     35.19683029         95.35780339         0.0                 0.0
2.802039857e-05     4.659584468e+10     5.257359463e+28     35.21091674         95.4873184          0.0                 0.0
2.849291245e-05     4.738259136e+10     5.368766731e+28     35.23390188         95.64512066         0.0                 0.0
2.897339442e-05     4.818262998e+10     5.482332108e+28     35.26141887         95.81851986         0.0                 0.0
2.946197887e-05     4.899620565e+10     5.598146341e+28     35.2880389          95.9919249          0.0                 0.0
2.995880241e-05     4.982349475e+10     5.71632386e+28      35.314382           96.16464239         0.0                 0.0
3.0464004e-05       5.066476236e+10     5.837196585e+28     35.33300955         96.31536112         0.0                 0.0
3.097772491e-05     5.152024634e+10     5.960802733e+28     35.34668518         96.45170673         0.0                 0.0
3.15001088e-05      5.239017079e+10     6.08686785e+28      35.37377818         96.6247292          0.0                 0.0
3.203130176e-05     5.32747842e+10      6.215585749e+28     35.4007144          96.79759063         0.0                 0.0
3.257145234e-05     5.417435012e+10     6.346876023e+28     35.42677132         96.97086503         0.0                 0.0
3.312071159e-05     5.508912831e+10     6.480668179e+28     35.4514543          97.14454963         0.0                 0.0
3.367923312e-05     5.601932106e+10     6.617140935e+28     35.47579321         97.31718725         0.0                 0.0
3.424717311e-05     5.696523536e+10     6.756850352e+28     35.50143726         97.49018923         0.0                 0.0
3.482469039e-05     5.792713576e+10     6.899609169e+28     35.52726597         97.66360564         0.0                 0.0
3.541194647e-05     5.890528843e+10     7.044969049e+28     35.55134046         97.83696488         0.0                 0.0
3.600910558e-05     5.989996177e+10     7.193295892e+28     35.57515505         98.00969977         0.0                 0.0
3.66163347e-05      6.091143752e+10     7.344780151e+28     35.59891152         98.18284835         0.0                 0.0
3.723380365e-05     6.193999875e+10     7.49949261e+28      35.62260896         98.35640785         0.0                 0.0
3.786168511e-05     6.298592597e+10     7.657389589e+28     35.64606167         98.52938686         0.0                 0.0
3.850015467e-05     6.404953226e+10     7.818117356e+28     35.66771921         98.7022609          0.0                 0.0
3.914939088e-05     6.513110332e+10     7.982345389e+28     35.68957385         98.87554712         0.0                 0.0
3.980957529e-05     6.62309324e+10      8.150477821e+28     35.71273702         99.04923883         0.0                 0.0
4.048089254e-05     6.734933334e+10     8.321947672e+28     35.73556684         99.22184757         0.0                 0.0
4.116353034e-05     6.848663778e+10     8.496671249e+28     35.75697264         99.39486981         0.0                 0.0
4.185767961e-05     6.964316247e+10     8.675029865e+28     35.77799941         99.56830309         0.0                 0.0
4.256353447e-05     7.081922365e+10     8.857637264e+28     35.80053689         99.74161739         0.0                 0.0
4.32812923e-05      7.201514981e+10     9.043215798e+28     35.83431606         99.95174686         0.0                 0.0
4.401115384e-05     7.323127203e+10     9.232694037e+28     35.8622756          100.1471077         0.0                 0.0
4.475332319e-05     7.446793285e+10     9.426280394e+28     35.88219174         100.3206757         0.0                 0.0
4.550800789e-05     7.572549848e+10     9.623798635e+28     35.90187337         100.4936687         0.0                 0.0
4.6275419e-05       7.700430716e+10     9.825407701e+28     35.92138474         100.66657           0.0                 0.0
4.705577112e-05     7.830471494e+10     1.003125057e+29     35.94630746         100.8553041         0.0                 0.0
4.784928249e-05     7.962708054e+10     1.024138071e+29     35.98109494         101.0723453         0.0                 0.0
4.8656175e-05       8.097179988e+10     1.045501444e+29     35.99817121         101.2457077         0.0                 0.0
4.947667432e-05     8.233922788e+10     1.067356235e+29     36.02544577         101.4447906         0.0                 0.0
5.031100988e-05     8.372975514e+10     1.089685633e+29     36.05567198         101.6517842         0.0                 0.0
5.115941503e-05     8.514378308e+10     1.112421634e+29     36.07208309         101.8251105         0.0                 0.0
5.2022127e-05       8.658168096e+10     1.135684931e+29     36.10314239         102.0345948         0.0                 0.0
5.289938707e-05     8.804388117e+10     1.159413979e+29     36.12848165         102.2306432         0.0                 0.0
5.379144057e-05     8.953079787e+10     1.183599899e+29     36.14591495         102.408426          0.0                 0.0
5.469853694e-05     9.104282166e+10     1.208261519e+29     36.17684168         102.6245205         0.0                 0.0
5.562092988e-05     9.25803935e+10      1.233447482e+29     36.19665561         102.809595          0.0                 0.0
5.655887732e-05     9.414394501e+10     1.259162717e+29     36.21727512         102.9977065         0.0                 0.0
5.751264156e-05     9.573391056e+10     1.28540326e+29      36.2478528          103.2147657         0.0                 0.0
5.848248934e-05     9.735072376e+10     1.312170068e+29     36.27798221         103.4305519         0.0                 0.0
5.946869185e-05     9.899485534e+10     1.339509779e+29     36.29912966         103.6214627         0.0                 0.0
6.047152491e-05     1.00666771e+11      1.367405455e+29     36.31661567         103.8040688         0.0                 0.0
6.149126896e-05     1.023669435e+11     1.395771665e+29     36.34403778         104.0205811         0.0                 0.0
6.252820916e-05     1.040958311e+11     1.424810516e+29     36.37309366         104.2366069         0.0                 0.0
6.358263551e-05     1.058539278e+11     1.45442345e+29      36.40137128         104.4531268         0.0                 0.0
6.465484286e-05     1.076417283e+11     1.484597137e+29     36.42713954         104.6665752         0.0                 0.0
6.574513108e-05     1.094597343e+11     1.515454972e+29     36.43982349         104.8394067         0.0                 0.0
6.685380505e-05     1.113084538e+11     1.5469342e+29       36.46289293         105.0427017         0.0                 0.0
6.798117483e-05     1.131884095e+11     1.579048063e+29     36.48994954         105.2593592         0.0                 0.0
6.912755568e-05     1.151001256e+11     1.611790842e+29     36.51607043         105.4762893         0.0                 0.0
7.029326819e-05     1.17044146e+11      1.645111463e+29     36.54070949         105.6921647         0.0                 0.0
7.147863836e-05     1.190210146e+11     1.679129364e+29     36.56516214         105.9085185         0.0                 0.0
7.268399767e-05     1.210312883e+11     1.713876268e+29     36.58971507         106.1253545         0.0                 0.0
7.390968322e-05     1.230755288e+11     1.749388088e+29     36.61494173         106.3418117         0.0                 0.0
7.515603775e-05     1.251542926e+11     1.785612849e+29     36.6398871          106.5577971         0.0                 0.0
7.642340982e-05     1.272681848e+11     1.822531652e+29     36.66368976         106.7743301         0.0                 0.0
7.771215386e-05     1.29417803e+11      1.860140343e+29     36.68606126         106.9914119         0.0                 0.0
7.902263026e-05     1.316037394e+11     1.898485624e+29     36.70802584         107.2073954         0.0                 0.0
8.035520549e-05     1.338266084e+11     1.937738953e+29     36.73144542         107.4235604         0.0                 0.0
8.171025223e-05     1.360870383e+11     1.977805119e+29     36.75933496         107.6536872         0.0                 0.0
8.30881494e-05      1.383856584e+11     2.018559337e+29     36.79561143         107.9139356         0.0                 0.0
8.448928234e-05     1.407231171e+11     2.060152515e+29     36.81764538         108.1325412         0.0                 0.0
8.591404288e-05     1.431000748e+11     2.10261045e+29      36.83861041         108.3489254         0.0                 0.0
8.736282946e-05     1.455172023e+11     2.145951149e+29     36.85944806         108.5658417         0.0                 0.0
8.883604722e-05     1.4797518e+11       2.190172481e+29     36.87999048         108.7822425         0.0                 0.0
9.033410818e-05     1.504746716e+11     2.235104132e+29     36.91006461         109.0329596         0.0                 0.0
9.185743124e-05     1.530164036e+11     2.281021843e+29     36.93721512         109.2743718         0.0                 0.0
9.340644243e-05     1.556010937e+11     2.328019104e+29     36.9570543          109.4914093         0.0                 0.0
9.498157491e-05     1.582294382e+11     2.3757405e+29       36.97424652         109.7074092         0.0                 0.0
9.658326919e-05     1.609022123e+11     2.424428214e+29     37.00100281         109.9526633         0.0                 0.0
9.821197318e-05     1.636201593e+11     2.47418653e+29      37.02882412         110.1999198         0.0                 0.0
9.986814234e-05     1.663840214e+11     2.525130633e+29     37.04787544         110.4167378         0.0                 0.0
0.0001015522398     1.691945874e+11     2.576859026e+29     37.07762173         110.6723038         0.0                 0.0
0.0001032647366     1.720526219e+11     2.629650738e+29     37.10038039         110.9085884         0.0                 0.0
0.0001050061116     1.749589545e+11     2.68350391e+29      37.1183042          111.1326899         0.0                 0.0
0.0001067768517     1.779145121e+11     2.738218232e+29     37.14589398         111.3923114         0.0                 0.0
0.0001085774522     1.809199463e+11     2.794205821e+29     37.17509172         111.651546          0.0                 0.0
0.0001104084167     1.839761659e+11     2.851420094e+29     37.19876274         111.8936485         0.0                 0.0
0.000112270257      1.870840446e+11     2.909838292e+29     37.21418743         112.1122691         0.0                 0.0
0.000114163494      1.902442914e+11     2.969095628e+29     37.24065857         112.3713795         0.0                 0.0
0.000116088657      1.934580063e+11     3.029565428e+29     37.26690132         112.63085           0.0                 0.0
0.0001180462844     1.967261236e+11     3.091371374e+29     37.2896638          112.878798          0.0                 0.0
0.0001200369238     2.000496087e+11     3.154670653e+29     37.30366603         113.0955671         0.0                 0.0
0.0001220611317     2.034289408e+11     3.218908047e+29     37.32794793         113.3505451         0.0                 0.0
0.0001241194742     2.068655054e+11     3.284443098e+29     37.35316732         113.610243          0.0                 0.0
0.000126212527      2.103602587e+11     3.351331335e+29     37.37819373         113.8705253         0.0                 0.0
0.0001283408754     2.139138574e+11     3.419525648e+29     37.40282609         114.130064          0.0                 0.0
0.0001305051146     2.175275998e+11     3.489088373e+29     37.42714558         114.3893229         0.0                 0.0
0.0001327058498     2.21202501e+11      3.559962929e+29     37.45029356         114.6492303         0.0                 0.0
0.0001349436964     2.249395906e+11     3.632113459e+29     37.47177816         114.9097941         0.0                 0.0
0.0001372192804     2.287396559e+11     3.705953796e+29     37.49521393         115.1687766         0.0                 0.0
0.0001395332379     2.326039438e+11     3.781087561e+29     37.51681685         115.4282481         0.0                 0.0
0.0001418862163     2.36533572e+11      3.857641013e+29     37.53731127         115.6883351         0.0                 0.0
0.0001442788734     2.405296826e+11     3.935746391e+29     37.55751137         115.9483843         0.0                 0.0
0.0001467118784     2.445932793e+11     4.015675261e+29     37.57958307         116.2075226         0.0                 0.0
0.0001491859117     2.487255548e+11     4.097092435e+29     37.60043316         116.4672484         0.0                 0.0
0.0001517016651     2.529276554e+11     4.179994278e+29     37.61981461         116.7275505         0.0                 0.0
0.0001542598421     2.572006313e+11     4.264538264e+29     37.63879253         116.9870252         0.0                 0.0
0.0001568611583     2.615460014e+11     4.350416933e+29     37.66600177         117.2790688         0.0                 0.0
0.000159506341      2.659648425e+11     4.438095284e+29     37.69147729         117.5659166         0.0                 0.0
0.00016219613       2.70458306e+11      4.52783806e+29      37.70968748         117.8264322         0.0                 0.0
0.0001649312775     2.750276915e+11     4.619118712e+29     37.72609994         118.0853434         0.0                 0.0
0.0001677125483     2.796742642e+11     4.712235206e+29     37.74229222         118.3448413         0.0                 0.0
0.0001705407203     2.843993977e+11     4.807163755e+29     37.76137727         118.615767          0.0                 0.0
0.0001734165843     2.892045301e+11     4.903767708e+29     37.78952528         118.9191515         0.0                 0.0
0.0001763409446     2.940908063e+11     5.002324805e+29     37.80518254         119.183736          0.0                 0.0
0.0001793146191     2.990596125e+11     5.102842248e+29     37.82563127         119.4648415         0.0                 0.0
0.0001823384392     3.041123642e+11     5.205353402e+29     37.85117026         119.7633845         0.0                 0.0
0.0001854132507     3.092506118e+11     5.309909837e+29     37.86421957         120.0228712         0.0                 0.0
0.0001885399133     3.144756474e+11     5.416488268e+29     37.88701127         120.3142316         0.0                 0.0
0.0001917193015     3.19789028e+11      5.525227617e+29     37.90815155         120.6017243         0.0                 0.0
0.0001949523045     3.251922908e+11     5.636205457e+29     37.92036334         120.862206          0.0                 0.0
0.0001982398262     3.306868226e+11     5.748736995e+29     37.94284417         121.1639055         0.0                 0.0
0.0002015827861     3.362714019e+11     5.847996754e+29     37.95857119         121.4403398         0.0                 0.0
0.000204982119      3.419495676e+11     5.944848449e+29     37.97232751         121.7106093         0.0                 0.0
0.0002084387756     3.477272463e+11     6.063255737e+29     37.99402537         122.0138427         0.0                 0.0
0.0002119537225     3.536025809e+11     6.183940778e+29     38.01523058         122.3161496         0.0                 0.0
0.0002155279427     3.595771723e+11     6.307218201e+29     38.03041894         122.5984864         0.0                 0.0
0.0002191624357     3.656527135e+11     6.433091509e+29     38.04016351         122.863421          0.0                 0.0
0.000222858218      3.71831158e+11      6.560757127e+29     38.05899374         123.1659937         0.0                 0.0
0.000226616323      3.781138248e+11     6.691142074e+29     38.0784509          123.4685505         0.0                 0.0
0.0002304378017     3.845027288e+11     6.824218287e+29     38.0980264          123.7718526         0.0                 0.0
0.0002343237228     3.909998343e+11     6.959950411e+29     38.11732581         124.075744          0.0                 0.0
0.0002382751731     3.976065507e+11     7.098321006e+29     38.12311841         124.3357842         0.0                 0.0
0.0002422932574     4.043249232e+11     7.23899798e+29      38.13453471         124.6210403         0.0                 0.0
0.0002463790996     4.111568874e+11     7.382155155e+29     38.14995372         124.9245839         0.0                 0.0
0.0002505338422     4.181044333e+11     7.528080051e+29     38.16497412         125.2278132         0.0                 0.0
0.0002547586471     4.251693716e+11     7.677100032e+29     38.18065906         125.5301588         0.0                 0.0
0.0002590546957     4.323537282e+11     7.829046089e+29     38.19595639         125.8332159         0.0                 0.0
0.0002634231895     4.396595128e+11     7.983885067e+29     38.21053733         126.1369988         0.0                 0.0
0.0002678653502     4.470886641e+11     8.14148881e+29      38.22398372         126.4395619         0.0                 0.0
0.0002723824199     4.546435038e+11     8.301882807e+29     38.23604549         126.7421699         0.0                 0.0
0.000276975662      4.623261648e+11     8.405625017e+29     38.24133361         126.92596           0.006100609588      0.0
0.0002816463608     4.701387964e+11     8.388654873e+29     38.23412022         126.8701918         0.02445120708       0.0
0.0002863958227     4.780830371e+11     8.454465594e+29     38.23882834         126.9845299         0.0344108605        0.0
0.0002912253757     4.861614929e+11     8.523493084e+29     38.24378549         127.1057223         0.04404888219       0.0
0.0002961363704     4.943763948e+11     8.592124096e+29     38.24845225         127.2263704         0.05371977034       0.0
0.0003011301803     5.027298266e+11     8.660675614e+29     38.25271538         127.3457255         0.06337802455       0.0
0.0003062082019     5.112244245e+11     8.725352979e+29     38.25696272         127.452585          0.07342575893       0.0
0.0003113718552     5.198623692e+11     8.789059046e+29     38.26109811         127.5568002         0.08355171833       0.0
0.0003166225843     5.286459967e+11     8.852743547e+29     38.26507755         127.6608214         0.09365472575       0.0
0.0003219618576     5.375778372e+11     8.91741971e+29      38.26883324         127.763897          0.1036273486        0.0
0.0003273911681     5.466605352e+11     8.982746034e+29     38.27248921         127.8668412         0.1135177785        0.0
0.0003329120342     5.558965708e+11     9.048333681e+29     38.27604426         127.9697796         0.1233633377        0.0
0.0003385259999     5.652883801e+11     9.114211158e+29     38.27946422         128.072479          0.1331565697        0.0
0.000344234635      5.748386595e+11     9.176370729e+29     38.2829962          128.161007          0.1432754344        0.0
0.0003500395361     5.845502134e+11     9.24170259e+29      38.28631414         128.2568123         0.153070975         0.0
0.0003559423264     5.944257487e+11     9.30888994e+29      38.28951391         128.3563145         0.162676354         0.0
0.0003619446567     6.044678841e+11     9.372453977e+29     38.29293607         128.4441194         0.1725840613        0.0
0.0003680482056     6.146794797e+11     9.441912548e+29     38.2958944          128.5427407         0.1819413623        0.0
0.0003742546799     6.250633873e+11     9.510547356e+29     38.29887272         128.6380086         0.1913584731        0.0
0.0003805658153     6.356224811e+11     9.576524249e+29     38.3019539          128.726102          0.2009841133        0.0
0.0003869833767     6.463598468e+11     9.64720048e+29      38.30402772         128.825021          0.2101395291        0.0
0.0003935091588     6.572783313e+11     9.718558287e+29     38.30718163         128.9173415         0.219290844         0.0
0.0004001449865     6.683811044e+11     9.789598123e+29     38.31061595         129.0059604         0.2284733857        0.0
0.0004068927156     6.796713031e+11     9.859502662e+29     38.31350337         129.0929166         0.2376991259        0.0
0.000413754233      6.91151935e+11      9.931495748e+29     38.31636678         129.1795366         0.2467408494        0.0
0.0004207314577     7.02826406e+11      1.000732641e+30     38.31899505         129.2741251         0.2554667477        0.0
0.0004278263408     7.14697965e+11      1.008558881e+30     38.32149755         129.3729329         0.2639999725        0.0
0.0004350408664     7.26769722e+11      1.016054752e+30     38.32431769         129.459917          0.2727849583        0.0
0.000442377052      7.390451954e+11     1.023698567e+30     38.32699721         129.5464131         0.2814484563        0.0
0.0004498369493     7.515278877e+11     1.031441367e+30     38.32888996         129.6370268         0.2899976176        0.0
0.0004574226444     7.642212763e+11     1.039316864e+30     38.32985236         129.7332234         0.2984031201        0.0
0.0004651362586     7.771288071e+11     1.047878928e+30     38.33361424         129.8237127         0.3064659853        0.0
0.0004729799492     7.902541356e+11     1.056217453e+30     38.33653462         129.9115347         0.3146483062        0.0
0.0004809559096     8.036009815e+11     1.064477438e+30     38.33903176         129.998188          0.3228659327        0.0
0.0004890663703     8.17173026e+11      1.072879776e+30     38.34153022         130.0849764         0.3309890486        0.0
0.0004973135993     8.309740907e+11     1.081458564e+30     38.34383476         130.1709306         0.3389870893        0.0
0.0005056999032     8.450081158e+11     1.090492406e+30     38.34597105         130.2649309         0.3466909378        0.0
0.000514227627      8.592790056e+11     1.099863978e+30     38.34802018         130.3638095         0.3541919287        0.0
0.0005228991556     8.737905468e+11     1.108907573e+30     38.35030526         130.4501902         0.3619246738        0.0
0.0005317169141     8.885471243e+11     1.118128092e+30     38.35256196         130.5364611         0.369555069         0.0
0.0005406833683     9.035527924e+11     1.127726814e+30     38.35464707         130.6287759         0.3769632032        0.0
0.0005498010256     9.188116658e+11     1.137837009e+30     38.35649173         130.7296142         0.3840772508        0.0
0.000559072436      9.343279207e+11     1.147584345e+30     38.35860481         130.8156618         0.3914373247        0.0
0.0005685001921     9.501060426e+11     1.157501016e+30     38.360757           130.9020942         0.3987203972        0.0
0.0005780869304     9.661504756e+11     1.167716637e+30     38.36275361         130.9925922         0.4058479102        0.0
0.0005878353319     9.824656345e+11     1.178530054e+30     38.36426732         131.0931032         0.4126428591        0.0
0.0005977481228     9.990560695e+11     1.189101303e+30     38.36624642         131.1808202         0.4196211831        0.0
0.0006078280751     1.015926569e+12     1.199768826e+30     38.36827906         131.2673442         0.4265781934        0.0
0.0006180780078     1.033081856e+12     1.21068857e+30      38.37024085         131.356163          0.4334259697        0.0
0.0006285007872     1.050526582e+12     1.222433033e+30     38.37177396         131.4571085         0.4398474832        0.0
0.0006390993282     1.068265649e+12     1.23389173e+30      38.37356291         131.5467702         0.4464685837        0.0
0.0006498765946     1.086304119e+12     1.245616911e+30     38.37526317         131.6388536         0.4529865276        0.0
0.0006608356003     1.104647027e+12     1.257940172e+30     38.3766977          131.7400005         0.4592323884        0.0
0.0006719794101     1.123299282e+12     1.269958634e+30     38.37851401         131.8262423         0.4656853151        0.0
0.0006833111402     1.14226644e+12      1.282576832e+30     38.38000114         131.9217993         0.4718719456        0.0
0.0006948339597     1.161553788e+12     1.295471128e+30     38.38141781         132.0192313         0.4779710964        0.0
0.0007065510909     1.181166573e+12     1.308126974e+30     38.38318194         132.1059748         0.4842444907        0.0
0.0007184658106     1.201110282e+12     1.321666685e+30     38.38440479         132.2048482         0.4901240411        0.0
0.0007305814507     1.221390629e+12     1.335403391e+30     38.38632386         132.3002962         0.4959940766        0.0
0.0007429013993     1.242013285e+12     1.349232859e+30     38.38868556         132.391585          0.501894866         0.0
0.0007554291019     1.26298384e+12      1.363193165e+30     38.38880269         132.4890938         0.5077071022        0.0
0.0007681680618     1.284308287e+12     1.377792289e+30     38.38962381         132.5891535         0.5133178769        0.0
0.0007811218414     1.305992731e+12     1.392703041e+30     38.39134463         132.6866353         0.518886877         0.0
0.0007942940633     1.328043261e+12     1.407774599e+30     38.3941924          132.7780631         0.5244884162        0.0
0.0008076884112     1.350465585e+12     1.422841537e+30     38.39387065         132.8744094         0.5300455234        0.0
0.0008213086307     1.373266396e+12     1.438494933e+30     38.39428025         132.9736875         0.5354456025        0.0
0.0008351585309     1.396452105e+12     1.454629796e+30     38.39514726         133.074908          0.5407320362        0.0
0.0008492419849     1.42002914e+12      1.471103694e+30     38.3960005          133.1761677         0.5459501194        0.0
0.0008635629311     1.444003917e+12     1.487975526e+30     38.39680819         133.2771009         0.5510776035        0.0
0.0008781253745     1.468383434e+12     1.505132838e+30     38.39756743         133.3782401         0.5561688459        0.0
0.0008929333874     1.493174517e+12     1.522588178e+30     38.3985325          133.4786332         0.561229368         0.0
0.0009079911109     1.518383726e+12     1.540516739e+30     38.40148488         133.5711125         0.566242307         0.0
0.000923302756      1.544018411e+12     1.558226313e+30     38.39991607         133.6721304         0.5712821149        0.0
0.0009388726046     1.570085825e+12     1.576318647e+30     38.39808183         133.7755574         0.5762501917        0.0
0.0009547050108     1.596593237e+12     1.595280658e+30     38.39876643         133.8774492         0.5810573706        0.0
0.0009708044023     1.623547837e+12     1.615161768e+30     38.40034596         133.9820839         0.5856381875        0.0
0.0009871752811     1.650957474e+12     1.635201186e+30     38.40146503         134.0854596         0.5902435236        0.0
0.001003822226      1.678829797e+12     1.655428824e+30     38.40217187         134.1877582         0.5948646229        0.0
0.001020749891      1.707172405e+12     1.675971498e+30     38.40255033         134.2889913         0.5994581044        0.0
0.001037963011      1.73599277e+12      1.697006382e+30     38.4029302          134.3901177         0.6039724389        0.0
0.0010554664        1.765299979e+12     1.718425647e+30     38.40327832         134.4914862         0.6084540587        0.0
0.001073264951      1.795102362e+12     1.740235612e+30     38.40358327         134.5930584         0.6129038132        0.0
0.001091363644      1.825407163e+12     1.762568463e+30     38.40382457         134.694215          0.6172731642        0.0
0.001109767539      1.856224407e+12     1.785698879e+30     38.40311741         134.8042335         0.6214632634        0.0
0.001128481782      1.887561359e+12     1.809318342e+30     38.40261748         134.9144185         0.6256111591        0.0
0.001147511608      1.919425463e+12     1.833234357e+30     38.40324988         135.0178098         0.6298022489        0.0
0.001166862338      1.951829157e+12     1.857537516e+30     38.4033729          135.1190249         0.6339603369        0.0
0.001186539383      1.984779486e+12     1.88266774e+30      38.40289867         135.2284252         0.6379643949        0.0
0.001206548246      2.018285564e+12     1.908414775e+30     38.40219669         135.3408868         0.6418937706        0.0
0.001226894523      2.052356475e+12     1.934204732e+30     38.40218517         135.4424547         0.6459363859        0.0
0.001247583903      2.087004561e+12     1.961114356e+30     38.40130812         135.5550105         0.6497451463        0.0
0.001268622173      2.12223632e+12      1.988367971e+30     38.40069949         135.6640282         0.6535817295        0.0
0.001290015215      2.158060949e+12     2.015855063e+30     38.40054065         135.7671535         0.6574817569        0.0
0.001311769013      2.194492285e+12     2.044630572e+30     38.39946668         135.8824217         0.6611180781        0.0
0.00133388965       2.23153839e+12      2.073456598e+30     38.39889393         135.9877187         0.6648741851        0.0
0.001356383312      2.269209712e+12     2.102839817e+30     38.39821281         136.0935074         0.6686020791        0.0
0.001379256289      2.307516702e+12     2.13331374e+30      38.39686361         136.208815          0.6721527562        0.0
0.001402514978      2.346469756e+12     2.164537824e+30     38.3955244          136.323799          0.6756277221        0.0
0.001426165883      2.386080851e+12     2.195969712e+30     38.39468349         136.4312046         0.6791919796        0.0
0.001450215618      2.426360923e+12     2.227840265e+30     38.39400636         136.5355823         0.682779604         0.0
0.001474670909      2.467320433e+12     2.260977573e+30     38.39245468         136.6507114         0.6861611872        0.0
0.001499538595      2.508970935e+12     2.294841196e+30     38.39090866         136.7658275         0.6894931885        0.0
0.00152482563       2.551324394e+12     2.329374538e+30     38.3892442          136.8809825         0.6928012244        0.0
0.001550539085      2.594392765e+12     2.36459593e+30      38.38743147         136.9960708         0.6960850627        0.0
0.001576686152      2.638188773e+12     2.400643283e+30     38.3856679          137.1110204         0.6993063638        0.0
0.001603274142      2.682723146e+12     2.437441041e+30     38.38386277         137.2261175         0.7024947855        0.0
0.001630310491      2.728009327e+12     2.474965833e+30     38.38198546         137.3414203         0.7056613979        0.0
0.00165780276       2.774060904e+12     2.513240554e+30     38.37999587         137.4566234         0.7088016158        0.0
0.001685758637      2.820888558e+12     2.552421038e+30     38.37799922         137.5714757         0.7118790393        0.0
0.001714185939      2.868506925e+12     2.592341702e+30     38.3758519          137.686255          0.7149424202        0.0
0.001743092617      2.916929504e+12     2.633033579e+30     38.37358004         137.8010551         0.7179892751        0.0
0.001772486755      2.966169875e+12     2.674646823e+30     38.37129848         137.9157908         0.7209873893        0.0
0.001802376572      3.016240099e+12     2.717147814e+30     38.36894208         138.0302596         0.7239455792        0.0
0.001832770427      3.067155848e+12     2.760836498e+30     38.3660638          138.150815          0.7268084394        0.0
0.00186367682       3.118931874e+12     2.805837778e+30     38.36255489         138.2788913         0.7295570654        0.0
0.001895104394      3.171580764e+12     2.851109342e+30     38.36003337         138.3933736         0.7324161008        0.0
0.001927061938      3.225118084e+12     2.897312588e+30     38.35744274         138.5079472         0.7352498835        0.0
0.001959558389      3.279559786e+12     2.944667078e+30     38.35441802         138.6266627         0.7380171013        0.0
0.001992602834      3.334922254e+12     2.993540284e+30     38.3504421          138.7547893         0.7406436716        0.0
0.002026204515      3.39121703e+12      3.042773887e+30     38.34745165         138.8698263         0.7433732165        0.0
0.002060372828      3.448461821e+12     3.093360794e+30     38.34384665         138.9913236         0.7460108608        0.0
0.002095117329      3.506673116e+12     3.145219141e+30     38.3398249          139.1171159         0.7485816766        0.0
0.002130447733      3.565868156e+12     3.19754151e+30      38.3367466          139.2313121         0.7512461261        0.0
0.002166373921      3.626060954e+12     3.251578959e+30     38.33257645         139.3557263         0.7537567163        0.0
0.00220290594       3.687270669e+12     3.30666023e+30      38.32876512         139.4784406         0.7562668732        0.0
0.002240054006      3.749515281e+12     3.362545279e+30     38.32582591         139.5948121         0.7588283734        0.0
0.002277828508      3.812807364e+12     3.41995859e+30      38.32060868         139.7198409         0.7612598265        0.0
0.00231624001       3.87716895e+12      3.478716697e+30     38.31563151         139.8462087         0.763650235         0.0
0.002355299252      3.942617628e+12     3.538752671e+30     38.31071242         139.9733573         0.7660146582        0.0
0.002395017159      4.009170961e+12     3.600011803e+30     38.30563472         140.1002126         0.7683587479        0.0
0.002435404837      4.076848016e+12     3.66263399e+30      38.30060456         140.2270061         0.7706581592        0.0
0.002476473581      4.145667794e+12     3.726107832e+30     38.29612459         140.3468057         0.7730181108        0.0
0.002518234876      4.215649323e+12     3.790597858e+30     38.29193043         140.4622023         0.7754109514        0.0
0.0025607004        4.28681079e+12      3.857166642e+30     38.28653897         140.5886336         0.7776479258        0.0
0.00260388203       4.359174004e+12     3.925116249e+30     38.28097075         140.7145374         0.7798600934        0.0
0.00264779184       4.432759328e+12     3.994444921e+30     38.27528851         140.8405966         0.7820592204        0.0
0.002692442111      4.507587334e+12     4.065184503e+30     38.26951747         140.9669031         0.7842449436        0.0
0.002737845329      4.583677084e+12     4.1374424e+30       38.2636069          141.0921903         0.7863894255        0.0
0.00278401419       4.661052349e+12     4.21172151e+30      38.25663813         141.2259375         0.7884331181        0.0
0.002830961607      4.739734182e+12     4.287612908e+30     38.24941358         141.3611517         0.7904501538        0.0
0.002878700708      4.81974333e+12      4.364445323e+30     38.24317267         141.4865914         0.7925442191        0.0
0.002927244844      4.901103888e+12     4.442910174e+30     38.23682449         141.6114352         0.7946043327        0.0
0.002976607589      4.983837633e+12     4.522963488e+30     38.23034043         141.7363383         0.7966532935        0.0
0.003026802749      5.067967787e+12     4.604642397e+30     38.2237271          141.861322          0.7986907551        0.0
0.003077844361      5.15351901e+12      4.688055941e+30     38.21705044         141.9859093         0.8006959432        0.0
0.003129746698      5.240513641e+12     4.773823344e+30     38.20896816         142.1196111         0.8025872584        0.0
0.003182524274      5.328976948e+12     4.86124767e+30      38.20098798         142.2518019         0.8044821361        0.0
0.003236191851      5.418934072e+12     4.949949554e+30     38.19393268         142.376435          0.8064392368        0.0
0.003290764435      5.510409828e+12     5.041347124e+30     38.18505405         142.5124067         0.8082422173        0.0
0.003346257288      5.603429095e+12     5.134088376e+30     38.17709768         142.6407137         0.8101069854        0.0
0.003402685928      5.698018628e+12     5.228620576e+30     38.16922036         142.7675478         0.8119753903        0.0
0.003460066137      5.794205938e+12     5.325777473e+30     38.15992221         142.9034975         0.8137350478        0.0
0.00351841396       5.892017124e+12     5.424129878e+30     38.15194934         143.0276743         0.8155737797        0.0
0.003577745714      5.991479714e+12     5.524831401e+30     38.14320168         143.1565422         0.817358579         0.0
0.003638077993      6.092621707e+12     5.628072166e+30     38.13341942         143.291845          0.8190729542        0.0
0.003699427667      6.195472141e+12     5.733373963e+30     38.12337242         143.425903          0.8207682076        0.0
0.003761811894      6.300056752e+12     5.840241329e+30     38.11463307         143.5509978         0.8225227423        0.0
0.00382524812       6.406407507e+12     5.949407789e+30     38.10559549         143.6775824         0.8242543491        0.0
0.003889754083      6.514555816e+12     6.061400201e+30     38.09524377         143.8120473         0.8259048363        0.0
0.003955347825      6.624526677e+12     6.175624999e+30     38.08458199         143.9447675         0.8275297984        0.0
0.004022047687      6.736355552e+12     6.292228497e+30     38.07383736         144.0778402         0.8291427939        0.0
0.004089872323      6.850073261e+12     6.411422591e+30     38.06241887         144.2139555         0.8307286848        0.0
0.0041588407        6.965710308e+12     6.53256262e+30      38.05216894         144.3423345         0.8323495221        0.0
0.004228972106      7.083300269e+12     6.656153177e+30     38.0416589          144.4700519         0.8339579849        0.0
0.004300286152      7.202875043e+12     6.78241455e+30      38.03000263         144.6004496         0.8355295077        0.0
0.004372802782      7.324468176e+12     6.912039097e+30     38.01699864         144.7393968         0.8370069196        0.0
0.004446542275      7.448114617e+12     7.043694676e+30     38.00650356         144.8681323         0.8385501768        0.0
0.004521525253      7.573848011e+12     7.177737574e+30     37.99530604         144.9944211         0.8401012419        0.0
0.004597772684      7.701705102e+12     7.315452285e+30     37.98182695         145.1319764         0.8415409734        0.0
0.004675305892      7.831721908e+12     7.455449238e+30     37.96957629         145.2623123         0.8430257182        0.0
0.004754146559      7.963931542e+12     7.597953109e+30     37.95785077         145.3875317         0.8445329156        0.0
0.004834316732      8.098374559e+12     7.744673199e+30     37.9430096          145.5283718         0.8458964738        0.0
0.004915838832      8.235087404e+12     7.893113354e+30     37.93098499         145.6530811         0.84737663          0.0
0.004998735657      8.374108233e+12     8.045958477e+30     37.91581661         145.7933508         0.848711373         0.0
0.005083030387      8.515476611e+12     8.20058642e+30      37.9034265          145.9173148         0.8501647674        0.0
0.005168746598      8.659231911e+12     8.359681773e+30     37.88770745         146.0561552         0.851480628         0.0
0.005255908259      8.805413714e+12     8.520822053e+30     37.87506419         146.1797233         0.8529030798        0.0
0.005344539746      8.95406354e+12      8.686560648e+30     37.85896307         146.3178915         0.8541930064        0.0
0.005434665844      9.105224699e+12     8.854353463e+30     37.84584946         146.4402452         0.8555946835        0.0
0.005526311757      9.258938439e+12     9.026980165e+30     37.82933876         146.5774709         0.8568612476        0.0
0.005619503115      9.415246432e+12     9.203124819e+30     37.81252789         146.7139614         0.8581192557        0.0
0.005714265978      9.57419309e+12      9.381633035e+30     37.79889092         146.835243          0.8594800277        0.0
0.005810626847      9.735823856e+12     9.56517054e+30      37.78171138         146.9709615         0.8607129001        0.0
0.00590861267       9.90018342e+12      9.752455423e+30     37.76423088         147.1058691         0.8619378581        0.0
0.006008250848      1.006731938e+13     9.942325015e+30     37.74998571         147.2257562         0.8632635003        0.0
0.006109569246      1.023727622e+13     1.013750051e+31     37.73206649         147.3596958         0.8644646454        0.0
0.006212596197      1.041010289e+13     1.033677032e+31     37.71398198         147.4933057         0.8656526678        0.0
0.006317360514      1.058584941e+13     1.054017285e+31     37.69562987         147.6262865         0.8668323542        0.0
0.006423891493      1.076456242e+13     1.074661771e+31     37.68027389         147.7459454         0.8680990654        0.0
0.006532218926      1.094629095e+13     1.095843388e+31     37.6617429          147.8760193         0.8692699257        0.0
0.006642373108      1.113108953e+13     1.117490211e+31     37.64274403         148.0075234         0.8704168711        0.0
0.006754384843      1.131900971e+13     1.139593955e+31     37.62345319         148.1382097         0.8715529935        0.0
0.006868285455      1.151010313e+13     1.162159065e+31     37.60387639         148.2681382         0.8726815729        0.0
0.006984106798      1.170442199e+13     1.185199101e+31     37.58402213         148.3973693         0.8738017549        0.0
0.00710188126       1.190202171e+13     1.208733171e+31     37.56395037         148.5260546         0.8749092114        0.0
0.007221641777      1.210295872e+13     1.232767729e+31     37.54364361         148.6542112         0.8760073858        0.0
0.007343421842      1.230728905e+13     1.257314932e+31     37.52308783         148.7817242         0.8770964393        0.0
0.007467255509      1.251506961e+13     1.282386965e+31     37.50223428         148.908424          0.8781760898        0.0
0.007593177409      1.272635836e+13     1.307999748e+31     37.48117544         149.0346407         0.8792457341        0.0
0.007721222757      1.294121624e+13     1.334168823e+31     37.45987231         149.1602957         0.8803044696        0.0
0.007851427361      1.315970095e+13     1.360900762e+31     37.43829852         149.2851493         0.8813555085        0.0
0.007983827632      1.338187555e+13     1.388348191e+31     37.41777902         149.4176667         0.8823367456        0.0
0.008118460596      1.360780238e+13     1.4162673e+31       37.39016147         149.545243          0.8833345073        0.0
0.008255363905      1.383754299e+13     1.444790721e+31     37.36772657         149.6677975         0.8843588701        0.0
0.008394575843      1.407116406e+13     1.47393757e+31      37.34498292         149.7894794         0.8853765736        0.0
0.008536135341      1.430873117e+13     1.503832122e+31     37.31941266         149.9186182         0.8863219415        0.0
0.008680081987      1.455030793e+13     1.534351353e+31     37.29462594         150.0436852         0.887284302         0.0
0.008826456036      1.479596615e+13     1.565498124e+31     37.27134952         150.1642714         0.888272844         0.0
0.00897529842       1.504577227e+13     1.597422628e+31     37.24508779         150.2886788         0.8892046571        0.0
0.009126650766      1.529979803e+13     1.630055652e+31     37.21887286         150.4122667         0.8901353245        0.0
0.009280555397      1.555811143e+13     1.663370719e+31     37.19461781         150.5299497         0.8910965911        0.0
0.009437055355      1.58207883e+13      1.697593226e+31     37.16549801         150.6580736         0.8919620943        0.0
0.009596194404      1.608790304e+13     1.732459027e+31     37.14033751         150.77432           0.8929051557        0.0
0.009758017049      1.635952661e+13     1.768275821e+31     37.11088788         150.9004332         0.893757489         0.0
0.009922568543      1.663573811e+13     1.804929363e+31     37.08075405         151.0256586         0.8946009456        0.0
0.0100898949        1.691661076e+13     1.842280413e+31     37.05484395         151.1384327         0.8955263683        0.0
0.01026004292       1.720223649e+13     1.880685532e+31     37.02415677         151.2621403         0.8963529404        0.0
0.01043306019       1.749268087e+13     1.919999614e+31     36.99301338         151.3844304         0.897173981         0.0
0.01060899507       1.778801795e+13     1.960099065e+31     36.96634374         151.4951689         0.8980720775        0.0
0.01078789679       1.808836786e+13     2.001320042e+31     36.93445278         151.6151351         0.8988814115        0.0
0.01096981536       1.839377194e+13     2.043553003e+31     36.90233078         151.7345749         0.8996803904        0.0
0.01115480167       1.870434041e+13     2.086812412e+31     36.86967355         151.8522035         0.9004757101        0.0
0.01134290743       1.902016066e+13     2.131145086e+31     36.83672574         151.9690156         0.9012634811        0.0
0.01153418527       1.934131185e+13     2.176584443e+31     36.80349318         152.0848534         0.9020435482        0.0
0.01172868866       1.966786751e+13     2.223173036e+31     36.76982755         152.1996632         0.9028151701        0.0
0.011926472         1.999996331e+13     2.270951428e+31     36.73596945         152.3138828         0.9035783947        0.0
0.01212759061       2.033765927e+13     2.319935766e+31     36.70149111         152.425891          0.9043403644        0.0
0.01233210072       2.068106036e+13     2.370199638e+31     36.66680294         152.5374069         0.905092635         0.0
0.01254005953       2.103026629e+13     2.421794601e+31     36.63092823         152.6490284         0.9058265774        0.0
0.01275152519       2.138535669e+13     2.474819301e+31     36.59206116         152.7634692         0.9065170128        0.0
0.01296655684       2.174644432e+13     2.529191892e+31     36.55502349         152.8731521         0.9072331712        0.0
0.01318521462       2.21136527e+13      2.58513681e+31      36.51322766         152.9877517         0.9078856977        0.0
0.01340755967       2.248705232e+13     2.642434683e+31     36.4763938          153.0922047         0.9086096725        0.0
0.01363365417       2.286675114e+13     2.701371964e+31     36.43778214         153.1991683         0.9092977245        0.0
0.01386356134       2.325287959e+13     2.761981316e+31     36.39641268         153.3071621         0.9099552461        0.0
0.01409734549       2.364550777e+13     2.824331582e+31     36.35282295         153.4157553         0.9105835681        0.0
0.014335072         2.404479759e+13     2.888431321e+31     36.30869411         153.522588          0.9112084295        0.0
0.01457680733       2.445082705e+13     2.95433227e+31      36.26512067         153.6267397         0.9118397029        0.0
0.0148226191        2.486370811e+13     3.022110761e+31     36.22240076         153.7285501         0.912476319         0.0
0.01507257604       2.528357235e+13     3.09184746e+31      36.17909855         153.8283284         0.9131101733        0.0
0.01532674806       2.57105105e+13      3.163789915e+31     36.12941319         153.9332263         0.9136652757        0.0
0.01558520624       2.614467429e+13     3.237726639e+31     36.08538753         154.0306421         0.9142839017        0.0
0.01584802285       2.658619026e+13     3.314002707e+31     36.03448551         154.1312425         0.9148331915        0.0
0.01611527139       2.703514443e+13     3.392522896e+31     35.9870571          154.2271233         0.9154150079        0.0
0.01638702661       2.749167445e+13     3.473480707e+31     35.93769628         154.3227385         0.9159754889        0.0
0.01666336448       2.795595241e+13     3.556984322e+31     35.88518793         154.4176786         0.9165084348        0.0
0.0169443623        2.842804862e+13     3.643102577e+31     35.83216378         154.5106635         0.9170354153        0.0
0.01723009865       2.890813073e+13     3.731961861e+31     35.77885673         154.6028746         0.9175520595        0.0
0.01752065343       2.939632498e+13     3.82363555e+31      35.72465358         154.691555          0.9180701847        0.0
0.01781610789       2.98927743e+13      3.91835741e+31      35.66604055         154.780945          0.9185421768        0.0
0.01811654467       3.039760616e+13     4.016137244e+31     35.60825165         154.86825           0.9190219729        0.0
0.01842204777       3.09109875e+13      4.117098754e+31     35.55221989         154.9500763         0.9195228795        0.0
0.01873270264       3.143303016e+13     4.221536563e+31     35.48890522         155.0335142         0.9199544002        0.0
0.01904859614       3.196388743e+13     4.329480479e+31     35.42482873         155.1141025         0.9203823613        0.0
0.01936981662       3.250373029e+13     4.440994712e+31     35.36721515         155.1900623         0.9208683728        0.0
0.01969645392       3.305268844e+13     4.55644601e+31      35.30189883         155.2658479         0.9212862424        0.0
0.02002859936       3.361093961e+13     4.675900101e+31     35.2357837          155.3385168         0.9217002369        0.0
0.02036634585       3.417861324e+13     4.799596595e+31     35.16579139         155.4095829         0.9220786223        0.0
0.02070978782       3.475589422e+13     4.927655141e+31     35.09415112         155.4767868         0.9224514994        0.0
0.02105902133       3.534293467e+13     5.060255842e+31     35.02597848         155.541248          0.9228498812        0.0
0.02141414403       3.593989374e+13     5.197718489e+31     34.94934956         155.6022677         0.9231849845        0.0
0.02177525525       3.654693298e+13     5.340101222e+31     34.87967353         155.6607105         0.9235743258        0.0
0.02214245596       3.716425593e+13     5.487815959e+31     34.80144042         155.7151242         0.923899992         0.0
0.02251584885       3.779201275e+13     5.641000629e+31     34.72238526         155.7661875         0.924219877         0.0
0.02289553835       3.84303855e+13      5.799911579e+31     34.64229567         155.8128144         0.9245389709        0.0
0.02328163063       3.907955396e+13     5.964875582e+31     34.55737313         155.855255          0.9248209101        0.0
0.02367423366       3.973969059e+13     6.136109748e+31     34.47153973         155.8934557         0.9250997626        0.0
0.02407345724       4.041101003e+13     6.313924216e+31     34.38889928         155.9292654         0.9254022825        0.0
0.02447941302       4.109366915e+13     6.498667163e+31     34.29692069         155.9573993         0.9256433408        0.0
0.02489221451       4.178788613e+13     6.690628655e+31     34.2039929          155.9814411         0.9258790121        0.0
0.02531197716       4.249383172e+13     6.890169239e+31     34.11269568         156.0012212         0.9261303421        0.0
0.02573881835       4.321173203e+13     7.097654397e+31     34.01468499         156.013951          0.9263369024        0.0
0.02617285746       4.394178376e+13     7.313442036e+31     33.91912479         156.0236224         0.9265637066        0.0
0.02661421586       4.468416112e+13     7.537967757e+31     33.81615972         156.0238869         0.9267461935        0.0
0.02706301698       4.543913639e+13     7.771627197e+31     33.71374558         156.0201882         0.9269334703        0.0
0.02751938633       4.620686377e+13     8.014887224e+31     33.61420178         156.0140742         0.9271416091        0.0
0.02798345153       4.698758663e+13     8.268190263e+31     33.50430675         155.995155          0.927288513         0.0
0.02845534236       4.778153453e+13     8.532013954e+31     33.39244953         155.969999          0.9274250303        0.0
0.02893519078       4.858889994e+13     8.806949187e+31     33.28347813         155.9419744         0.9275824833        0.0
0.02942313099       4.940994748e+13     9.093426109e+31     33.16358738         155.8982572         0.9276799715        0.0
0.02991929944       5.024490361e+13     9.392140863e+31     33.05216482         155.8584582         0.9278263222        0.0
0.03042383488       5.109399259e+13     9.703606438e+31     32.92957219         155.80133           0.9279134103        0.0
0.0309368784        5.195746081e+13     1.002846313e+32     32.80560907         155.7374188         0.9279933385        0.0
0.03145857349       5.283554115e+13     1.036742301e+32     32.68158303         155.6680841         0.9280737672        0.0
0.03198906603       5.372849922e+13     1.072130719e+32     32.5636854          155.6006452         0.9281905637        0.0
0.03252850438       5.463658134e+13     1.109058801e+32     32.4354692          155.5151054         0.9282539698        0.0
0.0330770394        5.55600553e+13      1.147621898e+32     32.30591144         155.4223828         0.9283106022        0.0
0.03363482447       5.64991583e+13      1.187881043e+32     32.16379866         155.3050791         0.9283127913        0.0
0.03420201559       5.745420159e+13     1.229954512e+32     32.03155946         155.1980867         0.9283529325        0.0
0.03477877137       5.842540109e+13     1.273926681e+32     31.8976454          155.0821294         0.9283876564        0.0
0.03536525311       5.941307505e+13     1.319884507e+32     31.76222348         154.958022          0.9284180755        0.0
0.03596162481       6.04174991e+13      1.367930627e+32     31.62548904         154.8267462         0.9284397414        0.0
0.03656805325       6.143895059e+13     1.418178699e+32     31.48738725         154.6876509         0.9284535866        0.0
0.03718470803       6.247772627e+13     1.470730738e+32     31.34788414         154.5407894         0.9284595689        0.0
0.03781176158       6.353411535e+13     1.525712079e+32     31.20690189         154.3855863         0.9284588948        0.0
0.03844938927       6.460842144e+13     1.583279157e+32     31.07657456         154.2447241         0.9284994225        0.0
0.03909776941       6.570094957e+13     1.643492792e+32     30.93299859         154.074583          0.9284814548        0.0
0.03975708332       6.681203595e+13     1.706571531e+32     30.80037902         153.920256          0.9285038828        0.0
0.04042751538       6.79419652e+13      1.772617326e+32     30.6665233          153.7587585         0.9285187925        0.0
0.04110925307       6.909187266e+13     1.7835665e+32       20.67409638         103.725014          0.9472939056        0.0
0.04180248706       7.026149196e+13     1.780846718e+32     8.302051537         41.65262636         0.9706128061        0.0
0.04250741119       7.145053384e+13     1.801433902e+32     0.0                 0.0                 0.9861638785        0.0
0.0432242226        7.265885846e+13     1.871138914e+32     0.0                 0.0                 0.9858748067        0.0
0.04395312176       7.388768793e+13     1.944258853e+32     0.0                 0.0                 0.9855798789        0.0
0.0446943125        7.513738251e+13     2.020634942e+32     0.0                 0.0                 0.9852793636        0.0
0.04544800209       7.640829951e+13     2.100412149e+32     0.0                 0.0                 0.9849731695        0.0
0.04621440131       7.770080423e+13     2.184051315e+32     0.0                 0.0                 0.9846609438        0.0
0.04699372448       7.901526317e+13     2.271597853e+32     0.0                 0.0                 0.9843427401        0.0
0.04778618954       8.035204918e+13     2.363077737e+32     0.0                 0.0                 0.9840186025        0.0
0.04859201811       8.171154812e+13     2.458773784e+32     0.0                 0.0                 0.9836883681        0.0
0.04941143553       8.309418061e+13     2.55922996e+32      0.0                 0.0                 0.9833517249        0.0
0.05024467096       8.450031892e+13     2.664235983e+32     0.0                 0.0                 0.9830088907        0.0
0.05109195742       8.593036418e+13     2.773995137e+32     0.0                 0.0                 0.9826597685        0.0
0.05195353184       8.738473167e+13     2.889205437e+32     0.0                 0.0                 0.9823040291        0.0
0.05282963518       8.886383272e+13     3.009842245e+32     0.0                 0.0                 0.9819417583        0.0
0.05372051243       9.03681022e+13      3.135979362e+32     0.0                 0.0                 0.98157294          0.0
0.05462641273       9.189799935e+13     3.268082104e+32     0.0                 0.0                 0.9811973927        0.0
0.05554758942       9.345395713e+13     3.406785926e+32     0.0                 0.0                 0.9808149487        0.0
0.0564843001        9.503640487e+13     3.55185446e+32      0.0                 0.0                 0.9804257064        0.0
0.05743680674       9.664580131e+13     3.703572135e+32     0.0                 0.0                 0.980029562         0.0
0.05840537569       9.828267668e+13     3.863030007e+32     0.0                 0.0                 0.9796262654        0.0
0.05939027783       9.994743719e+13     4.029980241e+32     0.0                 0.0                 0.9792158894        0.0
0.06039178858       1.016405707e+14     4.204623831e+32     0.0                 0.0                 0.9787983638        0.0
0.06141018801       1.033626033e+14     4.387766961e+32     0.0                 0.0                 0.9783735453        0.0
0.06244576093       1.051140363e+14     4.580011732e+32     0.0                 0.0                 0.9779413577        0.0
0.06349879693       1.068953605e+14     4.781159974e+32     0.0                 0.0                 0.9775017772        0.0
0.0645695905        1.087070974e+14     4.991631627e+32     0.0                 0.0                 0.9770546959        0.0
0.06565844109       1.105498301e+14     5.21311424e+32      0.0                 0.0                 0.976600054         0.0
0.06676565319       1.124240421e+14     5.444898122e+32     0.0                 0.0                 0.976137785         0.0
0.06789153644       1.143302799e+14     5.687443164e+32     0.0                 0.0                 0.9756677846        0.0
0.0690364057        1.162691368e+14     5.942174984e+32     0.0                 0.0                 0.9751900432        0.0
0.07020058113       1.182412002e+14     6.209373295e+32     0.0                 0.0                 0.974704493         0.0
0.0713843883        1.202470167e+14     6.489023498e+32     0.0                 0.0                 0.9742109977        0.0
0.07258815826       1.222871918e+14     6.782098292e+32     0.0                 0.0                 0.9737095121        0.0
0.07381222764       1.243623491e+14     7.09022865e+32      0.0                 0.0                 0.9732001441        0.0
0.07505693876       1.26473074e+14      7.412767109e+32     0.0                 0.0                 0.9726826258        0.0
0.0763226397        1.286199942e+14     7.750355338e+32     0.0                 0.0                 0.9721568465        0.0
0.07760968443       1.308038193e+14     8.105535443e+32     0.0                 0.0                 0.9716231195        0.0
0.07891843287       1.330251437e+14     8.47764991e+32      0.0                 0.0                 0.9710811134        0.0
0.080249251         1.352846086e+14     8.867172932e+32     0.0                 0.0                 0.9705306663        0.0
0.081602511         1.375829359e+14     9.276163801e+32     0.0                 0.0                 0.9699720001        0.0
0.08297859131       1.399208245e+14     9.705579359e+32     0.0                 0.0                 0.9694051132        0.0
0.08437787675       1.422989219e+14     1.015513193e+33     0.0                 0.0                 0.9688296203        0.0
0.08580075863       1.447179676e+14     1.062621941e+33     0.0                 0.0                 0.9682455539        0.0
0.08724763487       1.47178797e+14      1.112186426e+33     0.0                 0.0                 0.9676534697        0.0
0.08871891009       1.496820274e+14     1.164080043e+33     0.0                 0.0                 0.9670526382        0.0
0.09021499573       1.522284114e+14     1.218405979e+33     0.0                 0.0                 0.9664429491        0.0
0.09173631018       1.548188811e+14     1.275573876e+33     0.0                 0.0                 0.9658252722        0.0
0.09328327888       1.574540991e+14     1.335486054e+33     0.0                 0.0                 0.9651988929        0.0
0.09485633443       1.601348396e+14     1.398211398e+33     0.0                 0.0                 0.9645635441        0.0
0.09645591675       1.628620331e+14     1.464095947e+33     0.0                 0.0                 0.9639198676        0.0
0.09808247317       1.656365221e+14     1.533274834e+33     0.0                 0.0                 0.9632678219        0.0
0.09973645854       1.684590733e+14     1.605707637e+33     0.0                 0.0                 0.9626067154        0.0
0.1014183354        1.713306275e+14     1.68165403e+33      0.0                 0.0                 0.9619368477        0.0
0.1031285741        1.742521084e+14     1.761540212e+33     0.0                 0.0                 0.9612591389        0.0
0.104867653         1.772243239e+14     1.845188606e+33     0.0                 0.0                 0.9605723051        0.0
0.1066360583        1.80248205e+14      1.932760075e+33     0.0                 0.0                 0.9598762181        0.0
0.1084342846        1.833248848e+14     2.024864924e+33     0.0                 0.0                 0.959172397         0.0
0.1102628347        1.864550266e+14     2.121410369e+33     0.0                 0.0                 0.9584597598        0.0
0.1121222201        1.896400798e+14     2.222713396e+33     0.0                 0.0                 0.9577385666        0.0
0.1140129607        1.928806207e+14     2.329008709e+33     0.0                 0.0                 0.9570089737        0.0
0.1159355852        1.961777744e+14     2.440430192e+33     0.0                 0.0                 0.9562706244        0.0
0.1178906314        1.995329292e+14     2.556925529e+33     0.0                 0.0                 0.9554963306        3.81932086e-05
0.1198786459        2.029465925e+14     2.677071783e+33     0.0                 0.0                 0.9546073124        0.0002228826394
0.1219001847        2.064201728e+14     2.801856933e+33     0.0                 0.0                 0.9536457366        0.0004976262438
0.1239558132        2.099549349e+14     2.931980297e+33     0.0                 0.0                 0.9526300665        0.0008390710575
0.1260461061        2.135515762e+14     3.067793856e+33     0.0                 0.0                 0.9515751267        0.001226144855
0.1281716481        2.172114139e+14     3.209743846e+33     0.0                 0.0                 0.9504850159        0.001654660639
0.1303330336        2.209357658e+14     3.358265169e+33     0.0                 0.0                 0.9493637673        0.002119828226
0.1325308669        2.247259751e+14     3.513621533e+33     0.0                 0.0                 0.9482157461        0.002614702517
0.1347657628        2.285827948e+14     3.676312599e+33     0.0                 0.0                 0.9470430753        0.003138281329
0.1370383462        2.325080018e+14     3.846744318e+33     0.0                 0.0                 0.9458480115        0.00368743831
0.1393492527        2.365025265e+14     4.025196347e+33     0.0                 0.0                 0.9446325306        0.004258725856
0.1416991284        2.405680087e+14     4.212300427e+33     0.0                 0.0                 0.9433982689        0.004851737927
0.1440886306        2.447054864e+14     4.40842154e+33      0.0                 0.0                 0.9421468471        0.005464137967
0.1465184275        2.489165088e+14     4.613914092e+33     0.0                 0.0                 0.9408790173        0.006093998363
0.1489891986        2.532024928e+14     4.829503476e+33     0.0                 0.0                 0.9395967733        0.006740787866
0.1515016348        2.57564863e+14      5.05559618e+33      0.0                 0.0                 0.9383008489        0.007402934539
0.1540564387        2.6200521e+14       5.292599398e+33     0.0                 0.0                 0.9369915287        0.008079234626
0.1566543249        2.66524699e+14      5.541348275e+33     0.0                 0.0                 0.9356709434        0.008768965356
0.1592960197        2.711256426e+14     5.802325147e+33     0.0                 0.0                 0.9343394739        0.009471090845
0.161982262         2.758089264e+14     6.07596537e+33      0.0                 0.0                 0.9329970458        0.01018481265
0.1647138029        2.805763515e+14     6.363236177e+33     0.0                 0.0                 0.9316458589        0.01090926866
0.1674914064        2.8542976e+14       6.664715029e+33     0.0                 0.0                 0.9302862263        0.01164372572
0.1703158493        2.903708806e+14     6.980913482e+33     0.0                 0.0                 0.9289175671        0.01238779551
0.1731879213        2.954013672e+14     7.312877188e+33     0.0                 0.0                 0.9275421341        0.0131404604
0.1761084256        3.005231373e+14     7.661369088e+33     0.0                 0.0                 0.9261604933        0.01390110435
0.179078179         3.057377954e+14     8.026923036e+33     0.0                 0.0                 0.92477158          0.01466966076
0.182098012         3.110473092e+14     8.41068727e+33      0.0                 0.0                 0.9233774136        0.01544514716
0.1851687691        3.164539616e+14     8.813694188e+33     0.0                 0.0                 0.9219790525        0.01622684526
0.188291309         3.219593907e+14     9.236471476e+33     0.0                 0.0                 0.9205750571        0.01701498474
0.191466505         3.275658478e+14     9.680247212e+33     0.0                 0.0                 0.919166961         0.01780874331
0.1946952449        3.332754821e+14     1.014641515e+34     0.0                 0.0                 0.9177567252        0.01860704814
0.1979784318        3.39090028e+14      1.06354748e+34      0.0                 0.0                 0.9163423037        0.01941052566
0.2013169837        3.45012419e+14      1.114873219e+34     0.0                 0.0                 0.914924631         0.02021860024
0.2047118344        3.510443546e+14     1.168803243e+34     0.0                 0.0                 0.9135069458        0.021029625
0.2081639331        3.571882076e+14     1.225383259e+34     0.0                 0.0                 0.9120863404        0.02184472132
0.2116742453        3.634466646e+14     1.284746196e+34     0.0                 0.0                 0.9106631611        0.02266358631
0.2152437526        3.698220029e+14     1.347139507e+34     0.0                 0.0                 0.9092420258        0.02348389627
0.2188734533        3.763171369e+14     1.41260217e+34      0.0                 0.0                 0.9078190603        0.02430732213
0.2225643624        3.829339312e+14     1.481279784e+34     0.0                 0.0                 0.9063947305        0.02513354119
0.226317512         3.896756022e+14     1.553444551e+34     0.0                 0.0                 0.9049731737        0.02596037587
0.2301339518        3.965449435e+14     1.629174536e+34     0.0                 0.0                 0.9035516609        0.02678906823
0.2340147491        4.035445351e+14     1.708626068e+34     0.0                 0.0                 0.9021298015        0.02761971673
0.237960989         4.106774286e+14     1.792082325e+34     0.0                 0.0                 0.9007112186        0.02845035809
0.2419737752        4.179467341e+14     1.879684427e+34     0.0                 0.0                 0.8992945562        0.02928160553
0.2460542299        4.253550413e+14     1.97158482e+34      0.0                 0.0                 0.8978785927        0.03011398969
0.2502034941        4.329065487e+14     2.068086347e+34     0.0                 0.0                 0.8964661792        0.03094595079
0.2544227283        4.40603803e+14      2.169404268e+34     0.0                 0.0                 0.895057522         0.03177728217
0.2587131123        4.484497268e+14     2.275686193e+34     0.0                 0.0                 0.8936506691        0.03260897256
0.2630758459        4.564488413e+14     2.387249196e+34     0.0                 0.0                 0.8922476363        0.03343985797
0.2675121492        4.646044946e+14     2.504408468e+34     0.0                 0.0                 0.8908501868        0.03426892807
0.2720232629        4.72919793e+14      2.627301589e+34     0.0                 0.0                 0.889455394         0.03509769272
0.2766104484        4.813985784e+14     2.75624888e+34      0.0                 0.0                 0.8880647359        0.03592533384
0.2812749885        4.900459854e+14     2.891692513e+34     0.0                 0.0                 0.8866813801        0.03675000253
0.2860181878        4.988645471e+14     3.033752042e+34     0.0                 0.0                 0.8853017865        0.03757363858
0.2908413727        5.078586849e+14     3.182758782e+34     0.0                 0.0                 0.8839262994        0.03839600719
0.2957458919        5.170344407e+14     3.339298502e+34     0.0                 0.0                 0.8825600451        0.03921419415
0.3007331171        5.263942234e+14     3.503472212e+34     0.0                 0.0                 0.8811983386        0.04003079687
0.3058044429        5.359426934e+14     3.675639737e+34     0.0                 0.0                 0.879841399         0.04084561995
0.3109612876        5.456863861e+14     3.856481085e+34     0.0                 0.0                 0.8784945054        0.04165572611
0.3162050932        5.556286406e+14     4.046152621e+34     0.0                 0.0                 0.8771534472        0.04246338309
0.3215373262        5.657743264e+14     4.245044969e+34     0.0                 0.0                 0.8758181489        0.04326866098
0.3269594778        5.761300716e+14     4.453880679e+34     0.0                 0.0                 0.8744929884        0.04406901036
0.3324730642        5.867006246e+14     4.67294181e+34      0.0                 0.0                 0.8731753677        0.04486591628
0.3380796274        5.974906917e+14     4.902630636e+34     0.0                 0.0                 0.8718642344        0.0456599397
0.3437807353        6.085073748e+14     5.143725855e+34     0.0                 0.0                 0.870563695         0.04644870876
0.3495779821        6.197564041e+14     5.396647998e+34     0.0                 0.0                 0.8692720492        0.0472331851
0.3554729892        6.312427e+14        5.661808057e+34     0.0                 0.0                 0.8679877888        0.04801421887
0.361467405         6.429741845e+14     5.940067599e+34     0.0                 0.0                 0.866714405         0.04878977322
0.3675629059        6.549572211e+14     6.231978332e+34     0.0                 0.0                 0.8654514323        0.04956013618
0.3737611965        6.671973426e+14     6.537983095e+34     0.0                 0.0                 0.8641966123        0.0503265737
0.3800640101        6.797033166e+14     6.859036351e+34     0.0                 0.0                 0.8629531704        0.05108720674
0.3864731095        6.924822022e+14     7.19583523e+34      0.0                 0.0                 0.8617213167        0.05184191314
0.3929902868        7.05540178e+14      7.548856977e+34     0.0                 0.0                 0.8604984221        0.05259220717
0.3996173647        7.188863779e+14     7.919157014e+34     0.0                 0.0                 0.8592876202        0.05333627219
0.4063561964        7.325296837e+14     8.307608622e+34     0.0                 0.0                 0.8580894958        0.05407375854
0.4132086664        7.464762004e+14     8.714718354e+34     0.0                 0.0                 0.8569011674        0.05480633619
0.420176691         7.607364161e+14     9.141694531e+34     0.0                 0.0                 0.8557256134        0.05553226724
0.427262219         7.753201381e+14     9.589550667e+34     0.0                 0.0                 0.8545637712        0.05625103587
0.4344672316        7.902341861e+14     1.005887198e+35     0.0                 0.0                 0.8534124651        0.05696444184
0.441793744         8.054902673e+14     1.055103352e+35     0.0                 0.0                 0.8522750289        0.05767057987
0.4492438048        8.210990648e+14     1.106719303e+35     0.0                 0.0                 0.8511519341        0.05836916222
0.4568194976        8.370683393e+14     1.160801985e+35     0.0                 0.0                 0.850040261         0.05906190412
0.4645229408        8.534115937e+14     1.217514968e+35     0.0                 0.0                 0.8489435854        0.05974672133
0.4723562889        8.701401624e+14     1.276980246e+35     0.0                 0.0                 0.8478619134        0.06042361772
0.4803217324        8.872627779e+14     1.339279823e+35     0.0                 0.0                 0.8467925528        0.06109416927
0.4884214988        9.04795114e+14      1.404609932e+35     0.0                 0.0                 0.8457393961        0.06175610909
0.4966578533        9.227490196e+14     1.473093484e+35     0.0                 0.0                 0.8447017355        0.06240987362
0.5050330991        9.411345297e+14     1.544831692e+35     0.0                 0.0                 0.843677229         0.06305682363
0.5135495785        9.599703823e+14     1.620063477e+35     0.0                 0.0                 0.8426706873        0.06369418225
0.5222096731        9.792678654e+14     1.698902463e+35     0.0                 0.0                 0.8416796935        0.06432333821
0.5310158046        9.990385519e+14     1.781477487e+35     0.0                 0.0                 0.8407028056        0.06494518012
0.5399704358        1.01930621e+15      1.868087221e+35     0.0                 0.0                 0.8397456161        0.06555643661
0.5490760709        1.040079455e+15     1.958814276e+35     0.0                 0.0                 0.8388041149        0.0661594792
0.5583352561        1.061373843e+15     2.053835252e+35     0.0                 0.0                 0.8378778168        0.06675459926
0.567750581         1.083215749e+15     2.153498478e+35     0.0                 0.0                 0.8369729717        0.06733815807
0.5773246785        1.105613315e+15     2.257865352e+35     0.0                 0.0                 0.8360837298        0.06791360166
0.587060226         1.128587972e+15     2.367200444e+35     0.0                 0.0                 0.8352121598        0.0684797423
0.5969599461        1.152163797e+15     2.481820187e+35     0.0                 0.0                 0.8343615459        0.06903465405
0.6070266072        1.176352376e+15     2.601833113e+35     0.0                 0.0                 0.8335275136        0.06958093581
0.6172630246        1.20118132e+15      2.727593588e+35     0.0                 0.0                 0.8327138734        0.07011638767
0.6276720608        1.226671618e+15     2.859364064e+35     0.0                 0.0                 0.8319206616        0.07064102746
0.6382566268        1.252839118e+15     2.9973175e+35       0.0                 0.0                 0.8311449415        0.07115653386
0.6490196825        1.279719184e+15     3.141930356e+35     0.0                 0.0                 0.83039276          0.07165948548
0.659964238         1.307326623e+15     3.293359209e+35     0.0                 0.0                 0.829659946         0.07215225844
0.6710933537        1.335686463e+15     3.451914942e+35     0.0                 0.0                 0.8289469421        0.07263467729
0.6824101421        1.364836958e+15     3.618109136e+35     0.0                 0.0                 0.8282586092        0.0731039268
0.6939177679        1.394790383e+15     3.792064843e+35     0.0                 0.0                 0.8275896174        0.07356310224
0.7056194492        1.425585668e+15     3.97429789e+35      0.0                 0.0                 0.826944132         0.07400987317
0.7175184584        1.457250975e+15     4.16516447e+35      0.0                 0.0                 0.8263219106        0.07444434928
0.7296181231        1.489807965e+15     4.364922882e+35     0.0                 0.0                 0.8257202661        0.07486815526
0.7419218269        1.52331002e+15      4.574298194e+35     0.0                 0.0                 0.8251462573        0.07527722603
0.7544330108        1.557770187e+15     4.793423479e+35     0.0                 0.0                 0.8245938546        0.07567508035
0.7671551733        1.593232118e+15     5.022881314e+35     0.0                 0.0                 0.8240662093        0.07605993605
0.7800918724        1.629736442e+15     5.263206248e+35     0.0                 0.0                 0.8235648004        0.07643095827
0.7932467257        1.66730652e+15      5.514673617e+35     0.0                 0.0                 0.8230862229        0.07679018404
0.8066234121        1.706007255e+15     5.778180533e+35     0.0                 0.0                 0.8226370288        0.07713381067
0.8202256724        1.745855431e+15     6.0539087e+35       0.0                 0.0                 0.8222120446        0.07746490276
0.8340573104        1.786907076e+15     6.342604265e+35     0.0                 0.0                 0.8218143779        0.07778168185
0.8481221943        1.829206855e+15     6.644885943e+35     0.0                 0.0                 0.8214450155        0.07808364257
0.8624242573        1.872787386e+15     6.961146344e+35     0.0                 0.0                 0.8211011521        0.07837242321
0.8769674989        1.917728908e+15     7.292477953e+35     0.0                 0.0                 0.820789404         0.07864426878
0.8917559863        1.964047577e+15     7.639074182e+35     0.0                 0.0                 0.8205036991        0.07890269553
0.9067938551        2.011821062e+15     8.002007904e+35     0.0                 0.0                 0.8202494039        0.0791446661
0.9220853106        2.061092934e+15     8.381815272e+35     0.0                 0.0                 0.8200245139        0.07937138297
0.9376346292        2.111918284e+15     8.779286374e+35     0.0                 0.0                 0.8198297219        0.07958249683
0.9534461591        2.16437289e+15      9.195419807e+35     0.0                 0.0                 0.819667697         0.07977649888
0.9695243223        2.218494269e+15     9.630665516e+35     0.0                 0.0                 0.8195347869        0.07995553984
0.9858736149        2.27438412e+15      1.008651692e+36     0.0                 0.0                 0.8194380165        0.08011565905
1.002498609         2.332067383e+15     1.056322319e+36     0.0                 0.0                 0.8193710385        0.08026051836
1.019403954         2.391659068e+15     1.106234976e+36     0.0                 0.0                 0.8193404135        0.08038641607
1.036594377         2.453197418e+15     1.158443599e+36     0.0                 0.0                 0.819342219         0.08049564079
1.054074686         2.516781749e+15     1.213082516e+36     0.0                 0.0                 0.819379942         0.0805862514
1.071849769         2.582478387e+15     1.270246035e+36     0.0                 0.0                 0.8194529578        0.08065866537
1.089924598         2.650382618e+15     1.330055405e+36     0.0                 0.0                 0.8195617773        0.08071261117
1.108304225         2.720581571e+15     1.392637711e+36     0.0                 0.0                 0.8197085027        0.0807469895
1.126993793         2.793152165e+15     1.458093715e+36     0.0                 0.0                 0.8198913124        0.08076283666
1.145998526         2.86821916e+15      1.526597122e+36     0.0                 0.0                 0.8201142529        0.08075795048
1.16532374          2.945839616e+15     1.598225563e+36     0.0                 0.0                 0.820373822         0.08073431779
1.18497484          3.02617231e+15      1.67319507e+36      0.0                 0.0                 0.8206755785        0.08068888364
1.204957319         3.109263007e+15     1.751569358e+36     0.0                 0.0                 0.8210148564        0.08062432041
1.225276768         3.195292368e+15     1.833599612e+36     0.0                 0.0                 0.8213979713        0.08053708987
1.245938868         3.284307946e+15     1.919346444e+36     0.0                 0.0                 0.8218197567        0.08043019298
1.266949397         3.376504269e+15     2.009082767e+36     0.0                 0.0                 0.8222868655        0.0802999063
1.288314232         3.471935412e+15     2.102880499e+36     0.0                 0.0                 0.8227939711        0.08014927692
1.310039345         3.570817913e+15     2.201036737e+36     0.0                 0.0                 0.8233475108        0.07997473597
1.332130814         3.673207259e+15     2.303631883e+36     0.0                 0.0                 0.8239427074        0.07977901147
1.354594817         3.779327463e+15     2.410968733e+36     0.0                 0.0                 0.8245851699        0.07955899107
1.377437634         3.889257249e+15     2.523165226e+36     0.0                 0.0                 0.8252711834        0.07931683289
1.400665654         4.00321764e+15      2.640522626e+36     0.0                 0.0                 0.8260048917        0.0790501973
1.424285374         4.121327814e+15     2.763204055e+36     0.0                 0.0                 0.8267839543        0.07876048554
1.448303398         4.243799554e+15     2.891497913e+36     0.0                 0.0                 0.8276109655        0.07844626003
1.472726443         4.370782699e+15     3.025623379e+36     0.0                 0.0                 0.8284855335        0.07810777897
1.497561339         4.502470473e+15     3.165840236e+36     0.0                 0.0                 0.829407813         0.07774499669
1.52281503          4.639091922e+15     3.312463297e+36     0.0                 0.0                 0.8303796406        0.07735688213
1.548494581         4.78077338e+15      3.465674503e+36     0.0                 0.0                 0.831398761         0.07694479347
1.57460717          4.927847327e+15     3.625927931e+36     0.0                 0.0                 0.8324695354        0.07650622786
1.601160102         5.080412828e+15     3.793361272e+36     0.0                 0.0                 0.8335875514        0.07604373039
1.628160802         5.238809788e+15     3.968448358e+36     0.0                 0.0                 0.8347573969        0.07555473223
1.65561682          5.40319838e+15      4.151408665e+36     0.0                 0.0                 0.8359758953        0.0750410191
1.683535835         5.573861749e+15     4.342636056e+36     0.0                 0.0                 0.8372445464        0.07450176305
1.711925654         5.75109348e+15      4.542533038e+36     0.0                 0.0                 0.8385637095        0.07393675524
1.740794216         5.9350792e+15       4.751361244e+36     0.0                 0.0                 0.8399309402        0.07334737952
1.770149595         6.126262926e+15     4.969731027e+36     0.0                 0.0                 0.8413504407        0.07273122457
1.8                 6.324787914e+15     5.197844742e+36     0.0                 0.0                 0.8428175476        0.07209093636
