0.476E-14           0.790E+01           0.101E+11           26.00               56.00               0.000               0.0
0.491E-14           0.815E+01           0.101E+12           26.00               56.00               0.000               0.0    
0.699E-14           0.116E+02           0.121E+13           26.00               56.00               0.000               0.0    
0.990E-14           0.164E+02           0.140E+14           26.00               56.00               0.000               0.0    
0.272E-13           0.451E+02           0.170E+15           26.00               56.00               0.000               0.0    
0.127E-12           0.212E+03           0.582E+16           26.00               56.00               0.000               0.0    
0.693E-12           0.115E+04           0.190E+18           26.00               56.00               0.000               0.0    
0.630E-11           0.104E+05           0.974E+19           26.00               56.00               0.000               0.0    
0.158E-10           0.262E+05           0.497E+20           26.00               56.00               0.000               0.0    
0.397E-10           0.659E+05           0.243E+21           26.00               56.00               0.000               0.0    
0.998E-10           0.165E+06           0.115E+22           26.00               56.00               0.000               0.0    
0.251E-09           0.416E+06           0.527E+22           26.00               56.00               0.000               0.0    
0.629E-09           0.104E+07           0.232E+23           26.00               56.00               0.000               0.0    
0.158E-08           0.262E+07           0.975E+23           26.00               56.00               0.000               0.0    
0.397E-08           0.659E+07           0.391E+24           26.00               56.00               0.000               0.0    
0.500E-08           0.829E+07           0.526E+24           28.00               62.00               0.000               0.0    
0.998E-08           0.166E+08           0.144E+25           28.00               62.00               0.000               0.0    
0.199E-07           0.330E+08           0.383E+25           28.00               62.00               0.000               0.0    
0.397E-07           0.659E+08           0.101E+26           28.00               62.00               0.000               0.0    
0.792E-07           0.132E+09           0.260E+26           28.00               62.00               0.000               0.0
1e-07               165692759.8         3.433870683e+25     29.8693             68.29358            0.0                 0.0
1.016459023e-07     168420524.4         3.510010204e+25     29.87392834         68.31391707         0.0                 0.0
1.033188945e-07     171193206.0         3.58805412e+25      29.87863286         68.33458887         0.0                 0.0
1.050194225e-07     174011544.7         3.668055388e+25     29.88341482         68.35560091         0.0                 0.0
1.067479395e-07     176876292.5         3.750068555e+25     29.88827548         68.37695879         0.0                 0.0
1.085049063e-07     179788214.1         3.834149806e+25     29.89321614         68.39866819         0.0                 0.0
1.10290791e-07      182748072.1         3.919839357e+25     29.89807416         68.42003524         0.0                 0.0
1.121060696e-07     185756643.5         4.006738129e+25     29.90271592         68.44048986         0.0                 0.0
1.13951226e-07      188814756.9         4.095810007e+25     29.90743407         68.46128114         0.0                 0.0
1.158267518e-07     191923228.4         4.187115411e+25     29.91222988         68.48241462         0.0                 0.0
1.177331469e-07     195082887.7         4.280716576e+25     29.91710463         68.50389595         0.0                 0.0
1.196709194e-07     198294578.1         4.376677604e+25     29.92205961         68.52573083         0.0                 0.0
1.216405858e-07     201559098.3         4.47379481e+25      29.92955405         68.55379172         0.0                 0.0
1.236426709e-07     204877351.5         4.572827608e+25     29.93815318         68.58465676         0.0                 0.0
1.256777085e-07     208250246.2         4.674333337e+25     29.94689384         68.61602981         0.0                 0.0
1.277462407e-07     211678682.3         4.778380679e+25     29.95577837         68.64791923         0.0                 0.0
1.29848819e-07      215163575.1         4.885040369e+25     29.96480912         68.68033352         0.0                 0.0
1.319860036e-07     218705853.1         4.994257706e+25     29.97362519         68.71231254         0.0                 0.0
1.341583643e-07     222306443.5         5.10460364e+25      29.97803198         68.73267431         0.0                 0.0
1.363664798e-07     225966326.2         5.217699874e+25     29.9825113          68.75337122         0.0                 0.0
1.386109388e-07     229686478.1         5.333622678e+25     29.98706435         68.77440878         0.0                 0.0
1.408923394e-07     233467892.1         5.452450605e+25     29.99169234         68.79579259         0.0                 0.0
1.432112896e-07     237311577.6         5.574264565e+25     29.9963965          68.81752836         0.0                 0.0
1.455684074e-07     241218540.4         5.698212821e+25     30.00083437         68.83877704         0.0                 0.0
1.479643211e-07     245189815.3         5.824013002e+25     30.00489075         68.85925827         0.0                 0.0
1.503996692e-07     249226488.4         5.952946214e+25     30.0090139          68.8800766          0.0                 0.0
1.528751008e-07     253329637.4         6.085099287e+25     30.01320492         68.90123758         0.0                 0.0
1.553912755e-07     257500357.5         6.22056165e+25      30.01746491         68.92274685         0.0                 0.0
1.579488641e-07     261739762.2         6.359425411e+25     30.02179502         68.94461014         0.0                 0.0
1.60548548e-07      266048884.8         6.499820738e+25     30.02908404         68.97331076         0.0                 0.0
1.631910202e-07     270428942.5         6.643179785e+25     30.03726335         69.00421173         0.0                 0.0
1.658769849e-07     274881130.0         6.790105741e+25     30.04557729         69.03562129         0.0                 0.0
1.686071579e-07     279406635.7         6.940697384e+25     30.05402806         69.06754782         0.0                 0.0
1.713822669e-07     284006667.6         7.09505645e+25      30.06261793         69.09999984         0.0                 0.0
1.742030515e-07     288682449.8         7.252914172e+25     30.07060331         69.13104728         0.0                 0.0
1.770702635e-07     293435210.5         7.412545444e+25     30.07442204         69.1514338          0.0                 0.0
1.79984667e-07      298266241.1         7.576140124e+25     30.07830363         69.17215586         0.0                 0.0
1.829470387e-07     303176831.4         7.743807788e+25     30.0822491          69.19321898         0.0                 0.0
1.859581681e-07     308168292.3         7.915661287e+25     30.08625951         69.21462878         0.0                 0.0
1.890188578e-07     313241956.5         8.091816849e+25     30.09033592         69.23639097         0.0                 0.0
1.921299235e-07     318399120.8         8.270808032e+25     30.09633225         69.26265531         0.0                 0.0
1.952921943e-07     323641159.6         8.452685293e+25     30.1042433          69.29341363         0.0                 0.0
1.985065129e-07     328969527.1         8.6390744e+25       30.11228456         69.32467821         0.0                 0.0
2.017737361e-07     334385645.7         8.830100003e+25     30.12045818         69.35645737         0.0                 0.0
2.050947346e-07     339890961.5         9.025890478e+25     30.12876632         69.38875958         0.0                 0.0
2.084703934e-07     345486944.3         9.226578044e+25     30.1372112          69.42159346         0.0                 0.0
2.119016124e-07     351174986.6         9.429495786e+25     30.1414607          69.44363653         0.0                 0.0
2.153893058e-07     356956687.6         9.637000411e+25     30.14509941         69.4642628          0.0                 0.0
2.189344033e-07     362833606.2         9.849656285e+25     30.14879801         69.48522856         0.0                 0.0
2.225378496e-07     368807311.7         1.006760581e+26     30.15255748         69.5065394          0.0                 0.0
2.262006051e-07     374879398.8         1.029099563e+26     30.15637883         69.528201           0.0                 0.0
2.299236459e-07     381051473.5         1.051909671e+26     30.16108022         69.55204071         0.0                 0.0
2.337079644e-07     387325143.1         1.074976496e+26     30.16872357         69.58265866         0.0                 0.0
2.375545691e-07     393702135.5         1.098613929e+26     30.17649273         69.61378055         0.0                 0.0
2.414644851e-07     400184153.3         1.122837698e+26     30.18438977         69.64541468         0.0                 0.0
2.454387546e-07     406772927.2         1.147664001e+26     30.19241678         69.67756947         0.0                 0.0
2.494784366e-07     413470216.8         1.173109522e+26     30.20057591         69.71025351         0.0                 0.0
2.535846078e-07     420277695.6         1.198928433e+26     30.20810931         69.74176867         0.0                 0.0
2.577583626e-07     427197205.8         1.225194428e+26     30.21521532         69.77256424         0.0                 0.0
2.620008133e-07     434230675.7         1.252109553e+26     30.22243829         69.80386667         0.0                 0.0
2.663130906e-07     441379983.4         1.279691687e+26     30.22978013         69.83568432         0.0                 0.0
2.706963438e-07     448647037.9         1.307959243e+26     30.23724282         69.86802565         0.0                 0.0
2.751517411e-07     456033779.7         1.336931185e+26     30.24482834         69.90089928         0.0                 0.0
2.796804698e-07     463542053.2         1.366197681e+26     30.25221496         69.93154999         0.0                 0.0
2.84283737e-07      471173976.9         1.396158638e+26     30.2597022          69.96252624         0.0                 0.0
2.889627694e-07     478931596.8         1.426860799e+26     30.26731268         69.99401233         0.0                 0.0
2.937188142e-07     486816984.3         1.458324598e+26     30.27504841         70.02601664         0.0                 0.0
2.985531388e-07     494832245.3         1.490571077e+26     30.28291147         70.05854772         0.0                 0.0
3.034670317e-07     502979479.6         1.523457952e+26     30.28927633         70.08773202         0.0                 0.0
3.084618024e-07     511260803.4         1.556767204e+26     30.29187692         70.10816821         0.0                 0.0
3.135387822e-07     519678521.7         1.590897993e+26     30.29452032         70.12894075         0.0                 0.0
3.186993241e-07     528234882.6         1.62587291e+26      30.29720723         70.15005519         0.0                 0.0
3.239448035e-07     536932171.0         1.66171522e+26      30.29993836         70.17151715         0.0                 0.0
3.292766183e-07     545772709.8         1.698448883e+26     30.30271444         70.19333236         0.0                 0.0
3.346961897e-07     554758719.9         1.735673423e+26     30.31085549         70.22752621         0.0                 0.0
3.402049618e-07     563892659.1         1.773589801e+26     30.32194304         70.2686381          0.0                 0.0
3.45804403e-07      573177038.7         1.812440526e+26     30.33321308         70.31042665         0.0                 0.0
3.514960055e-07     582614338.2         1.852251273e+26     30.34466862         70.352903           0.0                 0.0
3.572812862e-07     592207078.2         1.893048484e+26     30.3563127          70.39607846         0.0                 0.0
3.63161787e-07      601957817.4         1.934850068e+26     30.36807169         70.43976721         0.0                 0.0
3.69139075e-07      611868933.1         1.977025963e+26     30.37462077         70.47028066         0.0                 0.0
3.752147434e-07     621943291.5         2.020238879e+26     30.38127764         70.50129633         0.0                 0.0
3.813904114e-07     632183583.3         2.064517264e+26     30.38804408         70.53282249         0.0                 0.0
3.876677248e-07     642592543.5         2.109890409e+26     30.39492188         70.56486754         0.0                 0.0
3.940483566e-07     653172952.3         2.15638848e+26      30.40191289         70.59744002         0.0                 0.0
4.005340074e-07     663927558.7         2.203752617e+26     30.40870476         70.62945792         0.0                 0.0
4.071264057e-07     674859175.5         2.251789349e+26     30.41507427         70.66014862         0.0                 0.0
4.138273085e-07     685970849.4         2.30100719e+26      30.42154861         70.69134446         0.0                 0.0
4.206385015e-07     697265548.4         2.35143854e+26      30.42812952         70.72305375         0.0                 0.0
4.275618001e-07     708746289.4         2.403116761e+26     30.43481874         70.75528494         0.0                 0.0
4.345990494e-07     720416139.3         2.45607621e+26      30.44161806         70.78804663         0.0                 0.0
4.41752125e-07      732277968.2         2.50972159e+26      30.44805676         70.81920253         0.0                 0.0
4.490229333e-07     744335086.4         2.564450185e+26     30.45442562         70.85007311         0.0                 0.0
4.564134119e-07     756590803.7         2.620524988e+26     30.4608993          70.8814518          0.0                 0.0
4.639255305e-07     769048393.7         2.67798294e+26      30.46747954         70.91334695         0.0                 0.0
4.715612914e-07     781711184.3         2.736862082e+26     30.47416808         70.94576707         0.0                 0.0
4.793227293e-07     794582533.4         2.797105574e+26     30.48121256         70.97935614         0.0                 0.0
4.87211913e-07      807665641.2         2.857832611e+26     30.4909234          71.02008903         0.0                 0.0
4.952309449e-07     820964252.0         2.920046683e+26     30.50079407         71.06149235         0.0                 0.0
5.033819622e-07     834481918.3         2.983788444e+26     30.51082719         71.10357713         0.0                 0.0
5.116671373e-07     848222251.3         3.049099756e+26     30.52102546         71.14635458         0.0                 0.0
5.200886783e-07     862188921.9         3.116023726e+26     30.53139158         71.1898361          0.0                 0.0
5.286488296e-07     876385495.6         3.18414982e+26      30.53971879         71.22776654         0.0                 0.0
5.373498727e-07     890815712.6         3.253378697e+26     30.54542412         71.25849628         0.0                 0.0
5.461941264e-07     905483628.4         3.324305282e+26     30.55122335         71.2897318          0.0                 0.0
5.551839479e-07     920393161.5         3.396976044e+26     30.55711804         71.32148143         0.0                 0.0
5.64321733e-07      935548295.3         3.471438835e+26     30.56310974         71.35375363         0.0                 0.0
5.736099172e-07     950953079.0         3.547742929e+26     30.56920007         71.38655699         0.0                 0.0
5.830509758e-07     966611312.8         3.624884931e+26     30.57811425         71.42570447         0.0                 0.0
5.92647425e-07      982527402.4         3.70365703e+26      30.58784079         71.46691478         0.0                 0.0
6.024018224e-07     998705674.6         3.784359884e+26     30.59772742         71.50880337         0.0                 0.0
6.123167676e-07     1.015150452e+09     3.867046319e+26     30.60777677         71.55138141         0.0                 0.0
6.223949031e-07     1.031866129e+09     3.951770732e+26     30.61799153         71.59466025         0.0                 0.0
6.326389149e-07     1.048857087e+09     4.038355577e+26     30.62815593         71.63801627         0.0                 0.0
6.430515331e-07     1.066127502e+09     4.125851793e+26     30.63735686         71.67879868         0.0                 0.0
6.536355329e-07     1.083682412e+09     4.215486037e+26     30.64670923         71.72025234         0.0                 0.0
6.643937349e-07     1.101526507e+09     4.307316661e+26     30.65621553         71.76238828         0.0                 0.0
6.753290064e-07     1.119664556e+09     4.401403748e+26     30.6658783          71.80521773         0.0                 0.0
6.864442618e-07     1.138101404e+09     4.497809163e+26     30.6757001          71.84875212         0.0                 0.0
6.977424634e-07     1.156841747e+09     4.595788602e+26     30.68519384         71.89096585         0.0                 0.0
7.092266224e-07     1.175890593e+09     4.695414837e+26     30.69439024         71.93198746         0.0                 0.0
7.208997995e-07     1.195253243e+09     4.797476827e+26     30.703738           71.97368425         0.0                 0.0
7.327651056e-07     1.214934869e+09     4.902041082e+26     30.71323962         72.01606733         0.0                 0.0
7.44825703e-07      1.234940733e+09     5.009176081e+26     30.72289762         72.05914799         0.0                 0.0
7.570848061e-07     1.255276179e+09     5.118952338e+26     30.73271459         72.10293771         0.0                 0.0
7.695456821e-07     1.275946079e+09     5.229817263e+26     30.74154415         72.14400092         0.0                 0.0
7.822116519e-07     1.296956415e+09     5.343161604e+26     30.75036008         72.18526308         0.0                 0.0
7.950860911e-07     1.318312876e+09     5.459276433e+26     30.75932111         72.22720437         0.0                 0.0
8.081724311e-07     1.34002117e+09      5.578237384e+26     30.76842963         72.26983597         0.0                 0.0
8.214741594e-07     1.362087098e+09     5.700122334e+26     30.77768807         72.31316925         0.0                 0.0
8.349948212e-07     1.384516407e+09     5.824547766e+26     30.78688773         72.35628961         0.0                 0.0
8.487380199e-07     1.407314743e+09     5.950511193e+26     30.79555526         72.39712171         0.0                 0.0
8.627074181e-07     1.430488666e+09     6.079546745e+26     30.80436545         72.43862587         0.0                 0.0
8.769067391e-07     1.454044372e+09     6.211738138e+26     30.81332065         72.48081314         0.0                 0.0
8.913397669e-07     1.477988155e+09     6.347171567e+26     30.82242324         72.52369477         0.0                 0.0
9.060103483e-07     1.502326416e+09     6.48593578e+26      30.83167565         72.5672822          0.0                 0.0
9.209223931e-07     1.527065172e+09     6.626655352e+26     30.84266206         72.61529362         0.0                 0.0
9.360798756e-07     1.552211161e+09     6.769797942e+26     30.85491184         72.66663212         0.0                 0.0
9.514868355e-07     1.577771427e+09     6.916427411e+26     30.86736324         72.71881559         0.0                 0.0
9.671473788e-07     1.603752801e+09     7.066638681e+26     30.88001958         72.77185796         0.0                 0.0
9.830656794e-07     1.630162227e+09     7.220529485e+26     30.89288423         72.82577334         0.0                 0.0
9.992459797e-07     1.657006766e+09     7.378200449e+26     30.90596063         72.88057613         0.0                 0.0
1.015692592e-06     1.684292964e+09     7.537390444e+26     30.9139594          72.92191011         0.0                 0.0
1.032409899e-06     1.712028682e+09     7.700336106e+26     30.92183132         72.96322254         0.0                 0.0
1.049402357e-06     1.740221365e+09     7.867254331e+26     30.92983281         73.00521493         0.0                 0.0
1.066674494e-06     1.768878548e+09     8.03825334e+26      30.93796599         73.04789847         0.0                 0.0
1.084230914e-06     1.798007893e+09     8.213444555e+26     30.94623304         73.09128455         0.0                 0.0
1.102076295e-06     1.827616849e+09     8.392019669e+26     30.95559915         73.1373215          0.0                 0.0
1.120215394e-06     1.857712892e+09     8.572887733e+26     30.96726081         73.18842291         0.0                 0.0
1.138653044e-06     1.888304793e+09     8.758151325e+26     30.97911441         73.24036541         0.0                 0.0
1.15739416e-06      1.919400729e+09     8.947929872e+26     30.9911631          73.29316282         0.0                 0.0
1.176443737e-06     1.951009015e+09     9.142346332e+26     31.00341011         73.34682923         0.0                 0.0
1.195806851e-06     1.9831381e+09       9.341527299e+26     31.01585869         73.40137894         0.0                 0.0
1.215488663e-06     2.015795585e+09     9.543484247e+26     31.02771155         73.45354803         0.0                 0.0
1.235494419e-06     2.048990642e+09     9.749296156e+26     31.03936216         73.50494868         0.0                 0.0
1.255829449e-06     2.082732623e+09     9.960113007e+26     31.05120452         73.55719533         0.0                 0.0
1.276499175e-06     2.117030549e+09     1.017607086e+27     31.0632418          73.61030191         0.0                 0.0
1.297509103e-06     2.151893588e+09     1.039730979e+27     31.0754772          73.66428257         0.0                 0.0
1.318864835e-06     2.187331037e+09     1.062386525e+27     31.08785899         73.71901435         0.0                 0.0
1.340572061e-06     2.223351529e+09     1.08521526e+27      31.09853655         73.76988125         0.0                 0.0
1.362636567e-06     2.25996552e+09      1.108597059e+27     31.10938985         73.82158536         0.0                 0.0
1.385064233e-06     2.297182797e+09     1.13254691e+27      31.12042179         73.87414048         0.0                 0.0
1.407861037e-06     2.335013314e+09     1.157080243e+27     31.1316353          73.9275606          0.0                 0.0
1.431033053e-06     2.373467185e+09     1.182212943e+27     31.14303337         73.98185997         0.0                 0.0
1.454586459e-06     2.412554216e+09     1.207807963e+27     31.15418974         74.03516657         0.0                 0.0
1.47852753e-06      2.452284536e+09     1.233778281e+27     31.16484239         74.08633017         0.0                 0.0
1.502862648e-06     2.49266951e+09      1.260378197e+27     31.17567037         74.13833588         0.0                 0.0
1.527598299e-06     2.533719936e+09     1.287624784e+27     31.18667656         74.19119755         0.0                 0.0
1.552741074e-06     2.575446793e+09     1.315535618e+27     31.19786391         74.24492927         0.0                 0.0
1.578297674e-06     2.61786124e+09      1.344128794e+27     31.20923539         74.29954537         0.0                 0.0
1.604274911e-06     2.660973192e+09     1.373087342e+27     31.21997053         74.35141564         0.0                 0.0
1.630679708e-06     2.704795037e+09     1.402631395e+27     31.23059751         74.40287899         0.0                 0.0
1.657519102e-06     2.749338969e+09     1.43289219e+27      31.24139941         74.45518937         0.0                 0.0
1.684800247e-06     2.794616903e+09     1.463889175e+27     31.25237909         74.50836073         0.0                 0.0
1.712530412e-06     2.840640947e+09     1.495642368e+27     31.26353949         74.56240724         0.0                 0.0
1.740716989e-06     2.887423224e+09     1.528115195e+27     31.27512573         74.61788            0.0                 0.0
1.769367489e-06     2.934974756e+09     1.560871175e+27     31.28903573         74.67899343         0.0                 0.0
1.798489549e-06     2.983309847e+09     1.594418679e+27     31.30317468         74.74111274         0.0                 0.0
1.828090929e-06     3.032441426e+09     1.62877911e+27      31.31754634         74.80425446         0.0                 0.0
1.858179519e-06     3.082382632e+09     1.663974504e+27     31.33215454         74.86843544         0.0                 0.0
1.888763338e-06     3.133146823e+09     1.700027544e+27     31.34700318         74.93367277         0.0                 0.0
1.919850536e-06     3.184746877e+09     1.736687572e+27     31.36125139         74.9972832          0.0                 0.0
1.9514494e-06       3.237196424e+09     1.773910525e+27     31.37473765         75.05875518         0.0                 0.0
1.98356835e-06      3.290510292e+09     1.812032843e+27     31.38844589         75.12123893         0.0                 0.0
2.016215946e-06     3.344702742e+09     1.851078844e+27     31.40237974         75.1847511          0.0                 0.0
2.04940089e-06      3.39978827e+09      1.891073563e+27     31.41654294         75.24930862         0.0                 0.0
2.083132025e-06     3.455781615e+09     1.932042773e+27     31.43093924         75.31492869         0.0                 0.0
2.117418343e-06     3.512695451e+09     1.973493306e+27     31.44095872         75.3684983          0.0                 0.0
2.152268979e-06     3.570546675e+09     2.015828691e+27     31.4501152          75.42002424         0.0                 0.0
2.187693223e-06     3.629351258e+09     2.059187906e+27     31.45942238         75.47239824         0.0                 0.0
2.223700515e-06     3.68912493e+09      2.103598655e+27     31.46888276         75.52563427         0.0                 0.0
2.260300452e-06     3.749883684e+09     2.149089462e+27     31.47849884         75.57974652         0.0                 0.0
2.297502788e-06     3.811643418e+09     2.195555689e+27     31.48877664         75.63567577         0.0                 0.0
2.335317439e-06     3.874419303e+09     2.242517076e+27     31.50158124         75.69686379         0.0                 0.0
2.373754481e-06     3.938229744e+09     2.290610661e+27     31.5145966          75.75905891         0.0                 0.0
2.41282416e-06      4.003091813e+09     2.339867003e+27     31.52782618         75.82227769         0.0                 0.0
2.452536888e-06     4.069022864e+09     2.390317559e+27     31.5412735          75.88653699         0.0                 0.0
2.492903248e-06     4.136040538e+09     2.441994712e+27     31.55494216         75.95185394         0.0                 0.0
2.533933999e-06     4.204160873e+09     2.494449422e+27     31.56994017         76.02052895         0.0                 0.0
2.575640076e-06     4.273402215e+09     2.547745345e+27     31.58615154         76.09233225         0.0                 0.0
2.618032594e-06     4.343784693e+09     2.602324689e+27     31.60262974         76.16531736         0.0                 0.0
2.661122852e-06     4.415327141e+09     2.658222062e+27     31.61937915         76.23950373         0.0                 0.0
2.704922333e-06     4.4880487e+09       2.715473087e+27     31.63640424         76.31491114         0.0                 0.0
2.749442711e-06     4.56196883e+09      2.774114434e+27     31.65370954         76.39155968         0.0                 0.0
2.79469585e-06      4.637104583e+09     2.833377912e+27     31.6660323          76.45426333         0.0                 0.0
2.840693813e-06     4.713478329e+09     2.893969831e+27     31.6779246          76.51617085         0.0                 0.0
2.887448856e-06     4.791110823e+09     2.956022262e+27     31.69001265         76.5790973          0.0                 0.0
2.934973443e-06     4.87002284e+09      3.019574616e+27     31.70229965         76.64305947         0.0                 0.0
2.983280237e-06     4.950235497e+09     3.084667467e+27     31.71478889         76.70807438         0.0                 0.0
3.032382114e-06     5.031769347e+09     3.15107177e+27      31.72811688         76.77523009         0.0                 0.0
3.08229216e-06      5.114644295e+09     3.218262421e+27     31.74356308         76.84670195         0.0                 0.0
3.133023676e-06     5.198885173e+09     3.287067654e+27     31.75926351         76.91935016         0.0                 0.0
3.184590184e-06     5.284514526e+09     3.357530927e+27     31.77522235         76.99319409         0.0                 0.0
3.237005425e-06     5.371555272e+09     3.429696972e+27     31.79144386         77.06825342         0.0                 0.0
3.290283371e-06     5.460030708e+09     3.503611839e+27     31.80793235         77.14454815         0.0                 0.0
3.344438219e-06     5.54996189e+09      3.578586166e+27     31.82345311         77.21792437         0.0                 0.0
3.399484404e-06     5.641373666e+09     3.654885756e+27     31.83842983         77.28981507         0.0                 0.0
3.455436594e-06     5.734292142e+09     3.733018636e+27     31.85365306         77.36288901         0.0                 0.0
3.512309704e-06     5.828742188e+09     3.813034145e+27     31.86912685         77.43716568         0.0                 0.0
3.570118888e-06     5.924749087e+09     3.894983072e+27     31.88485532         77.51266487         0.0                 0.0
3.628879556e-06     6.022338538e+09     3.978917698e+27     31.90084266         77.5894067          0.0                 0.0
3.688607367e-06     6.121532083e+09     4.06353256e+27      31.91497092         77.66076672         0.0                 0.0
3.749318239e-06     6.222360482e+09     4.150128685e+27     31.92926079         77.73307916         0.0                 0.0
3.811028353e-06     6.324850873e+09     4.238804395e+27     31.94378585         77.80658179         0.0                 0.0
3.873754154e-06     6.429030691e+09     4.329615636e+27     31.95854998         77.88129421         0.0                 0.0
3.937512362e-06     6.534927828e+09     4.42261999e+27      31.97355712         77.95723632         0.0                 0.0
4.002319967e-06     6.642569027e+09     4.517408563e+27     31.98831865         78.03220207         0.0                 0.0
4.068194242e-06     6.75198123e+09      4.613495669e+27     32.00229665         78.10376256         0.0                 0.0
4.135152743e-06     6.863196972e+09     4.711885636e+27     32.01650471         78.17650087         0.0                 0.0
4.203213315e-06     6.976246029e+09     4.812640307e+27     32.03094662         78.25043638         0.0                 0.0
4.272394098e-06     7.091158669e+09     4.91582334e+27      32.04562624         78.32558879         0.0                 0.0
4.342713529e-06     7.20796566e+09      5.021500259e+27     32.06054746         78.40197814         0.0                 0.0
4.41419035e-06      7.32669385e+09      5.128459054e+27     32.07681646         78.48187581         0.0                 0.0
4.486843609e-06     7.447377151e+09     5.237379994e+27     32.09386607         78.56413588         0.0                 0.0
4.560692669e-06     7.57004987e+09      5.348907177e+27     32.11119629         78.64774988         0.0                 0.0
4.635757213e-06     7.694744854e+09     5.4631105e+27       32.12881176         78.73274007         0.0                 0.0
4.712057246e-06     7.821495493e+09     5.580061904e+27     32.14671715         78.81912912         0.0                 0.0
4.789613102e-06     7.950335436e+09     5.699759136e+27     32.16484054         78.90661016         0.0                 0.0
4.868445453e-06     8.081292617e+09     5.820583682e+27     32.18151441         78.98801453         0.0                 0.0
4.948575307e-06     8.214408625e+09     5.944293384e+27     32.1984627          79.07075873         0.0                 0.0
5.03002402e-06      8.349719104e+09     6.070965483e+27     32.21568995         79.15486481         0.0                 0.0
5.112813299e-06     8.487260291e+09     6.20067948e+27      32.23320074         79.2403552          0.0                 0.0
5.196965209e-06     8.627069021e+09     6.333517201e+27     32.25099975         79.32725268         0.0                 0.0
5.282502177e-06     8.769179931e+09     6.468702007e+27     32.26820759         79.41245243         0.0                 0.0
5.369446999e-06     8.91362945e+09      6.605818286e+27     32.28436451         79.49433433         0.0                 0.0
5.457822849e-06     9.060460362e+09     6.746208532e+27     32.30078736         79.57756392         0.0                 0.0
5.547653279e-06     9.209711993e+09     6.88996039e+27      32.31748052         79.66216339         0.0                 0.0
5.63896223e-06      9.361424319e+09     7.037164067e+27     32.33444843         79.74815528         0.0                 0.0
5.731774037e-06     9.515637978e+09     7.187912415e+27     32.35169561         79.83556252         0.0                 0.0
5.826113435e-06     9.672387381e+09     7.34035222e+27      32.36726479         79.91846437         0.0                 0.0
5.922005568e-06     9.831718835e+09     7.495798676e+27     32.38246109         80.00082458         0.0                 0.0
6.019475992e-06     9.993677156e+09     7.654953011e+27     32.3979075          80.08454036         0.0                 0.0
6.118550683e-06     1.015830573e+10     7.817914397e+27     32.41360815         80.16963401         0.0                 0.0
6.219256047e-06     1.032564865e+10     7.984784909e+27     32.42956722         80.25612823         0.0                 0.0
6.321618923e-06     1.049574962e+10     8.155351717e+27     32.44602269         80.34431528         0.0                 0.0
6.425666592e-06     1.066864648e+10     8.327562513e+27     32.46453032         80.43600567         0.0                 0.0
6.531426784e-06     1.084439393e+10     8.503868302e+27     32.48334257         80.52920519         0.0                 0.0
6.638927685e-06     1.102303906e+10     8.684378321e+27     32.50246445         80.62393869         0.0                 0.0
6.748197946e-06     1.120462972e+10     8.869204993e+27     32.52190107         80.7202314          0.0                 0.0
6.859266689e-06     1.138921457e+10     9.058464025e+27     32.54165758         80.818109           0.0                 0.0
6.972163515e-06     1.157683782e+10     9.250900226e+27     32.56078023         80.91342268         0.0                 0.0
7.086918512e-06     1.176754881e+10     9.446385506e+27     32.57914884         81.00565257         0.0                 0.0
7.203562264e-06     1.196140428e+10     9.646522857e+27     32.59781978         81.09940048         0.0                 0.0
7.322125858e-06     1.215845617e+10     9.851436462e+27     32.61679803         81.19469139         0.0                 0.0
7.442640893e-06     1.235875727e+10     1.006125412e+28     32.63608864         81.29155069         0.0                 0.0
7.565139488e-06     1.256236127e+10     1.027610738e+28     32.65569675         81.3900042          0.0                 0.0
7.68965429e-06      1.276931212e+10     1.049310074e+28     32.67325189         81.48273068         0.0                 0.0
7.816218484e-06     1.297967319e+10     1.071463188e+28     32.69061625         81.57549967         0.0                 0.0
7.944865801e-06     1.319350293e+10     1.094142965e+28     32.7082664          81.66979554         0.0                 0.0
8.075630527e-06     1.341085864e+10     1.117363451e+28     32.72620706         81.76564343         0.0                 0.0
8.208547512e-06     1.363179857e+10     1.141139104e+28     32.744443           81.86306889         0.0                 0.0
8.343652182e-06     1.385637936e+10     1.165406958e+28     32.76322296         81.96235221         0.0                 0.0
8.480980542e-06     1.40846525e+10      1.189919032e+28     32.78335152         82.06435377         0.0                 0.0
8.620569192e-06     1.431668978e+10     1.215011469e+28     32.80381137         82.16803418         0.0                 0.0
8.762455336e-06     1.45525534e+10      1.240699692e+28     32.82460797         82.27342107         0.0                 0.0
8.906676786e-06     1.479230656e+10     1.266999573e+28     32.84574686         82.38054253         0.0                 0.0
9.053271981e-06     1.503601354e+10     1.293927449e+28     32.86723368         82.4894271          0.0                 0.0
9.20227999e-06      1.52837306e+10      1.321275671e+28     32.88785189         82.59473435         0.0                 0.0
9.353740524e-06     1.553552516e+10     1.34908623e+28      32.90779893         82.69733563         0.0                 0.0
9.507693951e-06     1.579147196e+10     1.377555771e+28     32.92807429         82.80162564         0.0                 0.0
9.664181301e-06     1.60516396e+10      1.406701818e+28     32.94868336         82.90763215         0.0                 0.0
9.82324428e-06      1.631609782e+10     1.436542407e+28     32.96963163         83.01538343         0.0                 0.0
9.984925279e-06     1.658491752e+10     1.467096098e+28     32.99092469         83.12490819         0.0                 0.0
1.014926739e-05     1.685815441e+10     1.497914807e+28     33.00978029         83.22733723         0.0                 0.0
1.031631441e-05     1.71358956e+10      1.529413441e+28     33.02866004         83.33053869         0.0                 0.0
1.048611086e-05     1.741821719e+10     1.561657671e+28     33.04785053         83.43543875         0.0                 0.0
1.0658702e-05       1.770519486e+10     1.594667308e+28     33.06735689         83.54206536         0.0                 0.0
1.083413382e-05     1.799690556e+10     1.628462738e+28     33.08718429         83.65044694         0.0                 0.0
1.101245307e-05     1.829342264e+10     1.662919564e+28     33.1077238          83.76070725         0.0                 0.0
1.119370729e-05     1.859481651e+10     1.697785909e+28     33.12967594         83.87304662         0.0                 0.0
1.137794477e-05     1.890118105e+10     1.733474914e+28     33.15198939         83.98723498         0.0                 0.0
1.156521462e-05     1.921259841e+10     1.770008378e+28     33.1746701          84.10330278         0.0                 0.0
1.175556675e-05     1.952915209e+10     1.80740873e+28      33.19772411         84.22128093         0.0                 0.0
1.194905189e-05     1.985092699e+10     1.845699053e+28     33.22115756         84.3412009          0.0                 0.0
1.21457216e-05      2.017799342e+10     1.884501292e+28     33.24290097         84.45638289         0.0                 0.0
1.234562831e-05     2.051044444e+10     1.92397355e+28      33.26374078         84.56938181         0.0                 0.0
1.254882528e-05     2.08483786e+10      1.964376101e+28     33.28492359         84.68424057         0.0                 0.0
1.275536668e-05     2.119188651e+10     2.005733573e+28     33.30645505         84.8009898          0.0                 0.0
1.296530755e-05     2.154106031e+10     2.048071303e+28     33.3283409          84.91966061         0.0                 0.0
1.317870384e-05     2.189599365e+10     2.091415368e+28     33.35058696         85.04028462         0.0                 0.0
1.339561243e-05     2.225675653e+10     2.135152468e+28     33.37088834         85.15229699         0.0                 0.0
1.361609111e-05     2.262346924e+10     2.179906572e+28     33.39148124         85.26595751         0.0                 0.0
1.384019867e-05     2.299623056e+10     2.225716283e+28     33.41241307         85.38148876         0.0                 0.0
1.406799481e-05     2.337514049e+10     2.272609562e+28     33.43368943         85.49892155         0.0                 0.0
1.429954025e-05     2.376030065e+10     2.320615183e+28     33.45531597         85.61828717         0.0                 0.0
1.453489671e-05     2.41518054e+10      2.369471577e+28     33.47739715         85.73940651         0.0                 0.0
1.47741269e-05      2.454975045e+10     2.418907177e+28     33.50003475         85.86210691         0.0                 0.0
1.501729459e-05     2.495425955e+10     2.469502812e+28     33.52304495         85.98682685         0.0                 0.0
1.526446459e-05     2.536544123e+10     2.521289071e+28     33.54643387         86.11359955         0.0                 0.0
1.551570275e-05     2.578340578e+10     2.574297428e+28     33.57020775         86.24245881         0.0                 0.0
1.577107606e-05     2.620826536e+10     2.628560269e+28     33.59437293         86.37343896         0.0                 0.0
1.603065255e-05     2.664010865e+10     2.683543865e+28     33.61713391         86.49837463         0.0                 0.0
1.629450143e-05     2.707906441e+10     2.739570411e+28     33.63948483         86.6217956          0.0                 0.0
1.656269299e-05     2.752526107e+10     2.796912655e+28     33.66220363         86.74724797         0.0                 0.0
1.683529873e-05     2.797881835e+10     2.855605314e+28     33.68529635         86.87476515         0.0                 0.0
1.71123913e-05      2.843985794e+10     2.915684109e+28     33.70876916         87.00438115         0.0                 0.0
1.739404453e-05     2.890850166e+10     2.977125443e+28     33.73262814         87.13604054         0.0                 0.0
1.76803335e-05      2.938484455e+10     3.038991495e+28     33.75687716         87.26835229         0.0                 0.0
1.797133451e-05     2.986904539e+10     3.102302794e+28     33.78152529         87.40284176         0.0                 0.0
1.826712511e-05     3.036123413e+10     3.167097297e+28     33.8065791          87.53954479         0.0                 0.0
1.856778414e-05     3.086154285e+10     3.23341406e+28      33.83204527         87.67849782         0.0                 0.0
1.887339172e-05     3.137010583e+10     3.301293264e+28     33.8579306          87.81973788         0.0                 0.0
1.91840293e-05      3.18870415e+10      3.370357546e+28     33.88308246         87.95803921         0.0                 0.0
1.949977967e-05     3.241247968e+10     3.440441621e+28     33.90699797         88.0911255          0.0                 0.0
1.982072699e-05     3.294658626e+10     3.512164145e+28     33.93130711         88.22640226         0.0                 0.0
2.014695678e-05     3.348950458e+10     3.585568178e+28     33.95601635         88.36390554         0.0                 0.0
2.0478556e-05       3.404138037e+10     3.660698026e+28     33.98113228         88.50367199         0.0                 0.0
2.081561302e-05     3.460236178e+10     3.737599275e+28     34.0066616          88.64573886         0.0                 0.0
2.115821766e-05     3.517256359e+10     3.815327988e+28     34.0297602          88.78030731         0.0                 0.0
2.150646124e-05     3.575216216e+10     3.89457557e+28      34.05239399         88.91417512         0.0                 0.0
2.186043658e-05     3.634132334e+10     3.975673483e+28     34.07540031         89.05024627         0.0                 0.0
2.2220238e-05       3.694020528e+10     4.0586703e+28       34.0987853          89.18855701         0.0                 0.0
2.25859614e-05      3.754896878e+10     4.143615999e+28     34.12255518         89.32914421         0.0                 0.0
2.295770425e-05     3.816777108e+10     4.230375328e+28     34.14675225         89.47170947         0.0                 0.0
2.333556562e-05     3.879674215e+10     4.317908987e+28     34.1715882          89.61437386         0.0                 0.0
2.371964622e-05     3.943609091e+10     4.40747764e+28      34.19683293         89.75938637         0.0                 0.0
2.411004842e-05     4.008598903e+10     4.499134503e+28     34.22249316         89.90678564         0.0                 0.0
2.450687625e-05     4.0746611e+10       4.592934326e+28     34.24857573         90.05661095         0.0                 0.0
2.491023548e-05     4.141813424e+10     4.688933433e+28     34.27508759         90.20890225         0.0                 0.0
2.532023361e-05     4.210070596e+10     4.786444175e+28     34.30224551         90.36196226         0.0                 0.0
2.573697991e-05     4.279450556e+10     4.885436679e+28     34.33007125         90.51571144         0.0                 0.0
2.616058544e-05     4.349975307e+10     4.986729328e+28     34.35835497         90.67199118         0.0                 0.0
2.659116311e-05     4.421663786e+10     5.090382244e+28     34.38710421         90.83084312         0.0                 0.0
2.702882766e-05     4.494535245e+10     5.196457278e+28     34.41632663         90.99230962         0.0                 0.0
2.747369575e-05     4.568609257e+10     5.305018062e+28     34.44603003         91.15643369         0.0                 0.0
2.792588593e-05     4.643900457e+10     5.414665223e+28     34.46962501         91.30220208         0.0                 0.0
2.838551872e-05     4.720433102e+10     5.526587601e+28     34.4924092          91.44654231         0.0                 0.0
2.885271661e-05     4.798228672e+10     5.641108895e+28     34.51556839         91.59325823         0.0                 0.0
2.932760413e-05     4.877308061e+10     5.758296999e+28     34.53910877         91.74238896         0.0                 0.0
2.981030783e-05     4.957692513e+10     5.878221755e+28     34.56303659         91.89397423         0.0                 0.0
3.030095636e-05     5.039400521e+10     5.999587077e+28     34.58815419         92.04940193         0.0                 0.0
3.079968049e-05     5.122444694e+10     6.118343914e+28     34.6167895          92.21264324         0.0                 0.0
3.130661312e-05     5.20685903e+10      6.239719467e+28     34.64589612         92.37857134         0.0                 0.0
3.182188938e-05     5.292666193e+10     6.363778877e+28     34.67548181         92.54723045         0.0                 0.0
3.234564658e-05     5.37988922e+10      6.490589091e+28     34.70555445         92.71866553         0.0                 0.0
3.28780243e-05      5.468551535e+10     6.620218912e+28     34.73612205         92.89292226         0.0                 0.0
3.341916445e-05     5.558676942e+10     6.754506904e+28     34.76485997         93.0612332          0.0                 0.0
3.396921123e-05     5.650289652e+10     6.893248659e+28     34.79224954         93.22543285         0.0                 0.0
3.452831125e-05     5.743414276e+10     7.03518896e+28      34.82008991         93.39233506         0.0                 0.0
3.509661351e-05     5.838075835e+10     7.180410819e+28     34.8483885          93.56198432         0.0                 0.0
3.567426946e-05     5.934299765e+10     7.328999623e+28     34.87715287         93.73442584         0.0                 0.0
3.626143307e-05     6.032111924e+10     7.481043205e+28     34.90639066         93.90970559         0.0                 0.0
3.685826082e-05     6.131529922e+10     7.634319963e+28     34.93215801         94.07341067         0.0                 0.0
3.746491177e-05     6.232587979e+10     7.790918771e+28     34.95801104         94.23857187         0.0                 0.0
3.80815476e-05      6.335313968e+10     7.951122086e+28     34.9842896          94.40645145         0.0                 0.0
3.870833265e-05     6.439735496e+10     8.115023321e+28     35.01100066         94.57709418         0.0                 0.0
3.934543397e-05     6.545880627e+10     8.282718559e+28     35.03815137         94.75054551         0.0                 0.0
3.999302136e-05     6.653774955e+10     8.453571576e+28     35.06577069         94.925314           0.0                 0.0
4.065126741e-05     6.763442533e+10     8.62644426e+28      35.09390098         95.09896978         0.0                 0.0
4.132034754e-05     6.874920208e+10     8.803281893e+28     35.12249427         95.27548377         0.0                 0.0
4.200044007e-05     6.988237941e+10     8.984186895e+28     35.15155817         95.45490301         0.0                 0.0
4.269172626e-05     7.103426191e+10     9.169264603e+28     35.18110044         95.63727531         0.0                 0.0
4.339439035e-05     7.220515927e+10     9.358623363e+28     35.21112894         95.82264928         0.0                 0.0
4.410861961e-05     7.339530577e+10     9.550369124e+28     35.24117132         96.00693282         0.0                 0.0
4.483460437e-05     7.46050512e+10      9.745356448e+28     35.2714334          96.19188057         0.0                 0.0
4.557253814e-05     7.583476529e+10     9.944807534e+28     35.30219356         96.37987239         0.0                 0.0
4.632261758e-05     7.708477861e+10     1.014883749e+29     35.33346001         96.57095837         0.0                 0.0
4.708504259e-05     7.835542723e+10     1.035756468e+29     35.36524107         96.76518944         0.0                 0.0
4.786001637e-05     7.964705283e+10     1.057111088e+29     35.39754521         96.96261736         0.0                 0.0
4.864774546e-05     8.095986984e+10     1.078611128e+29     35.4256675          97.14570447         0.0                 0.0
4.944843981e-05     8.22943572e+10      1.10059977e+29      35.45423437         97.3317368          0.0                 0.0
5.02623128e-05      8.365087422e+10     1.123090904e+29     35.48327143         97.52083104         0.0                 0.0
5.108958134e-05     8.502978562e+10     1.146097466e+29     35.51278641         97.71303759         0.0                 0.0
5.193046591e-05     8.643146225e+10     1.16963276e+29      35.54278717         97.90840768         0.0                 0.0
5.278519063e-05     8.785622683e+10     1.193581017e+29     35.57313715         98.10435394         0.0                 0.0
5.365398327e-05     8.930441285e+10     1.21783758e+29      35.60372104         98.29867595         0.0                 0.0
5.45370754e-05      9.077650623e+10     1.242646431e+29     35.63480832         98.49619632         0.0                 0.0
5.543470236e-05     9.227290284e+10     1.268021737e+29     35.66640726         98.69696767         0.0                 0.0
5.634710338e-05     9.379400515e+10     1.29397807e+29      35.69852629         98.90104353         0.0                 0.0
5.727452163e-05     9.534022232e+10     1.320530416e+29     35.73117397         99.10847827         0.0                 0.0
5.821720427e-05     9.691184753e+10     1.347363775e+29     35.76310314         99.31330019         0.0                 0.0
5.917540256e-05     9.850936962e+10     1.374671363e+29     35.79504688         99.51904114         0.0                 0.0
6.014937185e-05     1.001332666e+11     1.40259871e+29      35.82751639         99.72816839         0.0                 0.0
6.113937172e-05     1.017839753e+11     1.431161667e+29     35.8605203          99.94073766         0.0                 0.0
6.214566602e-05     1.034619397e+11     1.460376538e+29     35.89406744         100.1568056         0.0                 0.0
6.316852294e-05     1.051675977e+11     1.490228601e+29     35.927847           100.3750552         0.0                 0.0
6.420821509e-05     1.069012365e+11     1.520340471e+29     35.95794108         100.5786598         0.0                 0.0
6.526501956e-05     1.086634984e+11     1.551133286e+29     35.98853047         100.7856157         0.0                 0.0
6.633921799e-05     1.104548573e+11     1.582624405e+29     36.01962333         100.9959778         0.0                 0.0
6.743109668e-05     1.122757953e+11     1.614831675e+29     36.05122795         101.2098022         0.0                 0.0
6.854094663e-05     1.141268024e+11     1.647773449e+29     36.08335276         101.427146          0.0                 0.0
6.966906362e-05     1.160082859e+11     1.681237129e+29     36.11541662         101.6440328         0.0                 0.0
7.081574831e-05     1.179207146e+11     1.715146084e+29     36.14721619         101.8590708         0.0                 0.0
7.198130632e-05     1.19864721e+11      1.74982016e+29      36.17953916         102.0776481         0.0                 0.0
7.316604827e-05     1.218408284e+11     1.785278823e+29     36.21239412         102.2998229         0.0                 0.0
7.437028991e-05     1.238495684e+11     1.821542083e+29     36.24578985         102.5256545         0.0                 0.0
7.559435219e-05     1.258914819e+11     1.858630519e+29     36.27973524         102.7552031         0.0                 0.0
7.683856135e-05     1.279669208e+11     1.896092723e+29     36.31014946         102.972346          0.0                 0.0
7.810324897e-05     1.30076577e+11      1.934268433e+29     36.3399478          103.1886449         0.0                 0.0
7.938875211e-05     1.322210705e+11     1.973303734e+29     36.3702366          103.4085039         0.0                 0.0
8.069541338e-05     1.344009784e+11     2.013220449e+29     36.40102391         103.6319815         0.0                 0.0
8.202358101e-05     1.366168875e+11     2.054041016e+29     36.43231796         103.8591374         0.0                 0.0
8.337360899e-05     1.388693558e+11     2.095698095e+29     36.46398928         104.0885288         0.0                 0.0
8.47458571e-05      1.411587929e+11     2.137755351e+29     36.49536321         104.3127651         0.0                 0.0
8.614069108e-05     1.434860376e+11     2.180755874e+29     36.52725352         104.5406921         0.0                 0.0
8.755848267e-05     1.458517161e+11     2.224723519e+29     36.55966871         104.7723705         0.0                 0.0
8.899960971e-05     1.482564654e+11     2.269682815e+29     36.59261743         105.0078622         0.0                 0.0
9.04644563e-05      1.507009331e+11     2.315658976e+29     36.62610845         105.2472298         0.0                 0.0
9.195341284e-05     1.531856186e+11     2.362273683e+29     36.66073289         105.4899118         0.0                 0.0
9.346687614e-05     1.557111815e+11     2.409528829e+29     36.6965066          105.7359658         0.0                 0.0
9.500524957e-05     1.582784547e+11     2.457839686e+29     36.73286912         105.9860696         0.0                 0.0
9.656894312e-05     1.608881294e+11     2.507232857e+29     36.76983014         106.2402899         0.0                 0.0
9.815837354e-05     1.635409083e+11     2.557735684e+29     36.80739949         106.4986943         0.0                 0.0
9.977396443e-05     1.66237506e+11      2.609376279e+29     36.8455872          106.7613519         0.0                 0.0
0.0001014161464     1.689783436e+11     2.661523928e+29     36.87684185         106.9993267         0.0                 0.0
0.000103085357      1.717643994e+11     2.714726434e+29     36.90738412         107.2365125         0.0                 0.0
0.0001047820412     1.745964714e+11     2.769116459e+29     36.93842909         107.4776021         0.0                 0.0
0.0001065066512     1.774753225e+11     2.824723897e+29     36.96998503         107.7226598         0.0                 0.0
0.0001082596466     1.804017281e+11     2.881579482e+29     37.00206035         107.9717509         0.0                 0.0
0.0001100414946     1.833764002e+11     2.93949785e+29      37.03488499         108.2244595         0.0                 0.0
0.00011185267       1.863999353e+11     2.997927306e+29     37.06904335         108.4795985         0.0                 0.0
0.0001136936557     1.89473412e+11      3.057651943e+29     37.10376392         108.7389369         0.0                 0.0
0.0001155649421     1.925976582e+11     3.118704146e+29     37.13905596         109.0025437         0.0                 0.0
0.0001174670281     1.957735155e+11     3.181117201e+29     37.17492887         109.2704892         0.0                 0.0
0.0001194004206     1.990018398e+11     3.244925322e+29     37.21139222         109.5428449         0.0                 0.0
0.0001213656348     2.022832134e+11     3.30957071e+29      37.24703746         109.8114051         0.0                 0.0
0.0001233631945     2.056185787e+11     3.375208857e+29     37.28222418         110.0782848         0.0                 0.0
0.0001253936321     2.090090394e+11     3.442297927e+29     37.31799005         110.3495571         0.0                 0.0
0.0001274574888     2.124555089e+11     3.510874099e+29     37.35434459         110.6252944         0.0                 0.0
0.0001295553145     2.159589158e+11     3.580974557e+29     37.39129749         110.9055699         0.0                 0.0
0.0001316876683     2.195202042e+11     3.652637519e+29     37.42885859         111.1904586         0.0                 0.0
0.0001338551186     2.231398916e+11     3.724908619e+29     37.46191406         111.4561807         0.0                 0.0
0.0001360582431     2.268193433e+11     3.798702724e+29     37.49515936         111.7246271         0.0                 0.0
0.0001382976288     2.305595805e+11     3.874125798e+29     37.52895184         111.9974919         0.0                 0.0
0.0001405738726     2.343616111e+11     3.951218403e+29     37.56330051         112.2748477         0.0                 0.0
0.0001428875811     2.382264599e+11     4.030022229e+29     37.59821453         112.5567686         0.0                 0.0
0.000145239371      2.421550103e+11     4.110209632e+29     37.63296343         112.8388464         0.0                 0.0
0.0001476298691     2.461480822e+11     4.191264924e+29     37.66649311         113.114712          0.0                 0.0
0.0001500597125     2.50207123e+11      4.274099214e+29     37.70057466         113.3951181         0.0                 0.0
0.0001525295487     2.543332267e+11     4.358756547e+29     37.73521715         113.6801394         0.0                 0.0
0.000155040036      2.585275055e+11     4.445282185e+29     37.77042983         113.9698519         0.0                 0.0
0.0001575918434     2.627910902e+11     4.533722642e+29     37.80622207         114.2643327         0.0                 0.0
0.0001601856512     2.671247009e+11     4.623206365e+29     37.84082813         114.5530467         0.0                 0.0
0.0001628221504     2.7152968e+11       4.714153664e+29     37.8750491          114.8408049         0.0                 0.0
0.0001655020439     2.760074385e+11     4.807090849e+29     37.90983331         115.1332993         0.0                 0.0
0.0001682260458     2.805591835e+11     4.902067035e+29     37.94519004         115.430608          0.0                 0.0
0.0001709948821     2.851861421e+11     4.999132686e+29     37.98112871         115.73281           0.0                 0.0
0.0001738092907     2.898895557e+11     5.098322543e+29     38.01765651         116.0399134         0.0                 0.0
0.0001766700217     2.946700436e+11     5.198018983e+29     38.05455458         116.3450284         0.0                 0.0
0.0001795778376     2.995295187e+11     5.299880152e+29     38.09205996         116.6551654         0.0                 0.0
0.0001825335133     3.044692912e+11     5.403959063e+29     38.13018264         116.9704069         0.0                 0.0
0.0001855378365     3.09490693e+11      5.51031018e+29      38.16893278         117.290837          0.0                 0.0
0.000188591608      3.145950785e+11     5.618989461e+29     38.20832071         117.6165411         0.0                 0.0
0.0001916956415     3.197835313e+11     5.729474456e+29     38.24612065         117.936812          0.0                 0.0
0.0001948507644     3.250572146e+11     5.841356627e+29     38.28067794         118.2436999         0.0                 0.0
0.0001980578176     3.304180414e+11     5.95566375e+29      38.31580401         118.555639          0.0                 0.0
0.0002013176557     3.358674574e+11     6.072455105e+29     38.35150823         118.8727123         0.0                 0.0
0.0002046311475     3.414069324e+11     6.191791587e+29     38.3878001          119.1950043         0.0                 0.0
0.0002079991762     3.47037961e+11      6.313735757e+29     38.42468929         119.5226009         0.0                 0.0
0.0002114226394     3.527614256e+11     6.436855069e+29     38.45935871         119.8416356         0.0                 0.0
0.0002149024494     3.585792309e+11     6.562060908e+29     38.49352636         120.160628          0.0                 0.0
0.0002184395336     3.644931799e+11     6.689966782e+29     38.52825637         120.4848707         0.0                 0.0
0.0002220348349     3.705048677e+11     6.820638348e+29     38.563558           120.81445           0.0                 0.0
0.0002256893112     3.766159165e+11     6.954143045e+29     38.59944066         121.149454          0.0                 0.0
0.0002294039367     3.828278989e+11     7.088261488e+29     38.63490398         121.4821464         0.0002531123149     0.0
0.0002331797013     3.891417181e+11     7.199907641e+29     38.65995354         121.7351021         0.003266615532      0.0
0.0002370176113     3.95559883e+11      7.313224782e+29     38.68541539         121.9922211         0.006329718066      0.0
0.0002409186895     4.020841252e+11     7.428234885e+29     38.71129632         122.253572          0.009443236275      0.0
0.0002448839757     4.087162051e+11     7.5449601e+29       38.73760322         122.5192246         0.01260799995       0.0
0.0002489145266     4.154579128e+11     7.663422756e+29     38.76434311         122.7892495         0.01582485254       0.0
0.0002530114164     4.223103751e+11     7.759297156e+29     38.78536909         122.9993211         0.02164337618       0.0
0.000257175737      4.292752077e+11     7.824361338e+29     38.79893724         123.1311879         0.03078968955       0.0
0.0002614085983     4.363551398e+11     7.888417249e+29     38.81272872         123.2652251         0.04008654231       0.0
0.0002657111283     4.435520813e+11     7.95137929e+29      38.82674718         123.4014684         0.04953641217       0.0
0.0002700844738     4.508679741e+11     8.01315816e+29      38.84099638         123.5399541         0.05914181766       0.0
0.0002745298003     4.583047923e+11     8.073660724e+29     38.85548011         123.6807192         0.06890531873       0.0
0.0002790482925     4.658628684e+11     8.136862713e+29     38.86778628         123.8022261         0.07827696918       0.0
0.0002836411546     4.735454089e+11     8.19982888e+29      38.87969005         123.9203303         0.08766450959       0.0
0.0002883096108     4.813548907e+11     8.261476366e+29     38.89178973         124.0403785         0.09720655974       0.0
0.0002930549052     4.892934196e+11     8.321705305e+29     38.90408857         124.1624026         0.1069056627        0.0
0.0002978783025     4.973631366e+11     8.380411595e+29     38.91658984         124.286435          0.1167644034        0.0
0.0003027810882     5.05565855e+11      8.439032528e+29     38.92898628         124.4093929         0.1266146888        0.0
0.000307764569      5.139021662e+11     8.504352424e+29     38.93993301         124.5177826         0.1357180562        0.0
0.000312830073      5.223761891e+11     8.568305435e+29     38.95105991         124.6279563         0.1449712561        0.0
0.0003179789503     5.309902071e+11     8.630788016e+29     38.96236995         124.7399434         0.1543767546        0.0
0.000323212573      5.397465415e+11     8.691692227e+29     38.97386614         124.8537736         0.1639370584        0.0
0.0003285323361     5.486475528e+11     8.750905576e+29     38.98555155         124.9694774         0.1736547155        0.0
0.0003339396572     5.576944028e+11     8.815576587e+29     38.99669302         125.0814731         0.1828202677        0.0
0.0003394359776     5.668895244e+11     8.88562427e+29      39.0073254          125.1900335         0.1914669722        0.0
0.000345022762      5.762365203e+11     8.954334102e+29     39.01813278         125.3003807         0.2002559929        0.0
0.0003507014995     5.857379078e+11     9.021601398e+29     39.02911804         125.412544          0.2091896724        0.0
0.0003564737034     5.953962464e+11     9.087317006e+29     39.0402841          125.5265535         0.2182703915        0.0
0.0003623409121     6.05214138e+11      9.151367142e+29     39.05163394         125.6424395         0.2275005704        0.0
0.0003683046894     6.151920766e+11     9.226570908e+29     39.06227055         125.7517614         0.235723345         0.0
0.0003743666246     6.253344831e+11     9.302394753e+29     39.07295319         125.8616682         0.2439152494        0.0
0.0003805283334     6.356443862e+11     9.376943014e+29     39.08381166         125.9733839         0.2522419846        0.0
0.0003867914578     6.461245613e+11     9.45011094e+29      39.09484884         126.0869384         0.2607057697        0.0
0.0003931576672     6.567778302e+11     9.521789279e+29     39.10606769         126.2023618         0.2693088604        0.0
0.0003996286581     6.676064721e+11     9.595699317e+29     39.11728875         126.3184027         0.2777347984        0.0
0.0004062061552     6.786119822e+11     9.680968089e+29     39.12809124         126.4321131         0.2852454059        0.0
0.0004128919115     6.897992085e+11     9.765228558e+29     39.13907153         126.5476951         0.2928796308        0.0
0.0004196877089     7.011711608e+11     9.848384086e+29     39.15023254         126.6651794         0.3006395075        0.0
0.0004265953584     7.127308994e+11     9.930333787e+29     39.16157726         126.7845974         0.3085271042        0.0
0.000433616701      7.244815354e+11     1.001097237e+30     39.17310869         126.905981          0.3165445231        0.0
0.0004407536081     7.364246736e+11     1.009844174e+30     39.18404544         127.0208128         0.3240614133        0.0
0.0004480079817     7.485639094e+11     1.019061763e+30     39.19461669         127.1315896         0.3312622158        0.0
0.0004553817552     7.609035561e+11     1.028185352e+30     39.20536194         127.2441897         0.3385815365        0.0
0.0004628768938     7.734469323e+11     1.037205238e+30     39.21628404         127.3586431         0.346021326         0.0
0.0004704953951     7.861974124e+11     1.046111289e+30     39.22738591         127.4749802         0.3535835672        0.0
0.0004782392895     7.991584266e+11     1.054892926e+30     39.2386705          127.5932322         0.3612702755        0.0
0.0004861106407     8.123308771e+11     1.065333459e+30     39.24967252         127.7123216         0.3678305768        0.0
0.0004941115468     8.25720627e+11      1.075812956e+30     39.26083076         127.8333122         0.3744323197        0.0
0.0005022441399     8.393314089e+11     1.086230791e+30     39.27217265         127.9562943         0.3811427208        0.0
0.0005105105876     8.531668822e+11     1.09657818e+30      39.28370122         128.0813004         0.3879635685        0.0
0.0005189130929     8.672307676e+11     1.106845934e+30     39.29541953         128.2083641         0.3948966808        0.0
0.0005274538952     8.815260221e+11     1.117499756e+30     39.30701121         128.3342959         0.401631484         0.0
0.0005361352708     8.960553764e+11     1.129171704e+30     39.31807031         128.4550029         0.4077698155        0.0
0.0005449595334     9.108245433e+11     1.140812698e+30     39.32931143         128.5776967         0.4140091779        0.0
0.0005539290347     9.258374923e+11     1.152414825e+30     39.34073757         128.7024099         0.4203512341        0.0
0.0005630461652     9.410982589e+11     1.163969796e+30     39.35235177         128.8291758         0.4267976744        0.0
0.0005723133547     9.566109457e+11     1.175468933e+30     39.36415713         128.9580281         0.4333502168        0.0
0.0005817330732     9.723778222e+11     1.187959747e+30     39.37546613         129.0819707         0.4393721661        0.0
0.000591307831      9.884039598e+11     1.200970949e+30     39.38661249         129.2044029         0.4451708227        0.0
0.00060104018       1.004694594e+12     1.213979199e+30     39.3979423          129.3288503         0.4510649195        0.0
0.0006109327139     1.021254102e+12     1.226977242e+30     39.40945859         129.455346          0.4570560274        0.0
0.0006209880693     1.038086933e+12     1.239957467e+30     39.42116442         129.5839236         0.4631457431        0.0
0.000631208926      1.055197542e+12     1.25295713e+30      39.43304976         129.7145725         0.4693100627        0.0
0.0006415980079     1.072587679e+12     1.267776818e+30     39.44460045         129.8455588         0.4745438142        0.0
0.0006521580841     1.090264792e+12     1.282647836e+30     39.45634125         129.978701          0.4798637082        0.0
0.0006628919687     1.108233628e+12     1.297564636e+30     39.46827529         130.1140346         0.4852711624        0.0
0.0006738025226     1.126499015e+12     1.31252137e+30      39.48040576         130.2515957         0.4907676181        0.0
0.0006848926536     1.14506586e+12      1.32751187e+30      39.49273588         130.3914208         0.49635454          0.0
0.0006961653173     1.163938011e+12     1.34317246e+30      39.50494753         130.530882          0.5016949262        0.0
0.000707623518      1.183119737e+12     1.35994857e+30      39.5168372          130.6683016         0.5065724371        0.0
0.0007192703095     1.202617986e+12     1.376823863e+30     39.52892256         130.8079829         0.5115302272        0.0
0.0007311087958     1.222437995e+12     1.393794097e+30     39.54120683         130.9499633         0.5165696176        0.0
0.000743142132      1.242585088e+12     1.410854768e+30     39.5536933          131.0942806         0.5216919514        0.0
0.0007553735252     1.263064677e+12     1.428001096e+30     39.56638527         131.2409731         0.5268985939        0.0
0.0007678062351     1.283879963e+12     1.446402551e+30     39.57846246         131.3839983         0.531608675         0.0
0.0007804435753     1.305037901e+12     1.465358864e+30     39.59044775         131.5272312         0.5361907991        0.0
0.0007932889138     1.326544959e+12     1.484466211e+30     39.60263031         131.6728216         0.5408483404        0.0
0.000806345674      1.348406911e+12     1.503721736e+30     39.61501338         131.8208083         0.5455825404        0.0
0.0008196173357     1.37062963e+12      1.523122357e+30     39.62760026         131.9712307         0.5503946607        0.0
0.0008331074359     1.393218771e+12     1.542831491e+30     39.64033007         132.1230769         0.5552109458        0.0
0.0008468195701     1.41617778e+12      1.564244387e+30     39.65267914         132.267756          0.5594169948        0.0
0.0008607573925     1.439515601e+12     1.585877607e+30     39.66523147         132.4148164         0.5636922712        0.0
0.0008749246179     1.463238499e+12     1.607730392e+30     39.67799039         132.5642973         0.5680379144        0.0
0.000889325022      1.487352845e+12     1.629801826e+30     39.69095932         132.7162384         0.5724550828        0.0
0.0009039624427     1.511865114e+12     1.652090826e+30     39.70414169         132.8706804         0.5769449534        0.0
0.000918840781      1.536780353e+12     1.675354629e+30     39.71709684         133.0256625         0.5811739711        0.0
0.0009339640022     1.562104846e+12     1.699794423e+30     39.72973315         133.1807976         0.5850716348        0.0
0.0009493361368     1.587847171e+12     1.724532428e+30     39.74257745         133.3384862         0.5890334502        0.0
0.0009649612818     1.614014238e+12     1.7495701e+30       39.75563315         133.4987701         0.5930604733        0.0
0.0009808436013     1.640613073e+12     1.774908801e+30     39.76890374         133.6616922         0.5971537772        0.0
0.0009969873284     1.667650819e+12     1.800549802e+30     39.78239274         133.8272958         0.6013144529        0.0
0.001013396765      1.695131962e+12     1.827902907e+30     39.79547989         133.9921843         0.6049683066        0.0
0.001030076286      1.723065876e+12     1.855957762e+30     39.80863983         134.1590003         0.6085507954        0.0
0.001047030335      1.751460673e+12     1.884406978e+30     39.82201638         134.3285618         0.6121922484        0.0
0.001064263431      1.780323977e+12     1.913254809e+30     39.83561309         134.5009142         0.6158936362        0.0
0.001081780166      1.809663536e+12     1.942505504e+30     39.84943358         134.6761034         0.6196559452        0.0
0.001099585211      1.839486602e+12     1.972413587e+30     39.86328405         134.8524667         0.6233802935        0.0
0.001117683308      1.869798712e+12     2.003968611e+30     39.8764129          135.0235147         0.6266856864        0.0
0.001136079283      1.900610924e+12     2.036012832e+30     39.88975783         135.1973779         0.6300454829        0.0
0.001154778038      1.931931507e+12     2.0685533e+30       39.90332241         135.3741028         0.6334605784        0.0
0.001173784556      1.963768871e+12     2.101597149e+30     39.91711025         135.5537363         0.636931883         0.0
0.001193103902      1.996131563e+12     2.135151595e+30     39.93112502         135.7363265         0.6404603219        0.0
0.001212741227      2.029025959e+12     2.170010081e+30     39.94483984         135.9167401         0.6437518401        0.0
0.001232701762      2.062461002e+12     2.206143004e+30     39.95830886         136.0955181         0.6468353783        0.0
0.001252990828      2.096447656e+12     2.242884468e+30     39.97199956         136.2772386         0.6499696685        0.0
0.001273613832      2.130995044e+12     2.280244949e+30     39.98591559         136.4619501         0.653155546         0.0
0.001294576271      2.166112439e+12     2.31823511e+30      40.00006067         136.6497018         0.6563938599        0.0
0.001315883731      2.201809269e+12     2.356865803e+30     40.01443856         136.8405436         0.6596854733        0.0
0.001337541892      2.238091979e+12     2.397342154e+30     40.0279582          137.0248185         0.6625903128        0.0
0.001359556524      2.274972899e+12     2.438692442e+30     40.0415634          137.2109121         0.6654878048        0.0
0.001381933495      2.312462307e+12     2.480786121e+30     40.05539253         137.4000685         0.6684329868        0.0
0.00140467877       2.350570266e+12     2.523637512e+30     40.06944927         137.5923382         0.6714266436        0.0
0.00142779841       2.389307008e+12     2.567261238e+30     40.08373737         137.7877726         0.674469573         0.0
0.001451298576      2.428681948e+12     2.612058859e+30     40.09804332         137.9859102         0.677424889         0.0
0.001475185532      2.468703534e+12     2.658881052e+30     40.11191955         138.1857375         0.6800073825        0.0
0.001499465644      2.509385425e+12     2.706601015e+30     40.12602418         138.3888538         0.6826323814        0.0
0.001524145383      2.55073854e+12      2.755237743e+30     40.14036095         138.5953132         0.6853005851        0.0
0.001549231326      2.592773983e+12     2.804810684e+30     40.15493369         138.8051708         0.6880127049        0.0
0.00157473016       2.635503039e+12     2.855339752e+30     40.16974628         139.0184823         0.6907694636        0.0
0.001600648679      2.678934226e+12     2.907510231e+30     40.18410239         139.2256336         0.6933304236        0.0
0.001626993792      2.723080046e+12     2.961154227e+30     40.19823566         139.4298536         0.6957754117        0.0
0.00165377252       2.767954229e+12     3.015873288e+30     40.21260155         139.6374348         0.6982606418        0.0
0.001680991999      2.813568821e+12     3.071691487e+30     40.22720388         139.8484325         0.7007867764        0.0
0.001708659484      2.859936068e+12     3.128633502e+30     40.24204656         140.0629031         0.7033544887        0.0
0.00173678235       2.907068422e+12     3.186724637e+30     40.25713353         140.2809037         0.705964463         0.0
0.00176536809       2.954973858e+12     3.247022071e+30     40.2708223          140.4969754         0.7082071152        0.0
0.001794424323      3.003669516e+12     3.308611748e+30     40.28467453         140.7163963         0.7104712693        0.0
0.001823958793      3.053168637e+12     3.371485516e+30     40.29875475         140.9394285         0.7127726891        0.0
0.001853979372      3.103484512e+12     3.435673485e+30     40.31306672         141.1661317         0.715111988         0.0
0.001884494061      3.154630651e+12     3.501206557e+30     40.32761425         141.3965662         0.7174897895        0.0
0.001915510991      3.206619198e+12     3.56848112e+30      40.3420879          141.6281722         0.7197721493        0.0
0.00194703843       3.2594622e+12       3.637969217e+30     40.35613535         141.8580318         0.7218066882        0.0
0.00197908478       3.31317711e+12      3.708957946e+30     40.370414           142.0916746         0.7238747137        0.0
0.002011658581      3.36777835e+12      3.781483854e+30     40.38492767         142.3291629         0.7259767768        0.0
0.002044768515      3.423280582e+12     3.855584479e+30     40.39968022         142.57056           0.7281134378        0.0
0.002078423406      3.479698713e+12     3.931298385e+30     40.41467558         142.8159303         0.7302852662        0.0
0.002112632224      3.537044e+12        4.009094867e+30     40.42884652         143.0550337         0.7322763939        0.0
0.002147404086      3.595333677e+12     4.088813119e+30     40.4427434          143.2931919         0.7341977889        0.0
0.002182748258      3.654585181e+12     4.170299222e+30     40.45686901         143.53527           0.7361508081        0.0
0.002218674161      3.714814424e+12     4.253597399e+30     40.47122711         143.7813324         0.7381359721        0.0
0.002255191369      3.776037581e+12     4.338753104e+30     40.48582152         144.0314448         0.74015381          0.0
0.002292309615      3.838270881e+12     4.425835954e+30     40.50059777         144.28525           0.7421920757        0.0
0.002330038791      3.90152572e+12      4.515457684e+30     40.51414844         144.5325693         0.7439423108        0.0
0.002368388952      3.965824349e+12     4.607111303e+30     40.52792214         144.7839593         0.7457213531        0.0
0.002407370319      4.031184036e+12     4.700848736e+30     40.54192254         145.0394869         0.7475296767        0.0
0.002446993282      4.097622337e+12     4.796723372e+30     40.55615337         145.2992203         0.7493677635        0.0
0.0024872684        4.1651571e+12       4.894790115e+30     40.57061843         145.5632286         0.7512361034        0.0
0.002528206406      4.233803692e+12     4.995244527e+30     40.58468255         145.8268151         0.7530138162        0.0
0.002569818213      4.303578873e+12     5.098229263e+30     40.59799837         146.0874308         0.7546346888        0.0
0.002612114909      4.374505502e+12     5.203598292e+30     40.61153335         146.3523361         0.7562822394        0.0
0.002655107767      4.446602631e+12     5.311413733e+30     40.62529111         146.6216014         0.7579569071        0.0
0.002698808246      4.51988963e+12      5.421739487e+30     40.6392753          146.8952985         0.7596591381        0.0
0.002743227992      4.594386188e+12     5.534641289e+30     40.65348967         147.1735004         0.7613893862        0.0
0.002788378844      4.670107357e+12     5.650339468e+30     40.66688779         147.4472942         0.7629212673        0.0
0.002834272834      4.747076557e+12     5.768809309e+30     40.68016257         147.7226516         0.7644040831        0.0
0.002880922195      4.825316039e+12     5.890074395e+30     40.69365583         148.0025411         0.7659113046        0.0
0.002928339359      4.904846826e+12     6.014208791e+30     40.70737117         148.2870373         0.7674433335        0.0
0.002976536962      4.985690289e+12     6.141288709e+30     40.72131226         148.576216          0.7690005781        0.0
0.003025527852      5.067867256e+12     6.271339223e+30     40.73518531         148.8687417         0.7705558422        0.0
0.003075325083      5.151393431e+12     6.404062517e+30     40.74693221         149.1549025         0.7719181779        0.0
0.003125941928      5.236298149e+12     6.539949486e+30     40.75887245         149.4457731         0.7733029362        0.0
0.003177391877      5.322604227e+12     6.679084699e+30     40.77100921         149.7414312         0.7747104864        0.0
0.003229688642      5.410334858e+12     6.821555195e+30     40.78334573         150.0419556         0.7761412034        0.0
0.00328284616       5.499513624e+12     6.967450561e+30     40.7958853          150.3474263         0.7775954686        0.0
0.003336878599      5.590160458e+12     7.116545888e+30     40.80765318         150.6503505         0.7789641827        0.0
0.00339180036       5.682298926e+12     7.268872698e+30     40.8185079          150.9496893         0.7802315247        0.0
0.003447626079      5.775958213e+12     7.424874758e+30     40.82954129         151.2539549         0.7815197258        0.0
0.003504370634      5.871163495e+12     7.584651326e+30     40.84075628         151.5632285         0.7828291295        0.0
0.00356204915       5.967940365e+12     7.748304582e+30     40.85215585         151.8775924         0.7841600846        0.0
0.003620676997      6.066314842e+12     7.915939716e+30     40.86374305         152.1971304         0.785512946         0.0
0.003680269802      6.16630555e+12      8.086952337e+30     40.87451485         152.5066154         0.7866974594        0.0
0.003740843446      6.267945171e+12     8.261980909e+30     40.88525514         152.8180166         0.7878619109        0.0
0.003802414073      6.371262602e+12     8.441281734e+30     40.89617221         153.1345431         0.789045528         0.0
0.003864998092      6.47628562e+12      8.624971311e+30     40.90726897         153.4562793         0.7902486264        0.0
0.003928612183      6.583042467e+12     8.813169588e+30     40.91854836         153.783311          0.7914715266        0.0
0.0039932733        6.691559942e+12     9.005683074e+30     40.92947552         154.1128333         0.7926767718        0.0
0.004058998676      6.801860557e+12     9.201532033e+30     40.93823181         154.4351407         0.7937367326        0.0
0.004125805827      6.913982059e+12     9.402185071e+30     40.94713222         154.7627529         0.7948141394        0.0
0.004193712558      7.027954596e+12     9.607773718e+30     40.95617912         155.0957573         0.7959092792        0.0
0.004262736968      7.143808824e+12     9.818433408e+30     40.96537492         155.4342427         0.797022444         0.0
0.004332897452      7.261575905e+12     1.00343036e+31      40.97472208         155.7782991         0.7981539304        0.0
0.004404212709      7.381280874e+12     1.025440705e+31     40.98282028         156.119661          0.7991901963        0.0
0.004476701746      7.502956588e+12     1.047900026e+31     40.98987394         156.4596241         0.8001479315        0.0
0.004550383881      7.626641172e+12     1.070914252e+31     40.9970437          156.8051827         0.8011214302        0.0
0.004625278753      7.752367898e+12     1.094498664e+31     41.00433147         157.1564289         0.8021109516        0.0
0.00470140632       7.880170589e+12     1.118668999e+31     41.01173919         157.5134562         0.8031167597        0.0
0.004778786873      8.010083635e+12     1.143441464e+31     41.01926883         157.8763598         0.8041391223        0.0
0.004857441035      8.142130247e+12     1.168556647e+31     41.02454471         158.2208409         0.8050587441        0.0
0.004937389766      8.276355854e+12     1.194264003e+31     41.02965216         158.5683725         0.8059806648        0.0
0.005018654376      8.41279779e+12      1.220609344e+31     41.03484368         158.9216242         0.8069177594        0.0
0.005101256522      8.551492767e+12     1.247610302e+31     41.04012064         159.2806901         0.8078702776        0.0
0.005185218219      8.692478114e+12     1.275285035e+31     41.04548445         159.6456659         0.8088384734        0.0
0.005270561843      8.835787982e+12     1.303566723e+31     41.05025767         160.0121918         0.809771943         0.0
0.005357310139      8.981453595e+12     1.332308913e+31     41.05318055         160.3720868         0.8105768324        0.0
0.005445486228      9.129524593e+12     1.361766011e+31     41.05615154         160.7379053         0.8113949695        0.0
0.005535113609      9.280040828e+12     1.39195781e+31      41.05917143         161.1097448         0.8122265723        0.0
0.005626216169      9.433042816e+12     1.422904695e+31     41.06224103         161.4877044         0.8130718625        0.0
0.005718818189      9.588571749e+12     1.454627663e+31     41.06536115         161.8718849         0.8139310654        0.0
0.005812944347      9.746659302e+12     1.486854723e+31     41.06592306         162.247112          0.8147245862        0.0
0.005908619729      9.907351343e+12     1.519702823e+31     41.06488216         162.6190778         0.8154818565        0.0
0.006005869835      1.007069723e+13     1.553369559e+31     41.06382413         162.9971658         0.8162515907        0.0
0.006104720582      1.023674094e+13     1.587877631e+31     41.06274869         163.3814768         0.8170339939        0.0
0.006205198317      1.04055272e+13      1.623250418e+31     41.06165554         163.7721131         0.8178292748        0.0
0.006307329816      1.057710144e+13     1.659512002e+31     41.0605444          164.169179          0.8186376452        0.0
0.0064111423        1.075149122e+13     1.696169877e+31     41.05649051         164.5466274         0.8193250292        0.0
0.006516663436      1.092876084e+13     1.733729416e+31     41.05230425         164.9297011         0.8200207122        0.0
0.006623921347      1.110895845e+13     1.772227165e+31     41.04804908         165.3190799         0.8207278454        0.0
0.006732944619      1.129213259e+13     1.811689185e+31     41.04372387         165.7148674         0.8214466174        0.0
0.006843762307      1.147833261e+13     1.852142322e+31     41.03932748         166.1171693         0.8221772197        0.0
0.006956403945      1.166760166e+13     1.893397832e+31     41.0336465          166.5158535         0.8228822253        0.0
0.007070899555      1.185998325e+13     1.935252323e+31     41.02546072         166.9007328         0.8235239994        0.0
0.007187279651      1.205554268e+13     1.978150522e+31     41.01714021         167.2919467         0.8241763366        0.0
0.007305575249      1.225433263e+13     2.022121383e+31     41.00868275         167.6895997         0.8248394105        0.0
0.007425817878      1.245640667e+13     2.067194728e+31     41.00008609         168.0937976         0.825513398         0.0
0.007548039582      1.266181925e+13     2.113401274e+31     40.99134794         168.5046483         0.8261984787        0.0
0.007672272936      1.287060934e+13     2.160244616e+31     40.97947865         168.902173          0.8268077718        0.0
0.00779855105       1.308284142e+13     2.208021155e+31     40.96608927         169.2973324         0.8273884846        0.0
0.007926907578      1.329857972e+13     2.256989652e+31     40.95247951         169.6989957         0.8279787554        0.0
0.00805737673       1.351788239e+13     2.307183186e+31     40.93864574         170.10727           0.8285787414        0.0
0.008189993275      1.374080854e+13     2.35863583e+31      40.92458429         170.5222641         0.8291886026        0.0
0.00832479256       1.396741687e+13     2.411335801e+31     40.91006517         170.9421588         0.8298038466        0.0
0.008461810509      1.419774383e+13     2.464499711e+31     40.89120465         171.3339679         0.8303448018        0.0
0.00860108364       1.443187625e+13     2.518985892e+31     40.87203371         171.7322259         0.8308946605        0.0
0.00874264907       1.466987724e+13     2.574830949e+31     40.85254722         172.1370388         0.8314535694        0.0
0.008886544529      1.491181098e+13     2.632072584e+31     40.83274001         172.5485145         0.8320216773        0.0
0.009032808366      1.51577427e+13      2.690749629e+31     40.8126068          172.9667627         0.8325991358        0.0
0.009181479564      1.540772624e+13     2.750478179e+31     40.79004047         173.3771784         0.8331428217        0.0
0.009332597744      1.566182253e+13     2.811079282e+31     40.76406384         173.7730707         0.8336328826        0.0
0.009486203181      1.592011761e+13     2.873186638e+31     40.73765967         174.1754791         0.8341310093        0.0
0.009642336814      1.618268112e+13     2.936841925e+31     40.71082091         174.5845107         0.8346373348        0.0
0.009801040254      1.644958388e+13     3.002088067e+31     40.6835404          175.0002745         0.8351519938        0.0
0.009962355797      1.672089792e+13     3.068969275e+31     40.65581089         175.4228815         0.8356751237        0.0
0.01012632644       1.699667006e+13     3.136602847e+31     40.62369578         175.8181402         0.8361527885        0.0
0.01029299587       1.72769917e+13      3.205632052e+31     40.58986194         176.209514          0.8366219361        0.0
0.01046240852       1.756194617e+13     3.276375025e+31     40.55547123         176.6073294         0.8370988054        0.0
0.01063460954       1.785161037e+13     3.348879141e+31     40.52051449         177.0116925         0.8375835234        0.0
0.01080964482       1.814606245e+13     3.423193194e+31     40.48498239         177.422711          0.8380762195        0.0
0.01098756101       1.844537675e+13     3.499196018e+31     40.44817258         177.8343296         0.8385688953        0.0
0.01116840553       1.874960263e+13     3.575896191e+31     40.40596082         178.2100505         0.8390134077        0.0
0.01135222657       1.905885679e+13     3.654492909e+31     40.3630543          178.5919553         0.8394652364        0.0
0.01153907312       1.937322267e+13     3.735038434e+31     40.31944158         178.980146          0.8399245017        0.0
0.01172899498       1.969278513e+13     3.817586587e+31     40.27511104         179.3747259         0.8403913261        0.0
0.01192204278       2.001763045e+13     3.902192794e+31     40.23005086         179.7758002         0.8408658339        0.0
0.01211826795       2.034782452e+13     3.988171475e+31     40.18140926         180.1576332         0.8413196523        0.0
0.0123177228        2.068345353e+13     4.075480032e+31     40.12893056         180.518118          0.8417504664        0.0
0.01252046047       2.102463069e+13     4.164944712e+31     40.0755881          180.8845361         0.8421883713        0.0
0.01272653502       2.137144811e+13     4.256624871e+31     40.02136769         181.256985          0.8426334836        0.0
0.01293600134       2.172399944e+13     4.35058163e+31      39.96625485         181.635564          0.8430859221        0.0
0.01314891528       2.208237992e+13     4.446877937e+31     39.91023492         182.0203741         0.8435458072        0.0
0.01336533358       2.24466463e+13      4.544126659e+31     39.8478599          182.3614031         0.8439714303        0.0
0.01358531391       2.281692748e+13     4.643498197e+31     39.78344133         182.6986649         0.844396229         0.0
0.01380891489       2.319333072e+13     4.745321066e+31     39.71796249         183.0414776         0.8448280194        0.0
0.01403619614       2.35759577e+13      4.849662688e+31     39.65140593         183.3899328         0.8452669167        0.0
0.01426721821       2.396491179e+13     4.956592492e+31     39.58375392         183.7441231         0.8457130378        0.0
0.01450204267       2.436028634e+13     5.065807246e+31     39.513612           184.0910373         0.8461574364        0.0
0.01474073212       2.47621516e+13      5.176215576e+31     39.4368188          184.3913225         0.8465729474        0.0
0.01498335017       2.517066166e+13     5.28933822e+31      39.35876167         184.6965501         0.8469952973        0.0
0.01522996147       2.558592689e+13     5.405249626e+31     39.2794198          185.0068015         0.8474245986        0.0
0.01548063175       2.600805954e+13     5.524026456e+31     39.19877203         185.3221593         0.8478609658        0.0
0.01573542781       2.643717371e+13     5.645747656e+31     39.11679688         185.6427076         0.8483045152        0.0
0.01599441758       2.687334833e+13     5.76935621e+31      39.02927067         185.9276879         0.8487349726        0.0
0.01625767006       2.731670672e+13     5.895100115e+31     38.93697185         186.1849697         0.8491563439        0.0
0.01652525542       2.776739719e+13     6.023935394e+31     38.84315387         186.4464862         0.8495846506        0.0
0.01679724497       2.822554156e+13     6.155946839e+31     38.74779175         186.7123069         0.8500200068        0.0
0.0170737112        2.869126372e+13     6.291221764e+31     38.65086005         186.9825028         0.8504625285        0.0
0.0173547278        2.916468961e+13     6.429850081e+31     38.55233296         187.2571459         0.8509123337        0.0
0.01764036966       2.964587997e+13     6.569930593e+31     38.44477503         187.4615613         0.8513419659        0.0
0.0179307129        3.013502284e+13     6.713270657e+31     38.33477847         187.6625988         0.8517761819        0.0
0.01822583491       3.063225637e+13     6.860138391e+31     38.22297149         187.8669452         0.8522175448        0.0
0.01852581434       3.113771505e+13     7.010630633e+31     38.10932426         188.0746549         0.852666172         0.0
0.01883073114       3.165153563e+13     7.164847107e+31     37.99380652         188.2857833         0.8531221832        0.0
0.01914066657       3.217383435e+13     7.322290573e+31     37.87446345         188.475525          0.8535844359        0.0
0.01945570323       3.2704713e+13       7.482024393e+31     37.74806834         188.6026467         0.8540509544        0.0
0.01977592509       3.32443735e+13      7.645688816e+31     37.6195929          188.7318608         0.8545251514        0.0
0.02010141749       3.379296184e+13     7.813391732e+31     37.48900287         188.8632015         0.8550071531        0.0
0.02043226718       3.435062649e+13     7.985244242e+31     37.35626346         188.996704          0.8554970882        0.0
0.02076856233       3.491751839e+13     8.161360754e+31     37.22133929         189.1324038         0.8559950871        0.0
0.02111039256       3.549373029e+13     8.340493818e+31     37.07965446         189.2080462         0.8565019884        0.0
0.02145784899       3.607944006e+13     8.523255242e+31     36.93299748         189.248709          0.8570176433        0.0
0.02181102421       3.667484042e+13     8.710534341e+31     36.78392667         189.2900412         0.8575417854        0.0
0.02217001236       3.728009252e+13     8.902455574e+31     36.6324023          189.3320536         0.8580745544        0.0
0.02253490909       3.789536026e+13     9.099147111e+31     36.47838399         189.3747575         0.8586160922        0.0
0.02290581167       3.852081025e+13     9.300740949e+31     36.32183069         189.4181643         0.8591665432        0.0
0.02328281894       3.915651321e+13     9.505414473e+31     36.15561954         189.3566282         0.8597324367        0.0
0.02366603139       3.980273446e+13     9.715153509e+31     35.98661755         189.2932559         0.860307694         0.0
0.02405555113       4.045964974e+13     9.930113256e+31     35.81483394         189.2288406         0.8608924195        0.0
0.02445148199       4.112743698e+13     1.015043834e+32     35.64022295         189.1633651         0.861486769         0.0
0.02485392949       4.180627711e+13     1.037627772e+32     35.46273803         189.0968119         0.862090901         0.0
0.02526300088       4.249631114e+13     1.060726581e+32     35.28071742         188.9905599         0.8627151281        0.0
0.02567880518       4.31976854e+13      1.08430683e+32      35.09268471         188.8104387         0.8633685954        0.0
0.02610145321       4.391066753e+13     1.108478361e+32     34.90155718         188.6273527         0.8640328181        0.0
0.02653105762       4.463545071e+13     1.133257648e+32     34.70728387         188.4412534         0.8647079733        0.0
0.0269677329        4.537223136e+13     1.158661661e+32     34.50981301         188.2520911         0.8653942409        0.0
0.02741159543       4.612120923e+13     1.184707882e+32     34.30909197         188.0598153         0.8660918038        0.0
0.0278627635        4.688250001e+13     1.211368473e+32     34.10438557         187.7878368         0.8668343356        0.0
0.02832135735       4.765635646e+13     1.238686237e+32     33.89602733         187.4796546         0.8676029704        0.0
0.02878749921       4.844302338e+13     1.266698552e+32     33.68423972         187.1664            0.8683842562        0.0
0.02926131331       4.924271408e+13     1.295424981e+32     33.46896628         186.8479895         0.8691784011        0.0
0.02974292593       5.005564542e+13     1.324885674e+32     33.25014966         186.5243383         0.869985617         0.0
0.03023246542       5.088202878e+13     1.355105752e+32     33.02778111         186.1882758         0.8708093439        0.0
0.03073006225       5.172196602e+13     1.386164843e+32     32.80245108         185.7468825         0.8716920622        0.0
0.03123584904       5.257580973e+13     1.418025718e+32     32.57341235         185.2982243         0.8725893091        0.0
0.03174996059       5.344379154e+13     1.450711218e+32     32.34060386         184.8421817         0.8735013238        0.0
0.03227253391       5.432614694e+13     1.48424488e+32      32.10396356         184.378633          0.8744283494        0.0
0.03280370828       5.522311542e+13     1.518650957e+32     31.8634284          183.9074548         0.8753706329        0.0
0.03334362525       5.61348746e+13      1.554076636e+32     31.62286941         183.3935302         0.8763599517        0.0
0.03389242873       5.706164336e+13     1.590601002e+32     31.38371979         182.8234082         0.8774085655        0.0
0.03445026499       5.80037602e+13      1.628089803e+32     31.14063401         182.2439024         0.8784744383        0.0
0.03501728268       5.896148087e+13     1.666570968e+32     30.89354727         181.6548586         0.8795578544        0.0
0.03559363293       5.993506544e+13     1.706073289e+32     30.64239372         181.0561197         0.8806591025        0.0
0.03617946933       6.092477834e+13     1.746626442e+32     30.38710643         180.4475261         0.881778476         0.0
0.03677494804       6.193076736e+13     1.788761191e+32     30.14498277         179.8016152         0.8829956068        0.0
0.03738022774       6.295338668e+13     1.832175714e+32     29.90372345         179.1374492         0.884254925         0.0
0.03799546976       6.399294683e+13     1.876768554e+32     29.65849324         178.4623517         0.8855349704        0.0
0.03862083805       6.504973026e+13     1.922574499e+32     29.40922678         177.7761428         0.8868360841        0.0
0.0392564993        6.61240242e+13      1.969629417e+32     29.15585764         177.0786395         0.8881586129        0.0
0.03990262291       6.721609792e+13     2.018129693e+32     28.90344321         176.3741887         0.8895176959        0.0
0.04055938108       6.832612788e+13     2.068955145e+32     28.67828887         175.6859268         0.8909897872        0.0
0.04122694885       6.945455127e+13     2.121201558e+32     28.4494287          174.9863369         0.8924861078        0.0
0.04190550414       7.060167493e+13     2.174911716e+32     28.21680172         174.2752324         0.8940070563        0.0
0.04259522778       7.176781086e+13     2.230129753e+32     27.98034592         173.5524238         0.8955530381        0.0
0.0432963036        7.295327637e+13     2.28690119e+32      27.7399983          172.8177185         0.8971244653        0.0
0.04400891844       7.41586826e+13      2.319582348e+32     25.82173195         161.228425          0.9047385641        0.0
0.04473326222       7.538437983e+13     2.326246704e+32     22.18019683         138.4910272         0.9185585302        0.0
0.045469528         7.663042069e+13     2.331974842e+32     18.47872559         115.3793941         0.9326059595        0.0
0.04621791199       7.789714566e+13     2.336716641e+32     14.71633176         91.88736616         0.9468845957        0.0
0.04697861364       7.9184901e+13       2.340420002e+32     10.89201261         68.00868237         0.9613982443        0.0
0.04775183571       8.049403887e+13     2.343030777e+32     7.004748897         43.73697878         0.9761507733        0.0
0.04853778425       8.182354513e+13     2.381632315e+32     5.503928448         34.36599984         0.9774493685        0.0
0.04933666874       8.31748546e+13      2.427192567e+32     4.388777227         27.40310288         0.9764755499        0.0
0.05014870209       8.45485571e+13      2.473713807e+32     3.255271706         20.32560343         0.9754857032        0.0
0.05097410071       8.594502625e+13     2.52121886e+32      2.103109793         13.13161526         0.9744795647        0.0
0.05181308459       8.736464196e+13     2.569731158e+32     0.9319844202        5.819221078         0.9734568661        0.0
0.05266587732       8.880766868e+13     2.623788815e+32     0.0                 0.0                 0.9725765687        0.0
0.05353270619       9.027416091e+13     2.695946947e+32     0.0                 0.0                 0.9722655146        0.0
0.05441380221       9.176494964e+13     2.77025432e+32      0.0                 0.0                 0.9719493409        0.0
0.05530940021       9.328044005e+13     2.846778221e+32     0.0                 0.0                 0.9716279633        0.0
0.05621973888       9.482104418e+13     2.925588105e+32     0.0                 0.0                 0.9713012961        0.0
0.05714506084       9.638718102e+13     3.006755666e+32     0.0                 0.0                 0.9709692523        0.0
0.05808561269       9.79791964e+13      3.093330715e+32     0.0                 0.0                 0.9706453523        0.0
0.0590416451        9.95975388e+13      3.184826135e+32     0.0                 0.0                 0.9703263097        0.0
0.06001341287       1.012427067e+14     3.27917436e+32      0.0                 0.0                 0.9700020161        0.0
0.06100117499       1.02915148e+14      3.376467049e+32     0.0                 0.0                 0.9696723848        0.0
0.06200519471       1.04615318e+14      3.476798847e+32     0.0                 0.0                 0.9693373282        0.0
0.06302573961       1.063436798e+14     3.580267495e+32     0.0                 0.0                 0.9689967569        0.0
0.06406308169       1.081006234e+14     3.693786793e+32     0.0                 0.0                 0.9686749646        0.0
0.0651174974        1.098866987e+14     3.811495634e+32     0.0                 0.0                 0.9683496694        0.0
0.06618926776       1.117023982e+14     3.93303072e+32      0.0                 0.0                 0.96801902          0.0
0.06727867842       1.13548217e+14      4.058517719e+32     0.0                 0.0                 0.9676829286        0.0
0.06838601971       1.154246587e+14     4.188086443e+32     0.0                 0.0                 0.9673413053        0.0
0.06951158675       1.173322328e+14     4.324742873e+32     0.0                 0.0                 0.9670023117        0.0
0.07065567953       1.192714562e+14     4.473096199e+32     0.0                 0.0                 0.9666780927        0.0
0.07181860296       1.212428645e+14     4.626452542e+32     0.0                 0.0                 0.9663485374        0.0
0.07300066697       1.232469963e+14     4.784979253e+32     0.0                 0.0                 0.9660135579        0.0
0.0742021866        1.252843993e+14     4.948849258e+32     0.0                 0.0                 0.965673065         0.0
0.07542348207       1.273556306e+14     5.118241245e+32     0.0                 0.0                 0.9653269679        0.0
0.07666487887       1.294613372e+14     5.30213486e+32      0.0                 0.0                 0.9649951675        0.0
0.07792670784       1.316020637e+14     5.497251835e+32     0.0                 0.0                 0.9646688404        0.0
0.07920930529       1.337783537e+14     5.699159641e+32     0.0                 0.0                 0.9643371424        0.0
0.08051301304       1.359908033e+14     5.908088842e+32     0.0                 0.0                 0.9639999849        0.0
0.08183817854       1.382400192e+14     6.124277745e+32     0.0                 0.0                 0.9636572781        0.0
0.08318515497       1.4052662e+14       6.348088716e+32     0.0                 0.0                 0.9633091439        0.0
0.08455430132       1.428515288e+14     6.597953985e+32     0.0                 0.0                 0.9629883337        0.0
0.08594598248       1.452151009e+14     6.856756865e+32     0.0                 0.0                 0.9626622432        0.0
0.08736056935       1.476179859e+14     7.124804599e+32     0.0                 0.0                 0.9623307856        0.0
0.08879843894       1.500608443e+14     7.402414802e+32     0.0                 0.0                 0.9619938726        0.0
0.09025997446       1.525443482e+14     7.68991581e+32      0.0                 0.0                 0.9616514143        0.0
0.09174556542       1.550693827e+14     7.996459884e+32     0.0                 0.0                 0.9613161851        0.0
0.09325560775       1.576368112e+14     8.329760527e+32     0.0                 0.0                 0.9609980419        0.0
0.09479050391       1.602469996e+14     8.675240742e+32     0.0                 0.0                 0.9606746624        0.0
0.09635066296       1.629006682e+14     9.033323153e+32     0.0                 0.0                 0.9603459604        0.0
0.0979365007        1.655985499e+14     9.404444712e+32     0.0                 0.0                 0.9600118482        0.0
0.09954843978       1.683413902e+14     9.789057181e+32     0.0                 0.0                 0.9596722369        0.0
0.1011869098        1.711305875e+14     1.021083063e+33     0.0                 0.0                 0.9593540331        0.0
0.1028523474        1.739665568e+14     1.06573175e+33      0.0                 0.0                 0.959041032         0.0
0.1045451966        1.768498447e+14     1.112039379e+33     0.0                 0.0                 0.9587228793        0.0
0.1062659083        1.797812514e+14     1.160063923e+33     0.0                 0.0                 0.9583994901        0.0
0.1080149413        1.82761591e+14      1.209865329e+33     0.0                 0.0                 0.9580707782        0.0
0.1097927617        1.857918063e+14     1.261839284e+33     0.0                 0.0                 0.9577391491        9.056221958e-07
0.1115998432        1.888739662e+14     1.319616377e+33     0.0                 0.0                 0.9574306063        1.219504242e-05
0.1134366676        1.920076589e+14     1.379572696e+33     0.0                 0.0                 0.9571169852        2.367027547e-05
0.1153037242        1.951937592e+14     1.441784874e+33     0.0                 0.0                 0.9567982022        3.533437964e-05
0.1172015108        1.984331573e+14     1.506332158e+33     0.0                 0.0                 0.9564741724        4.719046357e-05
0.1191305332        2.017267588e+14     1.573296498e+33     0.0                 0.0                 0.9561448093        5.924168704e-05
0.1210913053        2.050763372e+14     1.644421505e+33     0.0                 0.0                 0.9557669023        0.0001536405643
0.1230843498        2.084831358e+14     1.720389908e+33     0.0                 0.0                 0.9553272376        0.0003553925004
0.1251101979        2.119470505e+14     1.79923171e+33      0.0                 0.0                 0.9548803365        0.0005604650761
0.1271693895        2.15469056e+14      1.88104807e+33      0.0                 0.0                 0.9544260799        0.000768912946
0.1292624734        2.190501443e+14     1.965943603e+33     0.0                 0.0                 0.9539643466        0.0009807916641
0.1313900073        2.226913247e+14     2.05402649e+33      0.0                 0.0                 0.9534950136        0.001196157699
0.1335525585        2.263957765e+14     2.150721263e+33     0.0                 0.0                 0.9530116084        0.00147215252
0.135750703         2.301630608e+14     2.252479599e+33     0.0                 0.0                 0.9525186189        0.001767329515
0.1379850269        2.339937128e+14     2.358115181e+33     0.0                 0.0                 0.9520175154        0.002067364836
0.1402561256        2.378888206e+14     2.46776492e+33      0.0                 0.0                 0.9515081641        0.002372338444
0.1425646043        2.418494917e+14     2.581570409e+33     0.0                 0.0                 0.9509904295        0.00268233162
0.1449110784        2.45877435e+14      2.701129129e+33     0.0                 0.0                 0.9504699693        0.002999296521
0.1472961731        2.499764849e+14     2.83329771e+33      0.0                 0.0                 0.9499727104        0.003331725393
0.1497205242        2.541447319e+14     2.97055268e+33      0.0                 0.0                 0.9494672671        0.00366962572
0.1521847777        2.583833723e+14     3.113074369e+33     0.0                 0.0                 0.9489535047        0.004013087556
0.1546895904        2.626936242e+14     3.261049284e+33     0.0                 0.0                 0.9484312863        0.004362202438
0.1572356298        2.670767274e+14     3.414670312e+33     0.0                 0.0                 0.9479004727        0.00471706341
0.1598235746        2.715366629e+14     3.580582477e+33     0.0                 0.0                 0.9473901037        0.005070572678
0.1624541144        2.760747717e+14     3.759123708e+33     0.0                 0.0                 0.9468992042        0.005423031262
0.1651279504        2.806898593e+14     3.944573228e+33     0.0                 0.0                 0.9464002251        0.00578129097
0.1678457951        2.853832687e+14     4.137176491e+33     0.0                 0.0                 0.9458930332        0.006145447283
0.1706083728        2.901563674e+14     4.33718736e+33      0.0                 0.0                 0.9453774934        0.006515597252
0.1734164199        2.95010548e+14      4.544868399e+33     0.0                 0.0                 0.9448534683        0.006891839529
0.1762706846        2.999537974e+14     4.775025087e+33     0.0                 0.0                 0.9443798364        0.007248690131
0.1791719278        3.049823083e+14     5.016318627e+33     0.0                 0.0                 0.9439071688        0.007607616794
0.1821209226        3.100966225e+14     5.266983507e+33     0.0                 0.0                 0.9434267215        0.007972451038
0.185118455         3.152982531e+14     5.527353187e+33     0.0                 0.0                 0.9429383665        0.008343290098
0.1881653239        3.205887415e+14     5.797772563e+33     0.0                 0.0                 0.9424419737        0.008720232806
0.1912623412        3.259719534e+14     6.083449838e+33     0.0                 0.0                 0.9419541453        0.009094519845
0.1944103324        3.314551906e+14     6.396804822e+33     0.0                 0.0                 0.941514829         0.009445032787
0.1976101365        3.370325947e+14     6.722394114e+33     0.0                 0.0                 0.941068282         0.009801314829
0.2008626062        3.427058456e+14     7.060653949e+33     0.0                 0.0                 0.9406143852        0.01016346093
0.2041686083        3.484766553e+14     7.412035538e+33     0.0                 0.0                 0.9401530178        0.01053156759
0.2075290241        3.543467683e+14     7.777005573e+33     0.0                 0.0                 0.9396840567        0.01090573294
0.210944749         3.6032603e+14       8.172093538e+33     0.0                 0.0                 0.9392516271        0.01125994082
0.2144166934        3.664143786e+14     8.59407162e+33      0.0                 0.0                 0.9388433414        0.01160152874
0.2179457826        3.726081704e+14     9.032535988e+33     0.0                 0.0                 0.9384283357        0.01194873886
0.2215329572        3.789093148e+14     9.488074644e+33     0.0                 0.0                 0.9380064994        0.01230166372
0.2251791731        3.853197581e+14     9.961295776e+33     0.0                 0.0                 0.9375777201        0.01266039738
0.2288854022        3.918414849e+14     1.045282844e+34     0.0                 0.0                 0.9371418835        0.01302503544
0.2326526322        3.984939474e+14     1.099669836e+34     0.0                 0.0                 0.9367701644        0.01335042016
0.2364818672        4.052636619e+14     1.156380796e+34     0.0                 0.0                 0.9363964199        0.01367856233
0.2403741276        4.121517986e+14     1.215306636e+34     0.0                 0.0                 0.936016524         0.01401210541
0.2443304508        4.19160539e+14      1.276526343e+34     0.0                 0.0                 0.9356303753        0.01435113827
0.2483518912        4.26292108e+14      1.340121614e+34     0.0                 0.0                 0.935237871         0.01469575129
0.2524395206        4.335561304e+14     1.407530374e+34     0.0                 0.0                 0.9348610835        0.01503113877
0.2565944284        4.409651645e+14     1.480724814e+34     0.0                 0.0                 0.9345292127        0.0153377073
0.2608177219        4.485052087e+14     1.556784334e+34     0.0                 0.0                 0.9341918797        0.01564932165
0.2651105267        4.561787202e+14     1.635811198e+34     0.0                 0.0                 0.9338489946        0.01596606486
0.2694739868        4.639882066e+14     1.71791118e+34      0.0                 0.0                 0.9335004658        0.01628802136
0.2739092653        4.71936227e+14      1.803193685e+34     0.0                 0.0                 0.9331462007        0.01661527695
0.2784175441        4.800468397e+14     1.895598972e+34     0.0                 0.0                 0.9328319666        0.01691547664
0.2830000247        4.883135289e+14     1.993605585e+34     0.0                 0.0                 0.932536123         0.01720394962
0.2876579285        4.967284131e+14     2.095442542e+34     0.0                 0.0                 0.9322354101        0.01749717057
0.2923924969        5.052943343e+14     2.201246475e+34     0.0                 0.0                 0.9319297477        0.01779521766
0.2972049916        5.140141944e+14     2.311158706e+34     0.0                 0.0                 0.9316190545        0.0180981703
0.3020966953        5.228918134e+14     2.425474001e+34     0.0                 0.0                 0.9313045469        0.01840514087
0.3070689116        5.31971165e+14      2.551448078e+34     0.0                 0.0                 0.9310471976        0.01867070721
0.3121229658        5.412156543e+14     2.682351579e+34     0.0                 0.0                 0.9307856126        0.01894064452
0.3172602048        5.506285204e+14     2.818360425e+34     0.0                 0.0                 0.9305197222        0.01921502473
0.3224819976        5.602130731e+14     2.959656579e+34     0.0                 0.0                 0.9302494555        0.01949392097
0.3277897361        5.699726942e+14     3.106428249e+34     0.0                 0.0                 0.9299747405        0.01977740757
0.3331848348        5.799315918e+14     3.262395856e+34     0.0                 0.0                 0.929716705         0.02004873067
0.3386687316        5.901084592e+14     3.430336709e+34     0.0                 0.0                 0.9294894839        0.02029668788
0.3442428879        6.004737955e+14     3.604833375e+34     0.0                 0.0                 0.9292585229        0.02054872622
0.3499087894        6.110313984e+14     3.786119599e+34     0.0                 0.0                 0.9290237605        0.02080491286
0.355667946         6.217851514e+14     3.974437148e+34     0.0                 0.0                 0.9287851342        0.02106531609
0.3615218928        6.327390259e+14     4.170036083e+34     0.0                 0.0                 0.9285425803        0.02133000529
0.3674721898        6.439501807e+14     4.382023698e+34     0.0                 0.0                 0.9283307569        0.0215690971
0.3735204229        6.553917372e+14     4.605495994e+34     0.0                 0.0                 0.9281279468        0.02180134106
0.379668204         6.670495811e+14     4.837669522e+34     0.0                 0.0                 0.9279217986        0.02203740753
0.3859171716        6.789282005e+14     5.078854206e+34     0.0                 0.0                 0.9277122575        0.02227735942
0.392268991         6.910321883e+14     5.329370606e+34     0.0                 0.0                 0.9274992675        0.02252126068
0.3987253552        7.033749989e+14     5.590986713e+34     0.0                 0.0                 0.9272862004        0.02276581009
0.4052879849        7.16038546e+14      5.876697138e+34     0.0                 0.0                 0.9271025391        0.02298206867
0.411958629         7.289465887e+14     6.173538385e+34     0.0                 0.0                 0.926915855         0.02320188665
0.4187390654        7.421043479e+14     6.481907007e+34     0.0                 0.0                 0.9267260983        0.02342532261
0.4256311011        7.555171705e+14     6.802213161e+34     0.0                 0.0                 0.9265332183        0.02365243612
0.432636573         7.691905323e+14     7.134881075e+34     0.0                 0.0                 0.9263371637        0.02388328769
0.4397573482        7.831846096e+14     7.48918496e+34      0.0                 0.0                 0.926148474         0.02410464886
0.4469953243        7.975207579e+14     7.868106315e+34     0.0                 0.0                 0.9259695625        0.02431348723
0.4543524305        8.121408463e+14     8.26174932e+34      0.0                 0.0                 0.9257877062        0.02452576288
0.4618306274        8.270511406e+14     8.670637889e+34     0.0                 0.0                 0.9256028568        0.02474153238
0.4694319082        8.422580625e+14     9.0953139e+34       0.0                 0.0                 0.925414965         0.02496085324
0.4771582986        8.577681943e+14     9.53633781e+34      0.0                 0.0                 0.9252239806        0.0251837839
0.4850118578        8.737156047e+14     1.001467956e+35     0.0                 0.0                 0.9250366432        0.02539255819
0.4929946789        8.900165474e+14     1.051641932e+35     0.0                 0.0                 0.9248478141        0.02560058998
0.5011088895        9.066495251e+14     1.103759884e+35     0.0                 0.0                 0.9246558771        0.02581204577
0.5093566521        9.23622118e+14      1.157890919e+35     0.0                 0.0                 0.924460781         0.02602698192
0.5177401647        9.409421015e+14     1.214106513e+35     0.0                 0.0                 0.9242624738        0.02624545571
0.5262616618        9.586512334e+14     1.273015976e+35     0.0                 0.0                 0.9240593742        0.0264653008
0.5349234144        9.76895223e+14      1.336875336e+35     0.0                 0.0                 0.923845381         0.02667777482
0.543727731         9.95521319e+14      1.403209789e+35     0.0                 0.0                 0.9236278658        0.02689374597
0.552676958         1.014538526e+15     1.472107335e+35     0.0                 0.0                 0.9234067704        0.02711327178
0.5617734806        1.033956089e+15     1.543658989e+35     0.0                 0.0                 0.9231820361        0.02733641078
0.571019723         1.053783494e+15     1.617958888e+35     0.0                 0.0                 0.9229536028        0.02756322243
0.5804181495        1.074167997e+15     1.697262237e+35     0.0                 0.0                 0.9227059763        0.02779221052
0.589971265         1.095115064e+15     1.781598549e+35     0.0                 0.0                 0.9224403453        0.02802356264
0.5996816154        1.116515338e+15     1.869194845e+35     0.0                 0.0                 0.9221703422        0.02825872259
0.6095517887        1.138379877e+15     1.960166907e+35     0.0                 0.0                 0.9218958952        0.02849775305
0.6195844154        1.160720041e+15     2.054634485e+35     0.0                 0.0                 0.921616931         0.02874071771
0.6297821693        1.183547499e+15     2.152721431e+35     0.0                 0.0                 0.9213333753        0.02898768133
0.6401477682        1.207172889e+15     2.259190789e+35     0.0                 0.0                 0.9209985215        0.02924666225
0.6506839748        1.231364162e+15     2.370382508e+35     0.0                 0.0                 0.9206520958        0.02951093932
0.6613935971        1.256097056e+15     2.485860569e+35     0.0                 0.0                 0.9202999682        0.02977956613
0.6722794893        1.281385245e+15     2.605777042e+35     0.0                 0.0                 0.9199420449        0.03005261428
0.6833445526        1.307242789e+15     2.730289205e+35     0.0                 0.0                 0.9195782306        0.03033015653
0.6945917361        1.333787795e+15     2.861148023e+35     0.0                 0.0                 0.9191891661        0.03061778123
0.7060240372        1.361265819e+15     3.002056738e+35     0.0                 0.0                 0.9187335122        0.03092737001
0.7176445028        1.389379479e+15     3.14839836e+35      0.0                 0.0                 0.9182703587        0.03124205432
0.7294562299        1.418145323e+15     3.30036565e+35      0.0                 0.0                 0.9177995821        0.03156191803
0.7414623665        1.447580374e+15     3.458157971e+35     0.0                 0.0                 0.9173210569        0.03188704638
0.7536661123        1.477702143e+15     3.62198151e+35      0.0                 0.0                 0.9168346557        0.03221752603
0.7660707199        1.508857961e+15     3.797016271e+35     0.0                 0.0                 0.916274248         0.03257657105
0.7786794952        1.540976416e+15     3.982126208e+35     0.0                 0.0                 0.915660643         0.03295693341
0.7914957987        1.573865262e+15     4.174352329e+35     0.0                 0.0                 0.9150369388        0.03334355616
0.8045230459        1.607545202e+15     4.37394682e+35      0.0                 0.0                 0.9144029689        0.03373654235
0.8177647089        1.642037547e+15     4.5811705e+35       0.0                 0.0                 0.9137585645        0.03413599671
0.8312243168        1.677364232e+15     4.796293112e+35     0.0                 0.0                 0.9131035539        0.03454202569
0.8449054566        1.714234093e+15     5.02975469e+35      0.0                 0.0                 0.9122982204        0.03500931231
0.8588117747        1.7520473e+15       5.27261812e+35      0.0                 0.0                 0.9114738092        0.03548656726
0.8729469771        1.790801443e+15     5.524791683e+35     0.0                 0.0                 0.9106358289        0.03597167736
0.8873148311        1.830522581e+15     5.786604943e+35     0.0                 0.0                 0.9097840564        0.0364647719
0.901919166         1.871237554e+15     6.058398741e+35     0.0                 0.0                 0.9089182645        0.0369659823
0.916763874         1.913254243e+15     6.344559709e+35     0.0                 0.0                 0.9079802485        0.0374997243
0.9318529113        1.956949541e+15     6.650468016e+35     0.0                 0.0                 0.9069016787        0.03809465518
0.9471902995        2.001769091e+15     6.968098285e+35     0.0                 0.0                 0.9058053566        0.03869937803
0.962780126         2.047744843e+15     7.297865383e+35     0.0                 0.0                 0.9046909901        0.03931405404
0.9786265459        2.094909716e+15     7.64019837e+35      0.0                 0.0                 0.9035582823        0.03993884701
0.9947337824        2.143297632e+15     7.99554098e+35      0.0                 0.0                 0.9024069311        0.04057392346
1.011106128         2.193393545e+15     8.370721892e+35     0.0                 0.0                 0.9011530226        0.04125574097
1.027747947         2.245180917e+15     8.765439071e+35     0.0                 0.0                 0.8998053153        0.04198077189
1.044663674         2.298510467e+15     9.177429233e+35     0.0                 0.0                 0.8983961667        0.04273514074
1.061857817         2.353542987e+15     9.609037961e+35     0.0                 0.0                 0.8969185367        0.04352215377
1.079334958         2.410217247e+15     1.005919248e+36     0.0                 0.0                 0.8953757889        0.04434040051
1.097099757         2.46875503e+15      1.053110705e+36     0.0                 0.0                 0.8937560704        0.0451954387
1.115156947         2.529069095e+15     1.102330963e+36     0.0                 0.0                 0.8920671215        0.04608384702
1.13351134          2.591347884e+15     1.15385538e+36      0.0                 0.0                 0.8903000581        0.04700983605
1.152167829         2.655556597e+15     1.207611285e+36     0.0                 0.0                 0.8884581045        0.04797203437
1.171131385         2.721861204e+15     1.263836554e+36     0.0                 0.0                 0.8865341392        0.04897385823
1.190407063         2.790335729e+15     1.322622798e+36     0.0                 0.0                 0.8845263612        0.05001621951
1.21                2.860994329e+15     1.383973751e+36     0.0                 0.0                 0.8824357           0.05109886
